ISO-10303-21;
HEADER;
FILE_DESCRIPTION(('Open CASCADE Model'),'2;1');
FILE_NAME('Open CASCADE Shape Model','2026-08-24T20:14:11',('Author'),(
    'Open CASCADE'),'Open CASCADE STEP processor 7.7','Open CASCADE 7.7'
  ,'Unknown');
FILE_SCHEMA(('CONFIG_CONTROL_DESIGN'));
ENDSEC;
DATA;
#1 = APPLICATION_PROTOCOL_DEFINITION('international standard',
  'config_control_design',1994,#2);
#2 = APPLICATION_CONTEXT(
'configuration controlled 3D designs of mechanical parts and assemblies'
  );
#3 = SHAPE_DEFINITION_REPRESENTATION(#4,#10);
#4 = PRODUCT_DEFINITION_SHAPE('','',#5);
#5 = PRODUCT_DEFINITION('design','',#6,#9);
#6 = PRODUCT_DEFINITION_FORMATION_WITH_SPECIFIED_SOURCE('','',#7,
  .NOT_KNOWN.);
#7 = PRODUCT('Open CASCADE STEP translator 7.7 118',
  'Open CASCADE STEP translator 7.7 118','',(#8));
#8 = MECHANICAL_CONTEXT('',#2,'mechanical');
#9 = DESIGN_CONTEXT('',#2,'design');
#10 = SHAPE_REPRESENTATION('',(#11,#15,#19,#23,#27),#31);
#11 = AXIS2_PLACEMENT_3D('',#12,#13,#14);
#12 = CARTESIAN_POINT('',(0.,0.,0.));
#13 = DIRECTION('',(0.,0.,1.));
#14 = DIRECTION('',(1.,0.,-0.));
#15 = AXIS2_PLACEMENT_3D('',#16,#17,#18);
#16 = CARTESIAN_POINT('',(0.,0.,0.));
#17 = DIRECTION('',(0.,0.,1.));
#18 = DIRECTION('',(1.,0.,-0.));
#19 = AXIS2_PLACEMENT_3D('',#20,#21,#22);
#20 = CARTESIAN_POINT('',(0.,0.,0.));
#21 = DIRECTION('',(0.,0.,1.));
#22 = DIRECTION('',(1.,0.,-0.));
#23 = AXIS2_PLACEMENT_3D('',#24,#25,#26);
#24 = CARTESIAN_POINT('',(0.,0.,0.));
#25 = DIRECTION('',(0.,0.,1.));
#26 = DIRECTION('',(1.,0.,-0.));
#27 = AXIS2_PLACEMENT_3D('',#28,#29,#30);
#28 = CARTESIAN_POINT('',(0.,0.,0.));
#29 = DIRECTION('',(0.,0.,1.));
#30 = DIRECTION('',(1.,0.,-0.));
#31 = ( GEOMETRIC_REPRESENTATION_CONTEXT(3) 
GLOBAL_UNCERTAINTY_ASSIGNED_CONTEXT((#35)) GLOBAL_UNIT_ASSIGNED_CONTEXT(
(#32,#33,#34)) REPRESENTATION_CONTEXT('Context #1',
  '3D Context with UNIT and UNCERTAINTY') );
#32 = ( LENGTH_UNIT() NAMED_UNIT(*) SI_UNIT(.MILLI.,.METRE.) );
#33 = ( NAMED_UNIT(*) PLANE_ANGLE_UNIT() SI_UNIT($,.RADIAN.) );
#34 = ( NAMED_UNIT(*) SI_UNIT($,.STERADIAN.) SOLID_ANGLE_UNIT() );
#35 = UNCERTAINTY_MEASURE_WITH_UNIT(LENGTH_MEASURE(1.E-07),#32,
  'distance_accuracy_value','confusion accuracy');
#36 = PRODUCT_RELATED_PRODUCT_CATEGORY('detail',$,(#7));
#37 = PRODUCT_CATEGORY_RELATIONSHIP('','',#38,#36);
#38 = PRODUCT_CATEGORY('part',$);
#39 = CC_DESIGN_PERSON_AND_ORGANIZATION_ASSIGNMENT(#40,#43,(#6,#5));
#40 = PERSON_AND_ORGANIZATION(#41,#42);
#41 = PERSON('IP127.0.0,root','','root',$,$,$);
#42 = ORGANIZATION('IP127.0.0','Unspecified','');
#43 = PERSON_AND_ORGANIZATION_ROLE('creator');
#44 = CC_DESIGN_PERSON_AND_ORGANIZATION_ASSIGNMENT(#40,#45,(#7));
#45 = PERSON_AND_ORGANIZATION_ROLE('design_owner');
#46 = CC_DESIGN_PERSON_AND_ORGANIZATION_ASSIGNMENT(#40,#47,(#6));
#47 = PERSON_AND_ORGANIZATION_ROLE('design_supplier');
#48 = CC_DESIGN_PERSON_AND_ORGANIZATION_ASSIGNMENT(#40,#49,(#50));
#49 = PERSON_AND_ORGANIZATION_ROLE('classification_officer');
#50 = SECURITY_CLASSIFICATION('','',#51);
#51 = SECURITY_CLASSIFICATION_LEVEL('unclassified');
#52 = CC_DESIGN_SECURITY_CLASSIFICATION(#50,(#6));
#53 = CC_DESIGN_DATE_AND_TIME_ASSIGNMENT(#54,#58,(#5));
#54 = DATE_AND_TIME(#55,#56);
#55 = CALENDAR_DATE(2026,24,8);
#56 = LOCAL_TIME(20,13,$,#57);
#57 = COORDINATED_UNIVERSAL_TIME_OFFSET(8,$,.AHEAD.);
#58 = DATE_TIME_ROLE('creation_date');
#59 = CC_DESIGN_DATE_AND_TIME_ASSIGNMENT(#54,#60,(#50));
#60 = DATE_TIME_ROLE('classification_date');
#61 = CC_DESIGN_APPROVAL(#62,(#6,#5,#50));
#62 = APPROVAL(#63,'');
#63 = APPROVAL_STATUS('not_yet_approved');
#64 = APPROVAL_PERSON_ORGANIZATION(#40,#62,#65);
#65 = APPROVAL_ROLE('approver');
#66 = APPROVAL_DATE_TIME(#54,#62);
#67 = SHAPE_DEFINITION_REPRESENTATION(#68,#74);
#68 = PRODUCT_DEFINITION_SHAPE('','',#69);
#69 = PRODUCT_DEFINITION('design','',#70,#73);
#70 = PRODUCT_DEFINITION_FORMATION_WITH_SPECIFIED_SOURCE('','',#71,
  .NOT_KNOWN.);
#71 = PRODUCT('Open CASCADE STEP translator 7.7 118.1',
  'Open CASCADE STEP translator 7.7 118.1','',(#72));
#72 = MECHANICAL_CONTEXT('',#2,'mechanical');
#73 = DESIGN_CONTEXT('',#2,'design');
#74 = ADVANCED_BREP_SHAPE_REPRESENTATION('',(#11,#75),#633);
#75 = MANIFOLD_SOLID_BREP('',#76);
#76 = CLOSED_SHELL('',(#77,#199,#282,#360,#437,#465,#498,#548,#598,#626)
  );
#77 = ADVANCED_FACE('',(#78),#92,.T.);
#78 = FACE_BOUND('',#79,.F.);
#79 = EDGE_LOOP('',(#80,#115,#144,#172));
#80 = ORIENTED_EDGE('',*,*,#81,.T.);
#81 = EDGE_CURVE('',#82,#84,#86,.T.);
#82 = VERTEX_POINT('',#83);
#83 = CARTESIAN_POINT('',(-0.641974791163,-1.5873015E-02,0.649933980581)
  );
#84 = VERTEX_POINT('',#85);
#85 = CARTESIAN_POINT('',(-0.641974791163,-0.126984179,0.649933980581));
#86 = SURFACE_CURVE('',#87,(#91,#103),.PCURVE_S1.);
#87 = LINE('',#88,#89);
#88 = CARTESIAN_POINT('',(-0.641974791163,-1.5873015E-02,0.649933980581)
  );
#89 = VECTOR('',#90,1.);
#90 = DIRECTION('',(0.,-1.,0.));
#91 = PCURVE('',#92,#97);
#92 = CYLINDRICAL_SURFACE('',#93,9.894179304441E-02);
#93 = AXIS2_PLACEMENT_3D('',#94,#95,#96);
#94 = CARTESIAN_POINT('',(-0.731746025953,-1.5873015E-02,0.691534507202)
  );
#95 = DIRECTION('',(-0.,1.,-0.));
#96 = DIRECTION('',(1.,0.,0.));
#97 = DEFINITIONAL_REPRESENTATION('',(#98),#102);
#98 = LINE('',#99,#100);
#99 = CARTESIAN_POINT('',(-5.849239065795,0.));
#100 = VECTOR('',#101,1.);
#101 = DIRECTION('',(-0.,-1.));
#102 = ( GEOMETRIC_REPRESENTATION_CONTEXT(2) 
PARAMETRIC_REPRESENTATION_CONTEXT() REPRESENTATION_CONTEXT('2D SPACE',''
  ) );
#103 = PCURVE('',#104,#109);
#104 = CYLINDRICAL_SURFACE('',#105,8.994708458583E-02);
#105 = AXIS2_PLACEMENT_3D('',#106,#107,#108);
#106 = CARTESIAN_POINT('',(-0.731746025953,-1.5873015E-02,0.655555673367
    ));
#107 = DIRECTION('',(-0.,1.,-0.));
#108 = DIRECTION('',(1.,0.,0.));
#109 = DEFINITIONAL_REPRESENTATION('',(#110),#114);
#110 = LINE('',#111,#112);
#111 = CARTESIAN_POINT('',(-6.220644545383,0.));
#112 = VECTOR('',#113,1.);
#113 = DIRECTION('',(-0.,-1.));
#114 = ( GEOMETRIC_REPRESENTATION_CONTEXT(2) 
PARAMETRIC_REPRESENTATION_CONTEXT() REPRESENTATION_CONTEXT('2D SPACE',''
  ) );
#115 = ORIENTED_EDGE('',*,*,#116,.T.);
#116 = EDGE_CURVE('',#84,#117,#119,.T.);
#117 = VERTEX_POINT('',#118);
#118 = CARTESIAN_POINT('',(-0.632804232909,-0.126984179,0.691534507202)
  );
#119 = SURFACE_CURVE('',#120,(#125,#132),.PCURVE_S1.);
#120 = CIRCLE('',#121,9.894179304441E-02);
#121 = AXIS2_PLACEMENT_3D('',#122,#123,#124);
#122 = CARTESIAN_POINT('',(-0.731746025953,-0.126984179,0.691534507202)
  );
#123 = DIRECTION('',(0.,-1.,0.));
#124 = DIRECTION('',(1.,0.,0.));
#125 = PCURVE('',#92,#126);
#126 = DEFINITIONAL_REPRESENTATION('',(#127),#131);
#127 = LINE('',#128,#129);
#128 = CARTESIAN_POINT('',(-0.,-0.111111164));
#129 = VECTOR('',#130,1.);
#130 = DIRECTION('',(-1.,0.));
#131 = ( GEOMETRIC_REPRESENTATION_CONTEXT(2) 
PARAMETRIC_REPRESENTATION_CONTEXT() REPRESENTATION_CONTEXT('2D SPACE',''
  ) );
#132 = PCURVE('',#133,#138);
#133 = PLANE('',#134);
#134 = AXIS2_PLACEMENT_3D('',#135,#136,#137);
#135 = CARTESIAN_POINT('',(-1.5873015E-02,-0.126984179,-1.5873015E-02));
#136 = DIRECTION('',(0.,-1.,0.));
#137 = DIRECTION('',(1.,0.,0.));
#138 = DEFINITIONAL_REPRESENTATION('',(#139),#143);
#139 = CIRCLE('',#140,9.894179304441E-02);
#140 = AXIS2_PLACEMENT_2D('',#141,#142);
#141 = CARTESIAN_POINT('',(-0.715873010953,0.707407522202));
#142 = DIRECTION('',(1.,0.));
#143 = ( GEOMETRIC_REPRESENTATION_CONTEXT(2) 
PARAMETRIC_REPRESENTATION_CONTEXT() REPRESENTATION_CONTEXT('2D SPACE',''
  ) );
#144 = ORIENTED_EDGE('',*,*,#145,.F.);
#145 = EDGE_CURVE('',#146,#117,#148,.T.);
#146 = VERTEX_POINT('',#147);
#147 = CARTESIAN_POINT('',(-0.632804232909,-1.5873015E-02,0.691534507202
    ));
#148 = SURFACE_CURVE('',#149,(#153,#160),.PCURVE_S1.);
#149 = LINE('',#150,#151);
#150 = CARTESIAN_POINT('',(-0.632804232909,-1.5873015E-02,0.691534507202
    ));
#151 = VECTOR('',#152,1.);
#152 = DIRECTION('',(0.,-1.,0.));
#153 = PCURVE('',#92,#154);
#154 = DEFINITIONAL_REPRESENTATION('',(#155),#159);
#155 = LINE('',#156,#157);
#156 = CARTESIAN_POINT('',(-6.28318530718,0.));
#157 = VECTOR('',#158,1.);
#158 = DIRECTION('',(-0.,-1.));
#159 = ( GEOMETRIC_REPRESENTATION_CONTEXT(2) 
PARAMETRIC_REPRESENTATION_CONTEXT() REPRESENTATION_CONTEXT('2D SPACE',''
  ) );
#160 = PCURVE('',#161,#166);
#161 = CYLINDRICAL_SURFACE('',#162,9.894179304441E-02);
#162 = AXIS2_PLACEMENT_3D('',#163,#164,#165);
#163 = CARTESIAN_POINT('',(-0.731746025953,-1.5873015E-02,0.691534507202
    ));
#164 = DIRECTION('',(-0.,1.,-0.));
#165 = DIRECTION('',(1.,0.,0.));
#166 = DEFINITIONAL_REPRESENTATION('',(#167),#171);
#167 = LINE('',#168,#169);
#168 = CARTESIAN_POINT('',(-0.,0.));
#169 = VECTOR('',#170,1.);
#170 = DIRECTION('',(-0.,-1.));
#171 = ( GEOMETRIC_REPRESENTATION_CONTEXT(2) 
PARAMETRIC_REPRESENTATION_CONTEXT() REPRESENTATION_CONTEXT('2D SPACE',''
  ) );
#172 = ORIENTED_EDGE('',*,*,#173,.F.);
#173 = EDGE_CURVE('',#82,#146,#174,.T.);
#174 = SURFACE_CURVE('',#175,(#180,#187),.PCURVE_S1.);
#175 = CIRCLE('',#176,9.894179304441E-02);
#176 = AXIS2_PLACEMENT_3D('',#177,#178,#179);
#177 = CARTESIAN_POINT('',(-0.731746025953,-1.5873015E-02,0.691534507202
    ));
#178 = DIRECTION('',(0.,-1.,0.));
#179 = DIRECTION('',(1.,0.,0.));
#180 = PCURVE('',#92,#181);
#181 = DEFINITIONAL_REPRESENTATION('',(#182),#186);
#182 = LINE('',#183,#184);
#183 = CARTESIAN_POINT('',(-0.,0.));
#184 = VECTOR('',#185,1.);
#185 = DIRECTION('',(-1.,0.));
#186 = ( GEOMETRIC_REPRESENTATION_CONTEXT(2) 
PARAMETRIC_REPRESENTATION_CONTEXT() REPRESENTATION_CONTEXT('2D SPACE',''
  ) );
#187 = PCURVE('',#188,#193);
#188 = CYLINDRICAL_SURFACE('',#189,9.894179304441E-02);
#189 = AXIS2_PLACEMENT_3D('',#190,#191,#192);
#190 = CARTESIAN_POINT('',(-0.731746025953,-1.5873015E-02,0.691534507202
    ));
#191 = DIRECTION('',(0.,-1.,0.));
#192 = DIRECTION('',(1.,0.,0.));
#193 = DEFINITIONAL_REPRESENTATION('',(#194),#198);
#194 = LINE('',#195,#196);
#195 = CARTESIAN_POINT('',(0.,0.));
#196 = VECTOR('',#197,1.);
#197 = DIRECTION('',(1.,0.));
#198 = ( GEOMETRIC_REPRESENTATION_CONTEXT(2) 
PARAMETRIC_REPRESENTATION_CONTEXT() REPRESENTATION_CONTEXT('2D SPACE',''
  ) );
#199 = ADVANCED_FACE('',(#200),#104,.F.);
#200 = FACE_BOUND('',#201,.T.);
#201 = EDGE_LOOP('',(#202,#203,#227,#255));
#202 = ORIENTED_EDGE('',*,*,#81,.T.);
#203 = ORIENTED_EDGE('',*,*,#204,.T.);
#204 = EDGE_CURVE('',#84,#205,#207,.T.);
#205 = VERTEX_POINT('',#206);
#206 = CARTESIAN_POINT('',(-0.641798941367,-0.126984179,0.655555673367)
  );
#207 = SURFACE_CURVE('',#208,(#213,#220),.PCURVE_S1.);
#208 = CIRCLE('',#209,8.994708458583E-02);
#209 = AXIS2_PLACEMENT_3D('',#210,#211,#212);
#210 = CARTESIAN_POINT('',(-0.731746025953,-0.126984179,0.655555673367)
  );
#211 = DIRECTION('',(0.,-1.,0.));
#212 = DIRECTION('',(1.,0.,0.));
#213 = PCURVE('',#104,#214);
#214 = DEFINITIONAL_REPRESENTATION('',(#215),#219);
#215 = LINE('',#216,#217);
#216 = CARTESIAN_POINT('',(-0.,-0.111111164));
#217 = VECTOR('',#218,1.);
#218 = DIRECTION('',(-1.,0.));
#219 = ( GEOMETRIC_REPRESENTATION_CONTEXT(2) 
PARAMETRIC_REPRESENTATION_CONTEXT() REPRESENTATION_CONTEXT('2D SPACE',''
  ) );
#220 = PCURVE('',#133,#221);
#221 = DEFINITIONAL_REPRESENTATION('',(#222),#226);
#222 = CIRCLE('',#223,8.994708458583E-02);
#223 = AXIS2_PLACEMENT_2D('',#224,#225);
#224 = CARTESIAN_POINT('',(-0.715873010953,0.671428688367));
#225 = DIRECTION('',(1.,0.));
#226 = ( GEOMETRIC_REPRESENTATION_CONTEXT(2) 
PARAMETRIC_REPRESENTATION_CONTEXT() REPRESENTATION_CONTEXT('2D SPACE',''
  ) );
#227 = ORIENTED_EDGE('',*,*,#228,.F.);
#228 = EDGE_CURVE('',#229,#205,#231,.T.);
#229 = VERTEX_POINT('',#230);
#230 = CARTESIAN_POINT('',(-0.641798941367,-1.5873015E-02,0.655555673367
    ));
#231 = SURFACE_CURVE('',#232,(#236,#243),.PCURVE_S1.);
#232 = LINE('',#233,#234);
#233 = CARTESIAN_POINT('',(-0.641798941367,-1.5873015E-02,0.655555673367
    ));
#234 = VECTOR('',#235,1.);
#235 = DIRECTION('',(0.,-1.,0.));
#236 = PCURVE('',#104,#237);
#237 = DEFINITIONAL_REPRESENTATION('',(#238),#242);
#238 = LINE('',#239,#240);
#239 = CARTESIAN_POINT('',(-6.28318530718,0.));
#240 = VECTOR('',#241,1.);
#241 = DIRECTION('',(-0.,-1.));
#242 = ( GEOMETRIC_REPRESENTATION_CONTEXT(2) 
PARAMETRIC_REPRESENTATION_CONTEXT() REPRESENTATION_CONTEXT('2D SPACE',''
  ) );
#243 = PCURVE('',#244,#249);
#244 = CYLINDRICAL_SURFACE('',#245,8.994708458583E-02);
#245 = AXIS2_PLACEMENT_3D('',#246,#247,#248);
#246 = CARTESIAN_POINT('',(-0.731746025953,-1.5873015E-02,0.655555673367
    ));
#247 = DIRECTION('',(-0.,1.,-0.));
#248 = DIRECTION('',(1.,0.,0.));
#249 = DEFINITIONAL_REPRESENTATION('',(#250),#254);
#250 = LINE('',#251,#252);
#251 = CARTESIAN_POINT('',(-0.,0.));
#252 = VECTOR('',#253,1.);
#253 = DIRECTION('',(-0.,-1.));
#254 = ( GEOMETRIC_REPRESENTATION_CONTEXT(2) 
PARAMETRIC_REPRESENTATION_CONTEXT() REPRESENTATION_CONTEXT('2D SPACE',''
  ) );
#255 = ORIENTED_EDGE('',*,*,#256,.F.);
#256 = EDGE_CURVE('',#82,#229,#257,.T.);
#257 = SURFACE_CURVE('',#258,(#263,#270),.PCURVE_S1.);
#258 = CIRCLE('',#259,8.994708458583E-02);
#259 = AXIS2_PLACEMENT_3D('',#260,#261,#262);
#260 = CARTESIAN_POINT('',(-0.731746025953,-1.5873015E-02,0.655555673367
    ));
#261 = DIRECTION('',(0.,-1.,0.));
#262 = DIRECTION('',(1.,0.,0.));
#263 = PCURVE('',#104,#264);
#264 = DEFINITIONAL_REPRESENTATION('',(#265),#269);
#265 = LINE('',#266,#267);
#266 = CARTESIAN_POINT('',(-0.,0.));
#267 = VECTOR('',#268,1.);
#268 = DIRECTION('',(-1.,0.));
#269 = ( GEOMETRIC_REPRESENTATION_CONTEXT(2) 
PARAMETRIC_REPRESENTATION_CONTEXT() REPRESENTATION_CONTEXT('2D SPACE',''
  ) );
#270 = PCURVE('',#271,#276);
#271 = CYLINDRICAL_SURFACE('',#272,8.994708458583E-02);
#272 = AXIS2_PLACEMENT_3D('',#273,#274,#275);
#273 = CARTESIAN_POINT('',(-0.731746025953,-1.5873015E-02,0.655555673367
    ));
#274 = DIRECTION('',(0.,-1.,0.));
#275 = DIRECTION('',(1.,0.,0.));
#276 = DEFINITIONAL_REPRESENTATION('',(#277),#281);
#277 = LINE('',#278,#279);
#278 = CARTESIAN_POINT('',(0.,0.));
#279 = VECTOR('',#280,1.);
#280 = DIRECTION('',(1.,0.));
#281 = ( GEOMETRIC_REPRESENTATION_CONTEXT(2) 
PARAMETRIC_REPRESENTATION_CONTEXT() REPRESENTATION_CONTEXT('2D SPACE',''
  ) );
#282 = ADVANCED_FACE('',(#283),#161,.T.);
#283 = FACE_BOUND('',#284,.F.);
#284 = EDGE_LOOP('',(#285,#286,#310,#333));
#285 = ORIENTED_EDGE('',*,*,#145,.T.);
#286 = ORIENTED_EDGE('',*,*,#287,.T.);
#287 = EDGE_CURVE('',#117,#288,#290,.T.);
#288 = VERTEX_POINT('',#289);
#289 = CARTESIAN_POINT('',(-0.821517260743,-0.126984179,0.649933980581)
  );
#290 = SURFACE_CURVE('',#291,(#296,#303),.PCURVE_S1.);
#291 = CIRCLE('',#292,9.894179304441E-02);
#292 = AXIS2_PLACEMENT_3D('',#293,#294,#295);
#293 = CARTESIAN_POINT('',(-0.731746025953,-0.126984179,0.691534507202)
  );
#294 = DIRECTION('',(0.,-1.,0.));
#295 = DIRECTION('',(1.,0.,0.));
#296 = PCURVE('',#161,#297);
#297 = DEFINITIONAL_REPRESENTATION('',(#298),#302);
#298 = LINE('',#299,#300);
#299 = CARTESIAN_POINT('',(-0.,-0.111111164));
#300 = VECTOR('',#301,1.);
#301 = DIRECTION('',(-1.,0.));
#302 = ( GEOMETRIC_REPRESENTATION_CONTEXT(2) 
PARAMETRIC_REPRESENTATION_CONTEXT() REPRESENTATION_CONTEXT('2D SPACE',''
  ) );
#303 = PCURVE('',#133,#304);
#304 = DEFINITIONAL_REPRESENTATION('',(#305),#309);
#305 = CIRCLE('',#306,9.894179304441E-02);
#306 = AXIS2_PLACEMENT_2D('',#307,#308);
#307 = CARTESIAN_POINT('',(-0.715873010953,0.707407522202));
#308 = DIRECTION('',(1.,0.));
#309 = ( GEOMETRIC_REPRESENTATION_CONTEXT(2) 
PARAMETRIC_REPRESENTATION_CONTEXT() REPRESENTATION_CONTEXT('2D SPACE',''
  ) );
#310 = ORIENTED_EDGE('',*,*,#311,.F.);
#311 = EDGE_CURVE('',#312,#288,#314,.T.);
#312 = VERTEX_POINT('',#313);
#313 = CARTESIAN_POINT('',(-0.821517260743,-1.5873015E-02,0.649933980581
    ));
#314 = SURFACE_CURVE('',#315,(#319,#326),.PCURVE_S1.);
#315 = LINE('',#316,#317);
#316 = CARTESIAN_POINT('',(-0.821517260743,-1.5873015E-02,0.649933980581
    ));
#317 = VECTOR('',#318,1.);
#318 = DIRECTION('',(0.,-1.,0.));
#319 = PCURVE('',#161,#320);
#320 = DEFINITIONAL_REPRESENTATION('',(#321),#325);
#321 = LINE('',#322,#323);
#322 = CARTESIAN_POINT('',(-3.575538894974,0.));
#323 = VECTOR('',#324,1.);
#324 = DIRECTION('',(-0.,-1.));
#325 = ( GEOMETRIC_REPRESENTATION_CONTEXT(2) 
PARAMETRIC_REPRESENTATION_CONTEXT() REPRESENTATION_CONTEXT('2D SPACE',''
  ) );
#326 = PCURVE('',#244,#327);
#327 = DEFINITIONAL_REPRESENTATION('',(#328),#332);
#328 = LINE('',#329,#330);
#329 = CARTESIAN_POINT('',(-3.204133415386,0.));
#330 = VECTOR('',#331,1.);
#331 = DIRECTION('',(-0.,-1.));
#332 = ( GEOMETRIC_REPRESENTATION_CONTEXT(2) 
PARAMETRIC_REPRESENTATION_CONTEXT() REPRESENTATION_CONTEXT('2D SPACE',''
  ) );
#333 = ORIENTED_EDGE('',*,*,#334,.F.);
#334 = EDGE_CURVE('',#146,#312,#335,.T.);
#335 = SURFACE_CURVE('',#336,(#341,#348),.PCURVE_S1.);
#336 = CIRCLE('',#337,9.894179304441E-02);
#337 = AXIS2_PLACEMENT_3D('',#338,#339,#340);
#338 = CARTESIAN_POINT('',(-0.731746025953,-1.5873015E-02,0.691534507202
    ));
#339 = DIRECTION('',(0.,-1.,0.));
#340 = DIRECTION('',(1.,0.,0.));
#341 = PCURVE('',#161,#342);
#342 = DEFINITIONAL_REPRESENTATION('',(#343),#347);
#343 = LINE('',#344,#345);
#344 = CARTESIAN_POINT('',(-0.,0.));
#345 = VECTOR('',#346,1.);
#346 = DIRECTION('',(-1.,0.));
#347 = ( GEOMETRIC_REPRESENTATION_CONTEXT(2) 
PARAMETRIC_REPRESENTATION_CONTEXT() REPRESENTATION_CONTEXT('2D SPACE',''
  ) );
#348 = PCURVE('',#349,#354);
#349 = CYLINDRICAL_SURFACE('',#350,9.894179304441E-02);
#350 = AXIS2_PLACEMENT_3D('',#351,#352,#353);
#351 = CARTESIAN_POINT('',(-0.731746025953,-1.5873015E-02,0.691534507202
    ));
#352 = DIRECTION('',(0.,-1.,0.));
#353 = DIRECTION('',(1.,0.,0.));
#354 = DEFINITIONAL_REPRESENTATION('',(#355),#359);
#355 = LINE('',#356,#357);
#356 = CARTESIAN_POINT('',(0.,0.));
#357 = VECTOR('',#358,1.);
#358 = DIRECTION('',(1.,0.));
#359 = ( GEOMETRIC_REPRESENTATION_CONTEXT(2) 
PARAMETRIC_REPRESENTATION_CONTEXT() REPRESENTATION_CONTEXT('2D SPACE',''
  ) );
#360 = ADVANCED_FACE('',(#361),#188,.T.);
#361 = FACE_BOUND('',#362,.T.);
#362 = EDGE_LOOP('',(#363,#386,#415,#436));
#363 = ORIENTED_EDGE('',*,*,#364,.T.);
#364 = EDGE_CURVE('',#82,#365,#367,.T.);
#365 = VERTEX_POINT('',#366);
#366 = CARTESIAN_POINT('',(-0.641974791163,0.,0.649933980581));
#367 = SURFACE_CURVE('',#368,(#372,#379),.PCURVE_S1.);
#368 = LINE('',#369,#370);
#369 = CARTESIAN_POINT('',(-0.641974791163,-1.5873015E-02,0.649933980581
    ));
#370 = VECTOR('',#371,1.);
#371 = DIRECTION('',(-0.,1.,-0.));
#372 = PCURVE('',#188,#373);
#373 = DEFINITIONAL_REPRESENTATION('',(#374),#378);
#374 = LINE('',#375,#376);
#375 = CARTESIAN_POINT('',(5.849239065795,0.));
#376 = VECTOR('',#377,1.);
#377 = DIRECTION('',(0.,-1.));
#378 = ( GEOMETRIC_REPRESENTATION_CONTEXT(2) 
PARAMETRIC_REPRESENTATION_CONTEXT() REPRESENTATION_CONTEXT('2D SPACE',''
  ) );
#379 = PCURVE('',#271,#380);
#380 = DEFINITIONAL_REPRESENTATION('',(#381),#385);
#381 = LINE('',#382,#383);
#382 = CARTESIAN_POINT('',(6.220644545383,0.));
#383 = VECTOR('',#384,1.);
#384 = DIRECTION('',(0.,-1.));
#385 = ( GEOMETRIC_REPRESENTATION_CONTEXT(2) 
PARAMETRIC_REPRESENTATION_CONTEXT() REPRESENTATION_CONTEXT('2D SPACE',''
  ) );
#386 = ORIENTED_EDGE('',*,*,#387,.T.);
#387 = EDGE_CURVE('',#365,#388,#390,.T.);
#388 = VERTEX_POINT('',#389);
#389 = CARTESIAN_POINT('',(-0.632804232909,0.,0.691534507202));
#390 = SURFACE_CURVE('',#391,(#396,#403),.PCURVE_S1.);
#391 = CIRCLE('',#392,9.894179304441E-02);
#392 = AXIS2_PLACEMENT_3D('',#393,#394,#395);
#393 = CARTESIAN_POINT('',(-0.731746025953,0.,0.691534507202));
#394 = DIRECTION('',(0.,-1.,0.));
#395 = DIRECTION('',(1.,0.,0.));
#396 = PCURVE('',#188,#397);
#397 = DEFINITIONAL_REPRESENTATION('',(#398),#402);
#398 = LINE('',#399,#400);
#399 = CARTESIAN_POINT('',(0.,-1.5873015E-02));
#400 = VECTOR('',#401,1.);
#401 = DIRECTION('',(1.,0.));
#402 = ( GEOMETRIC_REPRESENTATION_CONTEXT(2) 
PARAMETRIC_REPRESENTATION_CONTEXT() REPRESENTATION_CONTEXT('2D SPACE',''
  ) );
#403 = PCURVE('',#404,#409);
#404 = PLANE('',#405);
#405 = AXIS2_PLACEMENT_3D('',#406,#407,#408);
#406 = CARTESIAN_POINT('',(-1.5873015E-02,0.,-1.5873015E-02));
#407 = DIRECTION('',(0.,-1.,0.));
#408 = DIRECTION('',(1.,0.,0.));
#409 = DEFINITIONAL_REPRESENTATION('',(#410),#414);
#410 = CIRCLE('',#411,9.894179304441E-02);
#411 = AXIS2_PLACEMENT_2D('',#412,#413);
#412 = CARTESIAN_POINT('',(-0.715873010953,0.707407522202));
#413 = DIRECTION('',(1.,0.));
#414 = ( GEOMETRIC_REPRESENTATION_CONTEXT(2) 
PARAMETRIC_REPRESENTATION_CONTEXT() REPRESENTATION_CONTEXT('2D SPACE',''
  ) );
#415 = ORIENTED_EDGE('',*,*,#416,.F.);
#416 = EDGE_CURVE('',#146,#388,#417,.T.);
#417 = SURFACE_CURVE('',#418,(#422,#429),.PCURVE_S1.);
#418 = LINE('',#419,#420);
#419 = CARTESIAN_POINT('',(-0.632804232909,-1.5873015E-02,0.691534507202
    ));
#420 = VECTOR('',#421,1.);
#421 = DIRECTION('',(-0.,1.,-0.));
#422 = PCURVE('',#188,#423);
#423 = DEFINITIONAL_REPRESENTATION('',(#424),#428);
#424 = LINE('',#425,#426);
#425 = CARTESIAN_POINT('',(6.28318530718,0.));
#426 = VECTOR('',#427,1.);
#427 = DIRECTION('',(0.,-1.));
#428 = ( GEOMETRIC_REPRESENTATION_CONTEXT(2) 
PARAMETRIC_REPRESENTATION_CONTEXT() REPRESENTATION_CONTEXT('2D SPACE',''
  ) );
#429 = PCURVE('',#349,#430);
#430 = DEFINITIONAL_REPRESENTATION('',(#431),#435);
#431 = LINE('',#432,#433);
#432 = CARTESIAN_POINT('',(0.,0.));
#433 = VECTOR('',#434,1.);
#434 = DIRECTION('',(0.,-1.));
#435 = ( GEOMETRIC_REPRESENTATION_CONTEXT(2) 
PARAMETRIC_REPRESENTATION_CONTEXT() REPRESENTATION_CONTEXT('2D SPACE',''
  ) );
#436 = ORIENTED_EDGE('',*,*,#173,.F.);
#437 = ADVANCED_FACE('',(#438),#133,.T.);
#438 = FACE_BOUND('',#439,.T.);
#439 = EDGE_LOOP('',(#440,#441,#442,#464));
#440 = ORIENTED_EDGE('',*,*,#116,.T.);
#441 = ORIENTED_EDGE('',*,*,#287,.T.);
#442 = ORIENTED_EDGE('',*,*,#443,.F.);
#443 = EDGE_CURVE('',#205,#288,#444,.T.);
#444 = SURFACE_CURVE('',#445,(#450,#457),.PCURVE_S1.);
#445 = CIRCLE('',#446,8.994708458583E-02);
#446 = AXIS2_PLACEMENT_3D('',#447,#448,#449);
#447 = CARTESIAN_POINT('',(-0.731746025953,-0.126984179,0.655555673367)
  );
#448 = DIRECTION('',(0.,-1.,0.));
#449 = DIRECTION('',(1.,0.,0.));
#450 = PCURVE('',#133,#451);
#451 = DEFINITIONAL_REPRESENTATION('',(#452),#456);
#452 = CIRCLE('',#453,8.994708458583E-02);
#453 = AXIS2_PLACEMENT_2D('',#454,#455);
#454 = CARTESIAN_POINT('',(-0.715873010953,0.671428688367));
#455 = DIRECTION('',(1.,0.));
#456 = ( GEOMETRIC_REPRESENTATION_CONTEXT(2) 
PARAMETRIC_REPRESENTATION_CONTEXT() REPRESENTATION_CONTEXT('2D SPACE',''
  ) );
#457 = PCURVE('',#244,#458);
#458 = DEFINITIONAL_REPRESENTATION('',(#459),#463);
#459 = LINE('',#460,#461);
#460 = CARTESIAN_POINT('',(-0.,-0.111111164));
#461 = VECTOR('',#462,1.);
#462 = DIRECTION('',(-1.,0.));
#463 = ( GEOMETRIC_REPRESENTATION_CONTEXT(2) 
PARAMETRIC_REPRESENTATION_CONTEXT() REPRESENTATION_CONTEXT('2D SPACE',''
  ) );
#464 = ORIENTED_EDGE('',*,*,#204,.F.);
#465 = ADVANCED_FACE('',(#466),#244,.F.);
#466 = FACE_BOUND('',#467,.T.);
#467 = EDGE_LOOP('',(#468,#469,#470,#471));
#468 = ORIENTED_EDGE('',*,*,#228,.T.);
#469 = ORIENTED_EDGE('',*,*,#443,.T.);
#470 = ORIENTED_EDGE('',*,*,#311,.F.);
#471 = ORIENTED_EDGE('',*,*,#472,.F.);
#472 = EDGE_CURVE('',#229,#312,#473,.T.);
#473 = SURFACE_CURVE('',#474,(#479,#486),.PCURVE_S1.);
#474 = CIRCLE('',#475,8.994708458583E-02);
#475 = AXIS2_PLACEMENT_3D('',#476,#477,#478);
#476 = CARTESIAN_POINT('',(-0.731746025953,-1.5873015E-02,0.655555673367
    ));
#477 = DIRECTION('',(0.,-1.,0.));
#478 = DIRECTION('',(1.,0.,0.));
#479 = PCURVE('',#244,#480);
#480 = DEFINITIONAL_REPRESENTATION('',(#481),#485);
#481 = LINE('',#482,#483);
#482 = CARTESIAN_POINT('',(-0.,0.));
#483 = VECTOR('',#484,1.);
#484 = DIRECTION('',(-1.,0.));
#485 = ( GEOMETRIC_REPRESENTATION_CONTEXT(2) 
PARAMETRIC_REPRESENTATION_CONTEXT() REPRESENTATION_CONTEXT('2D SPACE',''
  ) );
#486 = PCURVE('',#487,#492);
#487 = CYLINDRICAL_SURFACE('',#488,8.994708458583E-02);
#488 = AXIS2_PLACEMENT_3D('',#489,#490,#491);
#489 = CARTESIAN_POINT('',(-0.731746025953,-1.5873015E-02,0.655555673367
    ));
#490 = DIRECTION('',(0.,-1.,0.));
#491 = DIRECTION('',(1.,0.,0.));
#492 = DEFINITIONAL_REPRESENTATION('',(#493),#497);
#493 = LINE('',#494,#495);
#494 = CARTESIAN_POINT('',(0.,0.));
#495 = VECTOR('',#496,1.);
#496 = DIRECTION('',(1.,0.));
#497 = ( GEOMETRIC_REPRESENTATION_CONTEXT(2) 
PARAMETRIC_REPRESENTATION_CONTEXT() REPRESENTATION_CONTEXT('2D SPACE',''
  ) );
#498 = ADVANCED_FACE('',(#499),#271,.F.);
#499 = FACE_BOUND('',#500,.F.);
#500 = EDGE_LOOP('',(#501,#502,#526,#547));
#501 = ORIENTED_EDGE('',*,*,#364,.T.);
#502 = ORIENTED_EDGE('',*,*,#503,.T.);
#503 = EDGE_CURVE('',#365,#504,#506,.T.);
#504 = VERTEX_POINT('',#505);
#505 = CARTESIAN_POINT('',(-0.641798941367,0.,0.655555673367));
#506 = SURFACE_CURVE('',#507,(#512,#519),.PCURVE_S1.);
#507 = CIRCLE('',#508,8.994708458583E-02);
#508 = AXIS2_PLACEMENT_3D('',#509,#510,#511);
#509 = CARTESIAN_POINT('',(-0.731746025953,0.,0.655555673367));
#510 = DIRECTION('',(0.,-1.,0.));
#511 = DIRECTION('',(1.,0.,0.));
#512 = PCURVE('',#271,#513);
#513 = DEFINITIONAL_REPRESENTATION('',(#514),#518);
#514 = LINE('',#515,#516);
#515 = CARTESIAN_POINT('',(0.,-1.5873015E-02));
#516 = VECTOR('',#517,1.);
#517 = DIRECTION('',(1.,0.));
#518 = ( GEOMETRIC_REPRESENTATION_CONTEXT(2) 
PARAMETRIC_REPRESENTATION_CONTEXT() REPRESENTATION_CONTEXT('2D SPACE',''
  ) );
#519 = PCURVE('',#404,#520);
#520 = DEFINITIONAL_REPRESENTATION('',(#521),#525);
#521 = CIRCLE('',#522,8.994708458583E-02);
#522 = AXIS2_PLACEMENT_2D('',#523,#524);
#523 = CARTESIAN_POINT('',(-0.715873010953,0.671428688367));
#524 = DIRECTION('',(1.,0.));
#525 = ( GEOMETRIC_REPRESENTATION_CONTEXT(2) 
PARAMETRIC_REPRESENTATION_CONTEXT() REPRESENTATION_CONTEXT('2D SPACE',''
  ) );
#526 = ORIENTED_EDGE('',*,*,#527,.F.);
#527 = EDGE_CURVE('',#229,#504,#528,.T.);
#528 = SURFACE_CURVE('',#529,(#533,#540),.PCURVE_S1.);
#529 = LINE('',#530,#531);
#530 = CARTESIAN_POINT('',(-0.641798941367,-1.5873015E-02,0.655555673367
    ));
#531 = VECTOR('',#532,1.);
#532 = DIRECTION('',(-0.,1.,-0.));
#533 = PCURVE('',#271,#534);
#534 = DEFINITIONAL_REPRESENTATION('',(#535),#539);
#535 = LINE('',#536,#537);
#536 = CARTESIAN_POINT('',(6.28318530718,0.));
#537 = VECTOR('',#538,1.);
#538 = DIRECTION('',(0.,-1.));
#539 = ( GEOMETRIC_REPRESENTATION_CONTEXT(2) 
PARAMETRIC_REPRESENTATION_CONTEXT() REPRESENTATION_CONTEXT('2D SPACE',''
  ) );
#540 = PCURVE('',#487,#541);
#541 = DEFINITIONAL_REPRESENTATION('',(#542),#546);
#542 = LINE('',#543,#544);
#543 = CARTESIAN_POINT('',(0.,0.));
#544 = VECTOR('',#545,1.);
#545 = DIRECTION('',(0.,-1.));
#546 = ( GEOMETRIC_REPRESENTATION_CONTEXT(2) 
PARAMETRIC_REPRESENTATION_CONTEXT() REPRESENTATION_CONTEXT('2D SPACE',''
  ) );
#547 = ORIENTED_EDGE('',*,*,#256,.F.);
#548 = ADVANCED_FACE('',(#549),#349,.T.);
#549 = FACE_BOUND('',#550,.T.);
#550 = EDGE_LOOP('',(#551,#552,#576,#597));
#551 = ORIENTED_EDGE('',*,*,#416,.T.);
#552 = ORIENTED_EDGE('',*,*,#553,.T.);
#553 = EDGE_CURVE('',#388,#554,#556,.T.);
#554 = VERTEX_POINT('',#555);
#555 = CARTESIAN_POINT('',(-0.821517260743,0.,0.649933980581));
#556 = SURFACE_CURVE('',#557,(#562,#569),.PCURVE_S1.);
#557 = CIRCLE('',#558,9.894179304441E-02);
#558 = AXIS2_PLACEMENT_3D('',#559,#560,#561);
#559 = CARTESIAN_POINT('',(-0.731746025953,0.,0.691534507202));
#560 = DIRECTION('',(0.,-1.,0.));
#561 = DIRECTION('',(1.,0.,0.));
#562 = PCURVE('',#349,#563);
#563 = DEFINITIONAL_REPRESENTATION('',(#564),#568);
#564 = LINE('',#565,#566);
#565 = CARTESIAN_POINT('',(0.,-1.5873015E-02));
#566 = VECTOR('',#567,1.);
#567 = DIRECTION('',(1.,0.));
#568 = ( GEOMETRIC_REPRESENTATION_CONTEXT(2) 
PARAMETRIC_REPRESENTATION_CONTEXT() REPRESENTATION_CONTEXT('2D SPACE',''
  ) );
#569 = PCURVE('',#404,#570);
#570 = DEFINITIONAL_REPRESENTATION('',(#571),#575);
#571 = CIRCLE('',#572,9.894179304441E-02);
#572 = AXIS2_PLACEMENT_2D('',#573,#574);
#573 = CARTESIAN_POINT('',(-0.715873010953,0.707407522202));
#574 = DIRECTION('',(1.,0.));
#575 = ( GEOMETRIC_REPRESENTATION_CONTEXT(2) 
PARAMETRIC_REPRESENTATION_CONTEXT() REPRESENTATION_CONTEXT('2D SPACE',''
  ) );
#576 = ORIENTED_EDGE('',*,*,#577,.F.);
#577 = EDGE_CURVE('',#312,#554,#578,.T.);
#578 = SURFACE_CURVE('',#579,(#583,#590),.PCURVE_S1.);
#579 = LINE('',#580,#581);
#580 = CARTESIAN_POINT('',(-0.821517260743,-1.5873015E-02,0.649933980581
    ));
#581 = VECTOR('',#582,1.);
#582 = DIRECTION('',(-0.,1.,-0.));
#583 = PCURVE('',#349,#584);
#584 = DEFINITIONAL_REPRESENTATION('',(#585),#589);
#585 = LINE('',#586,#587);
#586 = CARTESIAN_POINT('',(3.575538894974,0.));
#587 = VECTOR('',#588,1.);
#588 = DIRECTION('',(0.,-1.));
#589 = ( GEOMETRIC_REPRESENTATION_CONTEXT(2) 
PARAMETRIC_REPRESENTATION_CONTEXT() REPRESENTATION_CONTEXT('2D SPACE',''
  ) );
#590 = PCURVE('',#487,#591);
#591 = DEFINITIONAL_REPRESENTATION('',(#592),#596);
#592 = LINE('',#593,#594);
#593 = CARTESIAN_POINT('',(3.204133415386,0.));
#594 = VECTOR('',#595,1.);
#595 = DIRECTION('',(0.,-1.));
#596 = ( GEOMETRIC_REPRESENTATION_CONTEXT(2) 
PARAMETRIC_REPRESENTATION_CONTEXT() REPRESENTATION_CONTEXT('2D SPACE',''
  ) );
#597 = ORIENTED_EDGE('',*,*,#334,.F.);
#598 = ADVANCED_FACE('',(#599),#404,.F.);
#599 = FACE_BOUND('',#600,.F.);
#600 = EDGE_LOOP('',(#601,#602,#603,#625));
#601 = ORIENTED_EDGE('',*,*,#387,.T.);
#602 = ORIENTED_EDGE('',*,*,#553,.T.);
#603 = ORIENTED_EDGE('',*,*,#604,.F.);
#604 = EDGE_CURVE('',#504,#554,#605,.T.);
#605 = SURFACE_CURVE('',#606,(#611,#618),.PCURVE_S1.);
#606 = CIRCLE('',#607,8.994708458583E-02);
#607 = AXIS2_PLACEMENT_3D('',#608,#609,#610);
#608 = CARTESIAN_POINT('',(-0.731746025953,0.,0.655555673367));
#609 = DIRECTION('',(0.,-1.,0.));
#610 = DIRECTION('',(1.,0.,0.));
#611 = PCURVE('',#404,#612);
#612 = DEFINITIONAL_REPRESENTATION('',(#613),#617);
#613 = CIRCLE('',#614,8.994708458583E-02);
#614 = AXIS2_PLACEMENT_2D('',#615,#616);
#615 = CARTESIAN_POINT('',(-0.715873010953,0.671428688367));
#616 = DIRECTION('',(1.,0.));
#617 = ( GEOMETRIC_REPRESENTATION_CONTEXT(2) 
PARAMETRIC_REPRESENTATION_CONTEXT() REPRESENTATION_CONTEXT('2D SPACE',''
  ) );
#618 = PCURVE('',#487,#619);
#619 = DEFINITIONAL_REPRESENTATION('',(#620),#624);
#620 = LINE('',#621,#622);
#621 = CARTESIAN_POINT('',(0.,-1.5873015E-02));
#622 = VECTOR('',#623,1.);
#623 = DIRECTION('',(1.,0.));
#624 = ( GEOMETRIC_REPRESENTATION_CONTEXT(2) 
PARAMETRIC_REPRESENTATION_CONTEXT() REPRESENTATION_CONTEXT('2D SPACE',''
  ) );
#625 = ORIENTED_EDGE('',*,*,#503,.F.);
#626 = ADVANCED_FACE('',(#627),#487,.F.);
#627 = FACE_BOUND('',#628,.F.);
#628 = EDGE_LOOP('',(#629,#630,#631,#632));
#629 = ORIENTED_EDGE('',*,*,#527,.T.);
#630 = ORIENTED_EDGE('',*,*,#604,.T.);
#631 = ORIENTED_EDGE('',*,*,#577,.F.);
#632 = ORIENTED_EDGE('',*,*,#472,.F.);
#633 = ( GEOMETRIC_REPRESENTATION_CONTEXT(3) 
GLOBAL_UNCERTAINTY_ASSIGNED_CONTEXT((#637)) GLOBAL_UNIT_ASSIGNED_CONTEXT
((#634,#635,#636)) REPRESENTATION_CONTEXT('Context #1',
  '3D Context with UNIT and UNCERTAINTY') );
#634 = ( LENGTH_UNIT() NAMED_UNIT(*) SI_UNIT(.MILLI.,.METRE.) );
#635 = ( NAMED_UNIT(*) PLANE_ANGLE_UNIT() SI_UNIT($,.RADIAN.) );
#636 = ( NAMED_UNIT(*) SI_UNIT($,.STERADIAN.) SOLID_ANGLE_UNIT() );
#637 = UNCERTAINTY_MEASURE_WITH_UNIT(LENGTH_MEASURE(1.E-07),#634,
  'distance_accuracy_value','confusion accuracy');
#638 = CONTEXT_DEPENDENT_SHAPE_REPRESENTATION(#639,#641);
#639 = ( REPRESENTATION_RELATIONSHIP('','',#74,#10) 
REPRESENTATION_RELATIONSHIP_WITH_TRANSFORMATION(#640) 
SHAPE_REPRESENTATION_RELATIONSHIP() );
#640 = ITEM_DEFINED_TRANSFORMATION('','',#11,#15);
#641 = PRODUCT_DEFINITION_SHAPE('Placement','Placement of an item',#642
  );
#642 = NEXT_ASSEMBLY_USAGE_OCCURRENCE('17','','',#5,#69,$);
#643 = CC_DESIGN_SECURITY_CLASSIFICATION(#644,(#642));
#644 = SECURITY_CLASSIFICATION('','',#51);
#645 = CC_DESIGN_PERSON_AND_ORGANIZATION_ASSIGNMENT(#40,#49,(#644));
#646 = CC_DESIGN_DATE_AND_TIME_ASSIGNMENT(#54,#60,(#644));
#647 = CC_DESIGN_APPROVAL(#62,(#644));
#648 = PRODUCT_RELATED_PRODUCT_CATEGORY('detail',$,(#71));
#649 = PRODUCT_CATEGORY_RELATIONSHIP('','',#650,#648);
#650 = PRODUCT_CATEGORY('part',$);
#651 = CC_DESIGN_PERSON_AND_ORGANIZATION_ASSIGNMENT(#40,#43,(#70,#69));
#652 = CC_DESIGN_PERSON_AND_ORGANIZATION_ASSIGNMENT(#40,#45,(#71));
#653 = CC_DESIGN_PERSON_AND_ORGANIZATION_ASSIGNMENT(#40,#47,(#70));
#654 = CC_DESIGN_PERSON_AND_ORGANIZATION_ASSIGNMENT(#40,#49,(#655));
#655 = SECURITY_CLASSIFICATION('','',#51);
#656 = CC_DESIGN_SECURITY_CLASSIFICATION(#655,(#70));
#657 = CC_DESIGN_DATE_AND_TIME_ASSIGNMENT(#54,#58,(#69));
#658 = CC_DESIGN_DATE_AND_TIME_ASSIGNMENT(#54,#60,(#655));
#659 = CC_DESIGN_APPROVAL(#62,(#70,#69,#655));
#660 = SHAPE_DEFINITION_REPRESENTATION(#661,#667);
#661 = PRODUCT_DEFINITION_SHAPE('','',#662);
#662 = PRODUCT_DEFINITION('design','',#663,#666);
#663 = PRODUCT_DEFINITION_FORMATION_WITH_SPECIFIED_SOURCE('','',#664,
  .NOT_KNOWN.);
#664 = PRODUCT('Open CASCADE STEP translator 7.7 118.2',
  'Open CASCADE STEP translator 7.7 118.2','',(#665));
#665 = MECHANICAL_CONTEXT('',#2,'mechanical');
#666 = DESIGN_CONTEXT('',#2,'design');
#667 = ADVANCED_BREP_SHAPE_REPRESENTATION('',(#11,#668),#1716);
#668 = MANIFOLD_SOLID_BREP('',#669);
#669 = CLOSED_SHELL('',(#670,#792,#875,#929,#1006,#1144,#1199,#1225,
    #1253,#1391,#1425,#1497,#1547,#1573,#1607,#1654,#1681,#1709));
#670 = ADVANCED_FACE('',(#671),#685,.T.);
#671 = FACE_BOUND('',#672,.F.);
#672 = EDGE_LOOP('',(#673,#708,#737,#765));
#673 = ORIENTED_EDGE('',*,*,#674,.T.);
#674 = EDGE_CURVE('',#675,#677,#679,.T.);
#675 = VERTEX_POINT('',#676);
#676 = CARTESIAN_POINT('',(-0.776743846956,-1.5873015E-02,
    -0.346076378871));
#677 = VERTEX_POINT('',#678);
#678 = CARTESIAN_POINT('',(-0.776743846956,-0.126984179,-0.346076378871)
  );
#679 = SURFACE_CURVE('',#680,(#684,#696),.PCURVE_S1.);
#680 = LINE('',#681,#682);
#681 = CARTESIAN_POINT('',(-0.776743846956,-1.5873015E-02,
    -0.346076378871));
#682 = VECTOR('',#683,1.);
#683 = DIRECTION('',(0.,-1.,0.));
#684 = PCURVE('',#685,#690);
#685 = CYLINDRICAL_SURFACE('',#686,0.162402947744);
#686 = AXIS2_PLACEMENT_3D('',#687,#688,#689);
#687 = CARTESIAN_POINT('',(-0.713756609036,-1.5873015E-02,
    -0.495767144435));
#688 = DIRECTION('',(-0.,1.,-0.));
#689 = DIRECTION('',(1.,0.,0.));
#690 = DEFINITIONAL_REPRESENTATION('',(#691),#695);
#691 = LINE('',#692,#693);
#692 = CARTESIAN_POINT('',(-1.969089202905,0.));
#693 = VECTOR('',#694,1.);
#694 = DIRECTION('',(-0.,-1.));
#695 = ( GEOMETRIC_REPRESENTATION_CONTEXT(2) 
PARAMETRIC_REPRESENTATION_CONTEXT() REPRESENTATION_CONTEXT('2D SPACE',''
  ) );
#696 = PCURVE('',#697,#702);
#697 = CYLINDRICAL_SURFACE('',#698,0.100049121181);
#698 = AXIS2_PLACEMENT_3D('',#699,#700,#701);
#699 = CARTESIAN_POINT('',(-0.713756609036,-1.5873015E-02,
    -0.423809476767));
#700 = DIRECTION('',(-0.,1.,-0.));
#701 = DIRECTION('',(1.,0.,0.));
#702 = DEFINITIONAL_REPRESENTATION('',(#703),#707);
#703 = LINE('',#704,#705);
#704 = CARTESIAN_POINT('',(-2.251787121704,0.));
#705 = VECTOR('',#706,1.);
#706 = DIRECTION('',(-0.,-1.));
#707 = ( GEOMETRIC_REPRESENTATION_CONTEXT(2) 
PARAMETRIC_REPRESENTATION_CONTEXT() REPRESENTATION_CONTEXT('2D SPACE',''
  ) );
#708 = ORIENTED_EDGE('',*,*,#709,.T.);
#709 = EDGE_CURVE('',#677,#710,#712,.T.);
#710 = VERTEX_POINT('',#711);
#711 = CARTESIAN_POINT('',(-0.551353661292,-0.126984179,-0.495767144435)
  );
#712 = SURFACE_CURVE('',#713,(#718,#725),.PCURVE_S1.);
#713 = CIRCLE('',#714,0.162402947744);
#714 = AXIS2_PLACEMENT_3D('',#715,#716,#717);
#715 = CARTESIAN_POINT('',(-0.713756609036,-0.126984179,-0.495767144435)
  );
#716 = DIRECTION('',(0.,-1.,0.));
#717 = DIRECTION('',(1.,0.,0.));
#718 = PCURVE('',#685,#719);
#719 = DEFINITIONAL_REPRESENTATION('',(#720),#724);
#720 = LINE('',#721,#722);
#721 = CARTESIAN_POINT('',(-0.,-0.111111164));
#722 = VECTOR('',#723,1.);
#723 = DIRECTION('',(-1.,0.));
#724 = ( GEOMETRIC_REPRESENTATION_CONTEXT(2) 
PARAMETRIC_REPRESENTATION_CONTEXT() REPRESENTATION_CONTEXT('2D SPACE',''
  ) );
#725 = PCURVE('',#726,#731);
#726 = PLANE('',#727);
#727 = AXIS2_PLACEMENT_3D('',#728,#729,#730);
#728 = CARTESIAN_POINT('',(-1.5873015E-02,-0.126984179,-1.5873015E-02));
#729 = DIRECTION('',(0.,-1.,0.));
#730 = DIRECTION('',(1.,0.,0.));
#731 = DEFINITIONAL_REPRESENTATION('',(#732),#736);
#732 = CIRCLE('',#733,0.162402947744);
#733 = AXIS2_PLACEMENT_2D('',#734,#735);
#734 = CARTESIAN_POINT('',(-0.697883594036,-0.479894129435));
#735 = DIRECTION('',(1.,0.));
#736 = ( GEOMETRIC_REPRESENTATION_CONTEXT(2) 
PARAMETRIC_REPRESENTATION_CONTEXT() REPRESENTATION_CONTEXT('2D SPACE',''
  ) );
#737 = ORIENTED_EDGE('',*,*,#738,.F.);
#738 = EDGE_CURVE('',#739,#710,#741,.T.);
#739 = VERTEX_POINT('',#740);
#740 = CARTESIAN_POINT('',(-0.551353661292,-1.5873015E-02,
    -0.495767144435));
#741 = SURFACE_CURVE('',#742,(#746,#753),.PCURVE_S1.);
#742 = LINE('',#743,#744);
#743 = CARTESIAN_POINT('',(-0.551353661292,-1.5873015E-02,
    -0.495767144435));
#744 = VECTOR('',#745,1.);
#745 = DIRECTION('',(0.,-1.,0.));
#746 = PCURVE('',#685,#747);
#747 = DEFINITIONAL_REPRESENTATION('',(#748),#752);
#748 = LINE('',#749,#750);
#749 = CARTESIAN_POINT('',(-6.28318530718,0.));
#750 = VECTOR('',#751,1.);
#751 = DIRECTION('',(-0.,-1.));
#752 = ( GEOMETRIC_REPRESENTATION_CONTEXT(2) 
PARAMETRIC_REPRESENTATION_CONTEXT() REPRESENTATION_CONTEXT('2D SPACE',''
  ) );
#753 = PCURVE('',#754,#759);
#754 = CYLINDRICAL_SURFACE('',#755,0.162402947744);
#755 = AXIS2_PLACEMENT_3D('',#756,#757,#758);
#756 = CARTESIAN_POINT('',(-0.713756609036,-1.5873015E-02,
    -0.495767144435));
#757 = DIRECTION('',(-0.,1.,-0.));
#758 = DIRECTION('',(1.,0.,0.));
#759 = DEFINITIONAL_REPRESENTATION('',(#760),#764);
#760 = LINE('',#761,#762);
#761 = CARTESIAN_POINT('',(-0.,0.));
#762 = VECTOR('',#763,1.);
#763 = DIRECTION('',(-0.,-1.));
#764 = ( GEOMETRIC_REPRESENTATION_CONTEXT(2) 
PARAMETRIC_REPRESENTATION_CONTEXT() REPRESENTATION_CONTEXT('2D SPACE',''
  ) );
#765 = ORIENTED_EDGE('',*,*,#766,.F.);
#766 = EDGE_CURVE('',#675,#739,#767,.T.);
#767 = SURFACE_CURVE('',#768,(#773,#780),.PCURVE_S1.);
#768 = CIRCLE('',#769,0.162402947744);
#769 = AXIS2_PLACEMENT_3D('',#770,#771,#772);
#770 = CARTESIAN_POINT('',(-0.713756609036,-1.5873015E-02,
    -0.495767144435));
#771 = DIRECTION('',(0.,-1.,0.));
#772 = DIRECTION('',(1.,0.,0.));
#773 = PCURVE('',#685,#774);
#774 = DEFINITIONAL_REPRESENTATION('',(#775),#779);
#775 = LINE('',#776,#777);
#776 = CARTESIAN_POINT('',(-0.,0.));
#777 = VECTOR('',#778,1.);
#778 = DIRECTION('',(-1.,0.));
#779 = ( GEOMETRIC_REPRESENTATION_CONTEXT(2) 
PARAMETRIC_REPRESENTATION_CONTEXT() REPRESENTATION_CONTEXT('2D SPACE',''
  ) );
#780 = PCURVE('',#781,#786);
#781 = CYLINDRICAL_SURFACE('',#782,0.162402947744);
#782 = AXIS2_PLACEMENT_3D('',#783,#784,#785);
#783 = CARTESIAN_POINT('',(-0.713756609036,-1.5873015E-02,
    -0.495767144435));
#784 = DIRECTION('',(0.,-1.,0.));
#785 = DIRECTION('',(1.,0.,0.));
#786 = DEFINITIONAL_REPRESENTATION('',(#787),#791);
#787 = LINE('',#788,#789);
#788 = CARTESIAN_POINT('',(0.,0.));
#789 = VECTOR('',#790,1.);
#790 = DIRECTION('',(1.,0.));
#791 = ( GEOMETRIC_REPRESENTATION_CONTEXT(2) 
PARAMETRIC_REPRESENTATION_CONTEXT() REPRESENTATION_CONTEXT('2D SPACE',''
  ) );
#792 = ADVANCED_FACE('',(#793),#697,.T.);
#793 = FACE_BOUND('',#794,.F.);
#794 = EDGE_LOOP('',(#795,#820,#847,#848));
#795 = ORIENTED_EDGE('',*,*,#796,.T.);
#796 = EDGE_CURVE('',#797,#799,#801,.T.);
#797 = VERTEX_POINT('',#798);
#798 = CARTESIAN_POINT('',(-0.650769371117,-1.5873015E-02,
    -0.346076378871));
#799 = VERTEX_POINT('',#800);
#800 = CARTESIAN_POINT('',(-0.650769371117,-0.126984179,-0.346076378871)
  );
#801 = SURFACE_CURVE('',#802,(#806,#813),.PCURVE_S1.);
#802 = LINE('',#803,#804);
#803 = CARTESIAN_POINT('',(-0.650769371117,-1.5873015E-02,
    -0.346076378871));
#804 = VECTOR('',#805,1.);
#805 = DIRECTION('',(0.,-1.,0.));
#806 = PCURVE('',#697,#807);
#807 = DEFINITIONAL_REPRESENTATION('',(#808),#812);
#808 = LINE('',#809,#810);
#809 = CARTESIAN_POINT('',(-0.889805531886,0.));
#810 = VECTOR('',#811,1.);
#811 = DIRECTION('',(-0.,-1.));
#812 = ( GEOMETRIC_REPRESENTATION_CONTEXT(2) 
PARAMETRIC_REPRESENTATION_CONTEXT() REPRESENTATION_CONTEXT('2D SPACE',''
  ) );
#813 = PCURVE('',#754,#814);
#814 = DEFINITIONAL_REPRESENTATION('',(#815),#819);
#815 = LINE('',#816,#817);
#816 = CARTESIAN_POINT('',(-1.172503450685,0.));
#817 = VECTOR('',#818,1.);
#818 = DIRECTION('',(-0.,-1.));
#819 = ( GEOMETRIC_REPRESENTATION_CONTEXT(2) 
PARAMETRIC_REPRESENTATION_CONTEXT() REPRESENTATION_CONTEXT('2D SPACE',''
  ) );
#820 = ORIENTED_EDGE('',*,*,#821,.T.);
#821 = EDGE_CURVE('',#799,#677,#822,.T.);
#822 = SURFACE_CURVE('',#823,(#828,#835),.PCURVE_S1.);
#823 = CIRCLE('',#824,0.100049121181);
#824 = AXIS2_PLACEMENT_3D('',#825,#826,#827);
#825 = CARTESIAN_POINT('',(-0.713756609036,-0.126984179,-0.423809476767)
  );
#826 = DIRECTION('',(0.,-1.,0.));
#827 = DIRECTION('',(1.,0.,0.));
#828 = PCURVE('',#697,#829);
#829 = DEFINITIONAL_REPRESENTATION('',(#830),#834);
#830 = LINE('',#831,#832);
#831 = CARTESIAN_POINT('',(-0.,-0.111111164));
#832 = VECTOR('',#833,1.);
#833 = DIRECTION('',(-1.,0.));
#834 = ( GEOMETRIC_REPRESENTATION_CONTEXT(2) 
PARAMETRIC_REPRESENTATION_CONTEXT() REPRESENTATION_CONTEXT('2D SPACE',''
  ) );
#835 = PCURVE('',#836,#841);
#836 = PLANE('',#837);
#837 = AXIS2_PLACEMENT_3D('',#838,#839,#840);
#838 = CARTESIAN_POINT('',(-1.5873015E-02,-0.126984179,-1.5873015E-02));
#839 = DIRECTION('',(0.,-1.,0.));
#840 = DIRECTION('',(1.,0.,0.));
#841 = DEFINITIONAL_REPRESENTATION('',(#842),#846);
#842 = CIRCLE('',#843,0.100049121181);
#843 = AXIS2_PLACEMENT_2D('',#844,#845);
#844 = CARTESIAN_POINT('',(-0.697883594036,-0.407936461767));
#845 = DIRECTION('',(1.,0.));
#846 = ( GEOMETRIC_REPRESENTATION_CONTEXT(2) 
PARAMETRIC_REPRESENTATION_CONTEXT() REPRESENTATION_CONTEXT('2D SPACE',''
  ) );
#847 = ORIENTED_EDGE('',*,*,#674,.F.);
#848 = ORIENTED_EDGE('',*,*,#849,.F.);
#849 = EDGE_CURVE('',#797,#675,#850,.T.);
#850 = SURFACE_CURVE('',#851,(#856,#863),.PCURVE_S1.);
#851 = CIRCLE('',#852,0.100049121181);
#852 = AXIS2_PLACEMENT_3D('',#853,#854,#855);
#853 = CARTESIAN_POINT('',(-0.713756609036,-1.5873015E-02,
    -0.423809476767));
#854 = DIRECTION('',(0.,-1.,0.));
#855 = DIRECTION('',(1.,0.,0.));
#856 = PCURVE('',#697,#857);
#857 = DEFINITIONAL_REPRESENTATION('',(#858),#862);
#858 = LINE('',#859,#860);
#859 = CARTESIAN_POINT('',(-0.,0.));
#860 = VECTOR('',#861,1.);
#861 = DIRECTION('',(-1.,0.));
#862 = ( GEOMETRIC_REPRESENTATION_CONTEXT(2) 
PARAMETRIC_REPRESENTATION_CONTEXT() REPRESENTATION_CONTEXT('2D SPACE',''
  ) );
#863 = PCURVE('',#864,#869);
#864 = CYLINDRICAL_SURFACE('',#865,0.100049121181);
#865 = AXIS2_PLACEMENT_3D('',#866,#867,#868);
#866 = CARTESIAN_POINT('',(-0.713756609036,-1.5873015E-02,
    -0.423809476767));
#867 = DIRECTION('',(0.,-1.,0.));
#868 = DIRECTION('',(1.,0.,0.));
#869 = DEFINITIONAL_REPRESENTATION('',(#870),#874);
#870 = LINE('',#871,#872);
#871 = CARTESIAN_POINT('',(0.,0.));
#872 = VECTOR('',#873,1.);
#873 = DIRECTION('',(1.,0.));
#874 = ( GEOMETRIC_REPRESENTATION_CONTEXT(2) 
PARAMETRIC_REPRESENTATION_CONTEXT() REPRESENTATION_CONTEXT('2D SPACE',''
  ) );
#875 = ADVANCED_FACE('',(#876),#754,.T.);
#876 = FACE_BOUND('',#877,.F.);
#877 = EDGE_LOOP('',(#878,#879,#901,#902));
#878 = ORIENTED_EDGE('',*,*,#738,.T.);
#879 = ORIENTED_EDGE('',*,*,#880,.T.);
#880 = EDGE_CURVE('',#710,#799,#881,.T.);
#881 = SURFACE_CURVE('',#882,(#887,#894),.PCURVE_S1.);
#882 = CIRCLE('',#883,0.162402947744);
#883 = AXIS2_PLACEMENT_3D('',#884,#885,#886);
#884 = CARTESIAN_POINT('',(-0.713756609036,-0.126984179,-0.495767144435)
  );
#885 = DIRECTION('',(0.,-1.,0.));
#886 = DIRECTION('',(1.,0.,0.));
#887 = PCURVE('',#754,#888);
#888 = DEFINITIONAL_REPRESENTATION('',(#889),#893);
#889 = LINE('',#890,#891);
#890 = CARTESIAN_POINT('',(-0.,-0.111111164));
#891 = VECTOR('',#892,1.);
#892 = DIRECTION('',(-1.,0.));
#893 = ( GEOMETRIC_REPRESENTATION_CONTEXT(2) 
PARAMETRIC_REPRESENTATION_CONTEXT() REPRESENTATION_CONTEXT('2D SPACE',''
  ) );
#894 = PCURVE('',#726,#895);
#895 = DEFINITIONAL_REPRESENTATION('',(#896),#900);
#896 = CIRCLE('',#897,0.162402947744);
#897 = AXIS2_PLACEMENT_2D('',#898,#899);
#898 = CARTESIAN_POINT('',(-0.697883594036,-0.479894129435));
#899 = DIRECTION('',(1.,0.));
#900 = ( GEOMETRIC_REPRESENTATION_CONTEXT(2) 
PARAMETRIC_REPRESENTATION_CONTEXT() REPRESENTATION_CONTEXT('2D SPACE',''
  ) );
#901 = ORIENTED_EDGE('',*,*,#796,.F.);
#902 = ORIENTED_EDGE('',*,*,#903,.F.);
#903 = EDGE_CURVE('',#739,#797,#904,.T.);
#904 = SURFACE_CURVE('',#905,(#910,#917),.PCURVE_S1.);
#905 = CIRCLE('',#906,0.162402947744);
#906 = AXIS2_PLACEMENT_3D('',#907,#908,#909);
#907 = CARTESIAN_POINT('',(-0.713756609036,-1.5873015E-02,
    -0.495767144435));
#908 = DIRECTION('',(0.,-1.,0.));
#909 = DIRECTION('',(1.,0.,0.));
#910 = PCURVE('',#754,#911);
#911 = DEFINITIONAL_REPRESENTATION('',(#912),#916);
#912 = LINE('',#913,#914);
#913 = CARTESIAN_POINT('',(-0.,0.));
#914 = VECTOR('',#915,1.);
#915 = DIRECTION('',(-1.,0.));
#916 = ( GEOMETRIC_REPRESENTATION_CONTEXT(2) 
PARAMETRIC_REPRESENTATION_CONTEXT() REPRESENTATION_CONTEXT('2D SPACE',''
  ) );
#917 = PCURVE('',#918,#923);
#918 = CYLINDRICAL_SURFACE('',#919,0.162402947744);
#919 = AXIS2_PLACEMENT_3D('',#920,#921,#922);
#920 = CARTESIAN_POINT('',(-0.713756609036,-1.5873015E-02,
    -0.495767144435));
#921 = DIRECTION('',(0.,-1.,0.));
#922 = DIRECTION('',(1.,0.,0.));
#923 = DEFINITIONAL_REPRESENTATION('',(#924),#928);
#924 = LINE('',#925,#926);
#925 = CARTESIAN_POINT('',(0.,0.));
#926 = VECTOR('',#927,1.);
#927 = DIRECTION('',(1.,0.));
#928 = ( GEOMETRIC_REPRESENTATION_CONTEXT(2) 
PARAMETRIC_REPRESENTATION_CONTEXT() REPRESENTATION_CONTEXT('2D SPACE',''
  ) );
#929 = ADVANCED_FACE('',(#930),#781,.T.);
#930 = FACE_BOUND('',#931,.T.);
#931 = EDGE_LOOP('',(#932,#955,#984,#1005));
#932 = ORIENTED_EDGE('',*,*,#933,.T.);
#933 = EDGE_CURVE('',#675,#934,#936,.T.);
#934 = VERTEX_POINT('',#935);
#935 = CARTESIAN_POINT('',(-0.776743846956,0.,-0.346076378871));
#936 = SURFACE_CURVE('',#937,(#941,#948),.PCURVE_S1.);
#937 = LINE('',#938,#939);
#938 = CARTESIAN_POINT('',(-0.776743846956,-1.5873015E-02,
    -0.346076378871));
#939 = VECTOR('',#940,1.);
#940 = DIRECTION('',(-0.,1.,-0.));
#941 = PCURVE('',#781,#942);
#942 = DEFINITIONAL_REPRESENTATION('',(#943),#947);
#943 = LINE('',#944,#945);
#944 = CARTESIAN_POINT('',(1.969089202905,0.));
#945 = VECTOR('',#946,1.);
#946 = DIRECTION('',(0.,-1.));
#947 = ( GEOMETRIC_REPRESENTATION_CONTEXT(2) 
PARAMETRIC_REPRESENTATION_CONTEXT() REPRESENTATION_CONTEXT('2D SPACE',''
  ) );
#948 = PCURVE('',#864,#949);
#949 = DEFINITIONAL_REPRESENTATION('',(#950),#954);
#950 = LINE('',#951,#952);
#951 = CARTESIAN_POINT('',(2.251787121704,0.));
#952 = VECTOR('',#953,1.);
#953 = DIRECTION('',(0.,-1.));
#954 = ( GEOMETRIC_REPRESENTATION_CONTEXT(2) 
PARAMETRIC_REPRESENTATION_CONTEXT() REPRESENTATION_CONTEXT('2D SPACE',''
  ) );
#955 = ORIENTED_EDGE('',*,*,#956,.T.);
#956 = EDGE_CURVE('',#934,#957,#959,.T.);
#957 = VERTEX_POINT('',#958);
#958 = CARTESIAN_POINT('',(-0.551353661292,0.,-0.495767144435));
#959 = SURFACE_CURVE('',#960,(#965,#972),.PCURVE_S1.);
#960 = CIRCLE('',#961,0.162402947744);
#961 = AXIS2_PLACEMENT_3D('',#962,#963,#964);
#962 = CARTESIAN_POINT('',(-0.713756609036,0.,-0.495767144435));
#963 = DIRECTION('',(0.,-1.,0.));
#964 = DIRECTION('',(1.,0.,0.));
#965 = PCURVE('',#781,#966);
#966 = DEFINITIONAL_REPRESENTATION('',(#967),#971);
#967 = LINE('',#968,#969);
#968 = CARTESIAN_POINT('',(0.,-1.5873015E-02));
#969 = VECTOR('',#970,1.);
#970 = DIRECTION('',(1.,0.));
#971 = ( GEOMETRIC_REPRESENTATION_CONTEXT(2) 
PARAMETRIC_REPRESENTATION_CONTEXT() REPRESENTATION_CONTEXT('2D SPACE',''
  ) );
#972 = PCURVE('',#973,#978);
#973 = PLANE('',#974);
#974 = AXIS2_PLACEMENT_3D('',#975,#976,#977);
#975 = CARTESIAN_POINT('',(-1.5873015E-02,0.,-1.5873015E-02));
#976 = DIRECTION('',(0.,-1.,0.));
#977 = DIRECTION('',(1.,0.,0.));
#978 = DEFINITIONAL_REPRESENTATION('',(#979),#983);
#979 = CIRCLE('',#980,0.162402947744);
#980 = AXIS2_PLACEMENT_2D('',#981,#982);
#981 = CARTESIAN_POINT('',(-0.697883594036,-0.479894129435));
#982 = DIRECTION('',(1.,0.));
#983 = ( GEOMETRIC_REPRESENTATION_CONTEXT(2) 
PARAMETRIC_REPRESENTATION_CONTEXT() REPRESENTATION_CONTEXT('2D SPACE',''
  ) );
#984 = ORIENTED_EDGE('',*,*,#985,.F.);
#985 = EDGE_CURVE('',#739,#957,#986,.T.);
#986 = SURFACE_CURVE('',#987,(#991,#998),.PCURVE_S1.);
#987 = LINE('',#988,#989);
#988 = CARTESIAN_POINT('',(-0.551353661292,-1.5873015E-02,
    -0.495767144435));
#989 = VECTOR('',#990,1.);
#990 = DIRECTION('',(-0.,1.,-0.));
#991 = PCURVE('',#781,#992);
#992 = DEFINITIONAL_REPRESENTATION('',(#993),#997);
#993 = LINE('',#994,#995);
#994 = CARTESIAN_POINT('',(6.28318530718,0.));
#995 = VECTOR('',#996,1.);
#996 = DIRECTION('',(0.,-1.));
#997 = ( GEOMETRIC_REPRESENTATION_CONTEXT(2) 
PARAMETRIC_REPRESENTATION_CONTEXT() REPRESENTATION_CONTEXT('2D SPACE',''
  ) );
#998 = PCURVE('',#918,#999);
#999 = DEFINITIONAL_REPRESENTATION('',(#1000),#1004);
#1000 = LINE('',#1001,#1002);
#1001 = CARTESIAN_POINT('',(0.,0.));
#1002 = VECTOR('',#1003,1.);
#1003 = DIRECTION('',(0.,-1.));
#1004 = ( GEOMETRIC_REPRESENTATION_CONTEXT(2) 
PARAMETRIC_REPRESENTATION_CONTEXT() REPRESENTATION_CONTEXT('2D SPACE',''
  ) );
#1005 = ORIENTED_EDGE('',*,*,#766,.F.);
#1006 = ADVANCED_FACE('',(#1007),#726,.T.);
#1007 = FACE_BOUND('',#1008,.T.);
#1008 = EDGE_LOOP('',(#1009,#1010,#1011,#1040,#1064,#1093,#1122));
#1009 = ORIENTED_EDGE('',*,*,#709,.T.);
#1010 = ORIENTED_EDGE('',*,*,#880,.T.);
#1011 = ORIENTED_EDGE('',*,*,#1012,.F.);
#1012 = EDGE_CURVE('',#1013,#799,#1015,.T.);
#1013 = VERTEX_POINT('',#1014);
#1014 = CARTESIAN_POINT('',(-0.613707487855,-0.126984179,-0.423809476767
    ));
#1015 = SURFACE_CURVE('',#1016,(#1021,#1028),.PCURVE_S1.);
#1016 = CIRCLE('',#1017,0.100049121181);
#1017 = AXIS2_PLACEMENT_3D('',#1018,#1019,#1020);
#1018 = CARTESIAN_POINT('',(-0.713756609036,-0.126984179,-0.423809476767
    ));
#1019 = DIRECTION('',(0.,-1.,0.));
#1020 = DIRECTION('',(1.,0.,0.));
#1021 = PCURVE('',#726,#1022);
#1022 = DEFINITIONAL_REPRESENTATION('',(#1023),#1027);
#1023 = CIRCLE('',#1024,0.100049121181);
#1024 = AXIS2_PLACEMENT_2D('',#1025,#1026);
#1025 = CARTESIAN_POINT('',(-0.697883594036,-0.407936461767));
#1026 = DIRECTION('',(1.,0.));
#1027 = ( GEOMETRIC_REPRESENTATION_CONTEXT(2) 
PARAMETRIC_REPRESENTATION_CONTEXT() REPRESENTATION_CONTEXT('2D SPACE',''
  ) );
#1028 = PCURVE('',#1029,#1034);
#1029 = PLANE('',#1030);
#1030 = AXIS2_PLACEMENT_3D('',#1031,#1032,#1033);
#1031 = CARTESIAN_POINT('',(-1.5873015E-02,-0.126984179,-1.5873015E-02)
  );
#1032 = DIRECTION('',(0.,-1.,0.));
#1033 = DIRECTION('',(1.,0.,0.));
#1034 = DEFINITIONAL_REPRESENTATION('',(#1035),#1039);
#1035 = CIRCLE('',#1036,0.100049121181);
#1036 = AXIS2_PLACEMENT_2D('',#1037,#1038);
#1037 = CARTESIAN_POINT('',(-0.697883594036,-0.407936461767));
#1038 = DIRECTION('',(1.,0.));
#1039 = ( GEOMETRIC_REPRESENTATION_CONTEXT(2) 
PARAMETRIC_REPRESENTATION_CONTEXT() REPRESENTATION_CONTEXT('2D SPACE',''
  ) );
#1040 = ORIENTED_EDGE('',*,*,#1041,.F.);
#1041 = EDGE_CURVE('',#1042,#1013,#1044,.T.);
#1042 = VERTEX_POINT('',#1043);
#1043 = CARTESIAN_POINT('',(-0.61372405263,-0.126984179,-0.425630000847)
  );
#1044 = SURFACE_CURVE('',#1045,(#1050,#1057),.PCURVE_S1.);
#1045 = CIRCLE('',#1046,0.100049121181);
#1046 = AXIS2_PLACEMENT_3D('',#1047,#1048,#1049);
#1047 = CARTESIAN_POINT('',(-0.713756609036,-0.126984179,-0.423809476767
    ));
#1048 = DIRECTION('',(0.,-1.,0.));
#1049 = DIRECTION('',(1.,0.,0.));
#1050 = PCURVE('',#726,#1051);
#1051 = DEFINITIONAL_REPRESENTATION('',(#1052),#1056);
#1052 = CIRCLE('',#1053,0.100049121181);
#1053 = AXIS2_PLACEMENT_2D('',#1054,#1055);
#1054 = CARTESIAN_POINT('',(-0.697883594036,-0.407936461767));
#1055 = DIRECTION('',(1.,0.));
#1056 = ( GEOMETRIC_REPRESENTATION_CONTEXT(2) 
PARAMETRIC_REPRESENTATION_CONTEXT() REPRESENTATION_CONTEXT('2D SPACE',''
  ) );
#1057 = PCURVE('',#1029,#1058);
#1058 = DEFINITIONAL_REPRESENTATION('',(#1059),#1063);
#1059 = CIRCLE('',#1060,0.100049121181);
#1060 = AXIS2_PLACEMENT_2D('',#1061,#1062);
#1061 = CARTESIAN_POINT('',(-0.697883594036,-0.407936461767));
#1062 = DIRECTION('',(1.,0.));
#1063 = ( GEOMETRIC_REPRESENTATION_CONTEXT(2) 
PARAMETRIC_REPRESENTATION_CONTEXT() REPRESENTATION_CONTEXT('2D SPACE',''
  ) );
#1064 = ORIENTED_EDGE('',*,*,#1065,.F.);
#1065 = EDGE_CURVE('',#1066,#1042,#1068,.T.);
#1066 = VERTEX_POINT('',#1067);
#1067 = CARTESIAN_POINT('',(-0.58783065684,-0.126984179,-0.495767144435)
  );
#1068 = SURFACE_CURVE('',#1069,(#1074,#1081),.PCURVE_S1.);
#1069 = CIRCLE('',#1070,0.107936535279);
#1070 = AXIS2_PLACEMENT_3D('',#1071,#1072,#1073);
#1071 = CARTESIAN_POINT('',(-0.695767192119,-0.126984179,-0.495767144435
    ));
#1072 = DIRECTION('',(0.,-1.,0.));
#1073 = DIRECTION('',(1.,0.,0.));
#1074 = PCURVE('',#726,#1075);
#1075 = DEFINITIONAL_REPRESENTATION('',(#1076),#1080);
#1076 = CIRCLE('',#1077,0.107936535279);
#1077 = AXIS2_PLACEMENT_2D('',#1078,#1079);
#1078 = CARTESIAN_POINT('',(-0.679894177119,-0.479894129435));
#1079 = DIRECTION('',(1.,0.));
#1080 = ( GEOMETRIC_REPRESENTATION_CONTEXT(2) 
PARAMETRIC_REPRESENTATION_CONTEXT() REPRESENTATION_CONTEXT('2D SPACE',''
  ) );
#1081 = PCURVE('',#1082,#1087);
#1082 = CYLINDRICAL_SURFACE('',#1083,0.107936535279);
#1083 = AXIS2_PLACEMENT_3D('',#1084,#1085,#1086);
#1084 = CARTESIAN_POINT('',(-0.695767192119,-1.5873015E-02,
    -0.495767144435));
#1085 = DIRECTION('',(-0.,1.,-0.));
#1086 = DIRECTION('',(1.,0.,0.));
#1087 = DEFINITIONAL_REPRESENTATION('',(#1088),#1092);
#1088 = LINE('',#1089,#1090);
#1089 = CARTESIAN_POINT('',(-0.,-0.111111164));
#1090 = VECTOR('',#1091,1.);
#1091 = DIRECTION('',(-1.,0.));
#1092 = ( GEOMETRIC_REPRESENTATION_CONTEXT(2) 
PARAMETRIC_REPRESENTATION_CONTEXT() REPRESENTATION_CONTEXT('2D SPACE',''
  ) );
#1093 = ORIENTED_EDGE('',*,*,#1094,.F.);
#1094 = EDGE_CURVE('',#1095,#1066,#1097,.T.);
#1095 = VERTEX_POINT('',#1096);
#1096 = CARTESIAN_POINT('',(-0.801163912181,-0.126984179,-0.472489965734
    ));
#1097 = SURFACE_CURVE('',#1098,(#1103,#1110),.PCURVE_S1.);
#1098 = CIRCLE('',#1099,0.107936535279);
#1099 = AXIS2_PLACEMENT_3D('',#1100,#1101,#1102);
#1100 = CARTESIAN_POINT('',(-0.695767192119,-0.126984179,-0.495767144435
    ));
#1101 = DIRECTION('',(0.,-1.,0.));
#1102 = DIRECTION('',(1.,0.,0.));
#1103 = PCURVE('',#726,#1104);
#1104 = DEFINITIONAL_REPRESENTATION('',(#1105),#1109);
#1105 = CIRCLE('',#1106,0.107936535279);
#1106 = AXIS2_PLACEMENT_2D('',#1107,#1108);
#1107 = CARTESIAN_POINT('',(-0.679894177119,-0.479894129435));
#1108 = DIRECTION('',(1.,0.));
#1109 = ( GEOMETRIC_REPRESENTATION_CONTEXT(2) 
PARAMETRIC_REPRESENTATION_CONTEXT() REPRESENTATION_CONTEXT('2D SPACE',''
  ) );
#1110 = PCURVE('',#1111,#1116);
#1111 = CYLINDRICAL_SURFACE('',#1112,0.107936535279);
#1112 = AXIS2_PLACEMENT_3D('',#1113,#1114,#1115);
#1113 = CARTESIAN_POINT('',(-0.695767192119,-1.5873015E-02,
    -0.495767144435));
#1114 = DIRECTION('',(-0.,1.,-0.));
#1115 = DIRECTION('',(1.,0.,0.));
#1116 = DEFINITIONAL_REPRESENTATION('',(#1117),#1121);
#1117 = LINE('',#1118,#1119);
#1118 = CARTESIAN_POINT('',(-0.,-0.111111164));
#1119 = VECTOR('',#1120,1.);
#1120 = DIRECTION('',(-1.,0.));
#1121 = ( GEOMETRIC_REPRESENTATION_CONTEXT(2) 
PARAMETRIC_REPRESENTATION_CONTEXT() REPRESENTATION_CONTEXT('2D SPACE',''
  ) );
#1122 = ORIENTED_EDGE('',*,*,#1123,.F.);
#1123 = EDGE_CURVE('',#677,#1095,#1124,.T.);
#1124 = SURFACE_CURVE('',#1125,(#1130,#1137),.PCURVE_S1.);
#1125 = CIRCLE('',#1126,0.100049121181);
#1126 = AXIS2_PLACEMENT_3D('',#1127,#1128,#1129);
#1127 = CARTESIAN_POINT('',(-0.713756609036,-0.126984179,-0.423809476767
    ));
#1128 = DIRECTION('',(0.,-1.,0.));
#1129 = DIRECTION('',(1.,0.,0.));
#1130 = PCURVE('',#726,#1131);
#1131 = DEFINITIONAL_REPRESENTATION('',(#1132),#1136);
#1132 = CIRCLE('',#1133,0.100049121181);
#1133 = AXIS2_PLACEMENT_2D('',#1134,#1135);
#1134 = CARTESIAN_POINT('',(-0.697883594036,-0.407936461767));
#1135 = DIRECTION('',(1.,0.));
#1136 = ( GEOMETRIC_REPRESENTATION_CONTEXT(2) 
PARAMETRIC_REPRESENTATION_CONTEXT() REPRESENTATION_CONTEXT('2D SPACE',''
  ) );
#1137 = PCURVE('',#1029,#1138);
#1138 = DEFINITIONAL_REPRESENTATION('',(#1139),#1143);
#1139 = CIRCLE('',#1140,0.100049121181);
#1140 = AXIS2_PLACEMENT_2D('',#1141,#1142);
#1141 = CARTESIAN_POINT('',(-0.697883594036,-0.407936461767));
#1142 = DIRECTION('',(1.,0.));
#1143 = ( GEOMETRIC_REPRESENTATION_CONTEXT(2) 
PARAMETRIC_REPRESENTATION_CONTEXT() REPRESENTATION_CONTEXT('2D SPACE',''
  ) );
#1144 = ADVANCED_FACE('',(#1145),#864,.T.);
#1145 = FACE_BOUND('',#1146,.T.);
#1146 = EDGE_LOOP('',(#1147,#1170,#1197,#1198));
#1147 = ORIENTED_EDGE('',*,*,#1148,.T.);
#1148 = EDGE_CURVE('',#797,#1149,#1151,.T.);
#1149 = VERTEX_POINT('',#1150);
#1150 = CARTESIAN_POINT('',(-0.650769371117,0.,-0.346076378871));
#1151 = SURFACE_CURVE('',#1152,(#1156,#1163),.PCURVE_S1.);
#1152 = LINE('',#1153,#1154);
#1153 = CARTESIAN_POINT('',(-0.650769371117,-1.5873015E-02,
    -0.346076378871));
#1154 = VECTOR('',#1155,1.);
#1155 = DIRECTION('',(-0.,1.,-0.));
#1156 = PCURVE('',#864,#1157);
#1157 = DEFINITIONAL_REPRESENTATION('',(#1158),#1162);
#1158 = LINE('',#1159,#1160);
#1159 = CARTESIAN_POINT('',(0.889805531886,0.));
#1160 = VECTOR('',#1161,1.);
#1161 = DIRECTION('',(0.,-1.));
#1162 = ( GEOMETRIC_REPRESENTATION_CONTEXT(2) 
PARAMETRIC_REPRESENTATION_CONTEXT() REPRESENTATION_CONTEXT('2D SPACE',''
  ) );
#1163 = PCURVE('',#918,#1164);
#1164 = DEFINITIONAL_REPRESENTATION('',(#1165),#1169);
#1165 = LINE('',#1166,#1167);
#1166 = CARTESIAN_POINT('',(1.172503450685,0.));
#1167 = VECTOR('',#1168,1.);
#1168 = DIRECTION('',(0.,-1.));
#1169 = ( GEOMETRIC_REPRESENTATION_CONTEXT(2) 
PARAMETRIC_REPRESENTATION_CONTEXT() REPRESENTATION_CONTEXT('2D SPACE',''
  ) );
#1170 = ORIENTED_EDGE('',*,*,#1171,.T.);
#1171 = EDGE_CURVE('',#1149,#934,#1172,.T.);
#1172 = SURFACE_CURVE('',#1173,(#1178,#1185),.PCURVE_S1.);
#1173 = CIRCLE('',#1174,0.100049121181);
#1174 = AXIS2_PLACEMENT_3D('',#1175,#1176,#1177);
#1175 = CARTESIAN_POINT('',(-0.713756609036,0.,-0.423809476767));
#1176 = DIRECTION('',(0.,-1.,0.));
#1177 = DIRECTION('',(1.,0.,0.));
#1178 = PCURVE('',#864,#1179);
#1179 = DEFINITIONAL_REPRESENTATION('',(#1180),#1184);
#1180 = LINE('',#1181,#1182);
#1181 = CARTESIAN_POINT('',(0.,-1.5873015E-02));
#1182 = VECTOR('',#1183,1.);
#1183 = DIRECTION('',(1.,0.));
#1184 = ( GEOMETRIC_REPRESENTATION_CONTEXT(2) 
PARAMETRIC_REPRESENTATION_CONTEXT() REPRESENTATION_CONTEXT('2D SPACE',''
  ) );
#1185 = PCURVE('',#1186,#1191);
#1186 = PLANE('',#1187);
#1187 = AXIS2_PLACEMENT_3D('',#1188,#1189,#1190);
#1188 = CARTESIAN_POINT('',(-1.5873015E-02,0.,-1.5873015E-02));
#1189 = DIRECTION('',(0.,-1.,0.));
#1190 = DIRECTION('',(1.,0.,0.));
#1191 = DEFINITIONAL_REPRESENTATION('',(#1192),#1196);
#1192 = CIRCLE('',#1193,0.100049121181);
#1193 = AXIS2_PLACEMENT_2D('',#1194,#1195);
#1194 = CARTESIAN_POINT('',(-0.697883594036,-0.407936461767));
#1195 = DIRECTION('',(1.,0.));
#1196 = ( GEOMETRIC_REPRESENTATION_CONTEXT(2) 
PARAMETRIC_REPRESENTATION_CONTEXT() REPRESENTATION_CONTEXT('2D SPACE',''
  ) );
#1197 = ORIENTED_EDGE('',*,*,#933,.F.);
#1198 = ORIENTED_EDGE('',*,*,#849,.F.);
#1199 = ADVANCED_FACE('',(#1200),#836,.T.);
#1200 = FACE_BOUND('',#1201,.T.);
#1201 = EDGE_LOOP('',(#1202,#1224));
#1202 = ORIENTED_EDGE('',*,*,#1203,.F.);
#1203 = EDGE_CURVE('',#799,#677,#1204,.T.);
#1204 = SURFACE_CURVE('',#1205,(#1210,#1217),.PCURVE_S1.);
#1205 = CIRCLE('',#1206,0.162402947744);
#1206 = AXIS2_PLACEMENT_3D('',#1207,#1208,#1209);
#1207 = CARTESIAN_POINT('',(-0.713756609036,-0.126984179,-0.495767144435
    ));
#1208 = DIRECTION('',(0.,-1.,0.));
#1209 = DIRECTION('',(1.,0.,0.));
#1210 = PCURVE('',#836,#1211);
#1211 = DEFINITIONAL_REPRESENTATION('',(#1212),#1216);
#1212 = CIRCLE('',#1213,0.162402947744);
#1213 = AXIS2_PLACEMENT_2D('',#1214,#1215);
#1214 = CARTESIAN_POINT('',(-0.697883594036,-0.479894129435));
#1215 = DIRECTION('',(1.,0.));
#1216 = ( GEOMETRIC_REPRESENTATION_CONTEXT(2) 
PARAMETRIC_REPRESENTATION_CONTEXT() REPRESENTATION_CONTEXT('2D SPACE',''
  ) );
#1217 = PCURVE('',#1029,#1218);
#1218 = DEFINITIONAL_REPRESENTATION('',(#1219),#1223);
#1219 = CIRCLE('',#1220,0.162402947744);
#1220 = AXIS2_PLACEMENT_2D('',#1221,#1222);
#1221 = CARTESIAN_POINT('',(-0.697883594036,-0.479894129435));
#1222 = DIRECTION('',(1.,0.));
#1223 = ( GEOMETRIC_REPRESENTATION_CONTEXT(2) 
PARAMETRIC_REPRESENTATION_CONTEXT() REPRESENTATION_CONTEXT('2D SPACE',''
  ) );
#1224 = ORIENTED_EDGE('',*,*,#821,.T.);
#1225 = ADVANCED_FACE('',(#1226),#918,.T.);
#1226 = FACE_BOUND('',#1227,.T.);
#1227 = EDGE_LOOP('',(#1228,#1229,#1251,#1252));
#1228 = ORIENTED_EDGE('',*,*,#985,.T.);
#1229 = ORIENTED_EDGE('',*,*,#1230,.T.);
#1230 = EDGE_CURVE('',#957,#1149,#1231,.T.);
#1231 = SURFACE_CURVE('',#1232,(#1237,#1244),.PCURVE_S1.);
#1232 = CIRCLE('',#1233,0.162402947744);
#1233 = AXIS2_PLACEMENT_3D('',#1234,#1235,#1236);
#1234 = CARTESIAN_POINT('',(-0.713756609036,0.,-0.495767144435));
#1235 = DIRECTION('',(0.,-1.,0.));
#1236 = DIRECTION('',(1.,0.,0.));
#1237 = PCURVE('',#918,#1238);
#1238 = DEFINITIONAL_REPRESENTATION('',(#1239),#1243);
#1239 = LINE('',#1240,#1241);
#1240 = CARTESIAN_POINT('',(0.,-1.5873015E-02));
#1241 = VECTOR('',#1242,1.);
#1242 = DIRECTION('',(1.,0.));
#1243 = ( GEOMETRIC_REPRESENTATION_CONTEXT(2) 
PARAMETRIC_REPRESENTATION_CONTEXT() REPRESENTATION_CONTEXT('2D SPACE',''
  ) );
#1244 = PCURVE('',#973,#1245);
#1245 = DEFINITIONAL_REPRESENTATION('',(#1246),#1250);
#1246 = CIRCLE('',#1247,0.162402947744);
#1247 = AXIS2_PLACEMENT_2D('',#1248,#1249);
#1248 = CARTESIAN_POINT('',(-0.697883594036,-0.479894129435));
#1249 = DIRECTION('',(1.,0.));
#1250 = ( GEOMETRIC_REPRESENTATION_CONTEXT(2) 
PARAMETRIC_REPRESENTATION_CONTEXT() REPRESENTATION_CONTEXT('2D SPACE',''
  ) );
#1251 = ORIENTED_EDGE('',*,*,#1148,.F.);
#1252 = ORIENTED_EDGE('',*,*,#903,.F.);
#1253 = ADVANCED_FACE('',(#1254),#973,.F.);
#1254 = FACE_BOUND('',#1255,.F.);
#1255 = EDGE_LOOP('',(#1256,#1257,#1258,#1287,#1311,#1340,#1369));
#1256 = ORIENTED_EDGE('',*,*,#956,.T.);
#1257 = ORIENTED_EDGE('',*,*,#1230,.T.);
#1258 = ORIENTED_EDGE('',*,*,#1259,.F.);
#1259 = EDGE_CURVE('',#1260,#1149,#1262,.T.);
#1260 = VERTEX_POINT('',#1261);
#1261 = CARTESIAN_POINT('',(-0.613707487855,0.,-0.423809476767));
#1262 = SURFACE_CURVE('',#1263,(#1268,#1275),.PCURVE_S1.);
#1263 = CIRCLE('',#1264,0.100049121181);
#1264 = AXIS2_PLACEMENT_3D('',#1265,#1266,#1267);
#1265 = CARTESIAN_POINT('',(-0.713756609036,0.,-0.423809476767));
#1266 = DIRECTION('',(0.,-1.,0.));
#1267 = DIRECTION('',(1.,0.,0.));
#1268 = PCURVE('',#973,#1269);
#1269 = DEFINITIONAL_REPRESENTATION('',(#1270),#1274);
#1270 = CIRCLE('',#1271,0.100049121181);
#1271 = AXIS2_PLACEMENT_2D('',#1272,#1273);
#1272 = CARTESIAN_POINT('',(-0.697883594036,-0.407936461767));
#1273 = DIRECTION('',(1.,0.));
#1274 = ( GEOMETRIC_REPRESENTATION_CONTEXT(2) 
PARAMETRIC_REPRESENTATION_CONTEXT() REPRESENTATION_CONTEXT('2D SPACE',''
  ) );
#1275 = PCURVE('',#1276,#1281);
#1276 = PLANE('',#1277);
#1277 = AXIS2_PLACEMENT_3D('',#1278,#1279,#1280);
#1278 = CARTESIAN_POINT('',(-1.5873015E-02,0.,-1.5873015E-02));
#1279 = DIRECTION('',(0.,-1.,0.));
#1280 = DIRECTION('',(1.,0.,0.));
#1281 = DEFINITIONAL_REPRESENTATION('',(#1282),#1286);
#1282 = CIRCLE('',#1283,0.100049121181);
#1283 = AXIS2_PLACEMENT_2D('',#1284,#1285);
#1284 = CARTESIAN_POINT('',(-0.697883594036,-0.407936461767));
#1285 = DIRECTION('',(1.,0.));
#1286 = ( GEOMETRIC_REPRESENTATION_CONTEXT(2) 
PARAMETRIC_REPRESENTATION_CONTEXT() REPRESENTATION_CONTEXT('2D SPACE',''
  ) );
#1287 = ORIENTED_EDGE('',*,*,#1288,.F.);
#1288 = EDGE_CURVE('',#1289,#1260,#1291,.T.);
#1289 = VERTEX_POINT('',#1290);
#1290 = CARTESIAN_POINT('',(-0.61372405263,0.,-0.425630000847));
#1291 = SURFACE_CURVE('',#1292,(#1297,#1304),.PCURVE_S1.);
#1292 = CIRCLE('',#1293,0.100049121181);
#1293 = AXIS2_PLACEMENT_3D('',#1294,#1295,#1296);
#1294 = CARTESIAN_POINT('',(-0.713756609036,0.,-0.423809476767));
#1295 = DIRECTION('',(0.,-1.,0.));
#1296 = DIRECTION('',(1.,0.,0.));
#1297 = PCURVE('',#973,#1298);
#1298 = DEFINITIONAL_REPRESENTATION('',(#1299),#1303);
#1299 = CIRCLE('',#1300,0.100049121181);
#1300 = AXIS2_PLACEMENT_2D('',#1301,#1302);
#1301 = CARTESIAN_POINT('',(-0.697883594036,-0.407936461767));
#1302 = DIRECTION('',(1.,0.));
#1303 = ( GEOMETRIC_REPRESENTATION_CONTEXT(2) 
PARAMETRIC_REPRESENTATION_CONTEXT() REPRESENTATION_CONTEXT('2D SPACE',''
  ) );
#1304 = PCURVE('',#1276,#1305);
#1305 = DEFINITIONAL_REPRESENTATION('',(#1306),#1310);
#1306 = CIRCLE('',#1307,0.100049121181);
#1307 = AXIS2_PLACEMENT_2D('',#1308,#1309);
#1308 = CARTESIAN_POINT('',(-0.697883594036,-0.407936461767));
#1309 = DIRECTION('',(1.,0.));
#1310 = ( GEOMETRIC_REPRESENTATION_CONTEXT(2) 
PARAMETRIC_REPRESENTATION_CONTEXT() REPRESENTATION_CONTEXT('2D SPACE',''
  ) );
#1311 = ORIENTED_EDGE('',*,*,#1312,.F.);
#1312 = EDGE_CURVE('',#1313,#1289,#1315,.T.);
#1313 = VERTEX_POINT('',#1314);
#1314 = CARTESIAN_POINT('',(-0.58783065684,0.,-0.495767144435));
#1315 = SURFACE_CURVE('',#1316,(#1321,#1328),.PCURVE_S1.);
#1316 = CIRCLE('',#1317,0.107936535279);
#1317 = AXIS2_PLACEMENT_3D('',#1318,#1319,#1320);
#1318 = CARTESIAN_POINT('',(-0.695767192119,0.,-0.495767144435));
#1319 = DIRECTION('',(0.,-1.,0.));
#1320 = DIRECTION('',(1.,0.,0.));
#1321 = PCURVE('',#973,#1322);
#1322 = DEFINITIONAL_REPRESENTATION('',(#1323),#1327);
#1323 = CIRCLE('',#1324,0.107936535279);
#1324 = AXIS2_PLACEMENT_2D('',#1325,#1326);
#1325 = CARTESIAN_POINT('',(-0.679894177119,-0.479894129435));
#1326 = DIRECTION('',(1.,0.));
#1327 = ( GEOMETRIC_REPRESENTATION_CONTEXT(2) 
PARAMETRIC_REPRESENTATION_CONTEXT() REPRESENTATION_CONTEXT('2D SPACE',''
  ) );
#1328 = PCURVE('',#1329,#1334);
#1329 = CYLINDRICAL_SURFACE('',#1330,0.107936535279);
#1330 = AXIS2_PLACEMENT_3D('',#1331,#1332,#1333);
#1331 = CARTESIAN_POINT('',(-0.695767192119,-1.5873015E-02,
    -0.495767144435));
#1332 = DIRECTION('',(0.,-1.,0.));
#1333 = DIRECTION('',(1.,0.,0.));
#1334 = DEFINITIONAL_REPRESENTATION('',(#1335),#1339);
#1335 = LINE('',#1336,#1337);
#1336 = CARTESIAN_POINT('',(0.,-1.5873015E-02));
#1337 = VECTOR('',#1338,1.);
#1338 = DIRECTION('',(1.,0.));
#1339 = ( GEOMETRIC_REPRESENTATION_CONTEXT(2) 
PARAMETRIC_REPRESENTATION_CONTEXT() REPRESENTATION_CONTEXT('2D SPACE',''
  ) );
#1340 = ORIENTED_EDGE('',*,*,#1341,.F.);
#1341 = EDGE_CURVE('',#1342,#1313,#1344,.T.);
#1342 = VERTEX_POINT('',#1343);
#1343 = CARTESIAN_POINT('',(-0.801163912181,0.,-0.472489965734));
#1344 = SURFACE_CURVE('',#1345,(#1350,#1357),.PCURVE_S1.);
#1345 = CIRCLE('',#1346,0.107936535279);
#1346 = AXIS2_PLACEMENT_3D('',#1347,#1348,#1349);
#1347 = CARTESIAN_POINT('',(-0.695767192119,0.,-0.495767144435));
#1348 = DIRECTION('',(0.,-1.,0.));
#1349 = DIRECTION('',(1.,0.,0.));
#1350 = PCURVE('',#973,#1351);
#1351 = DEFINITIONAL_REPRESENTATION('',(#1352),#1356);
#1352 = CIRCLE('',#1353,0.107936535279);
#1353 = AXIS2_PLACEMENT_2D('',#1354,#1355);
#1354 = CARTESIAN_POINT('',(-0.679894177119,-0.479894129435));
#1355 = DIRECTION('',(1.,0.));
#1356 = ( GEOMETRIC_REPRESENTATION_CONTEXT(2) 
PARAMETRIC_REPRESENTATION_CONTEXT() REPRESENTATION_CONTEXT('2D SPACE',''
  ) );
#1357 = PCURVE('',#1358,#1363);
#1358 = CYLINDRICAL_SURFACE('',#1359,0.107936535279);
#1359 = AXIS2_PLACEMENT_3D('',#1360,#1361,#1362);
#1360 = CARTESIAN_POINT('',(-0.695767192119,-1.5873015E-02,
    -0.495767144435));
#1361 = DIRECTION('',(0.,-1.,0.));
#1362 = DIRECTION('',(1.,0.,0.));
#1363 = DEFINITIONAL_REPRESENTATION('',(#1364),#1368);
#1364 = LINE('',#1365,#1366);
#1365 = CARTESIAN_POINT('',(0.,-1.5873015E-02));
#1366 = VECTOR('',#1367,1.);
#1367 = DIRECTION('',(1.,0.));
#1368 = ( GEOMETRIC_REPRESENTATION_CONTEXT(2) 
PARAMETRIC_REPRESENTATION_CONTEXT() REPRESENTATION_CONTEXT('2D SPACE',''
  ) );
#1369 = ORIENTED_EDGE('',*,*,#1370,.F.);
#1370 = EDGE_CURVE('',#934,#1342,#1371,.T.);
#1371 = SURFACE_CURVE('',#1372,(#1377,#1384),.PCURVE_S1.);
#1372 = CIRCLE('',#1373,0.100049121181);
#1373 = AXIS2_PLACEMENT_3D('',#1374,#1375,#1376);
#1374 = CARTESIAN_POINT('',(-0.713756609036,0.,-0.423809476767));
#1375 = DIRECTION('',(0.,-1.,0.));
#1376 = DIRECTION('',(1.,0.,0.));
#1377 = PCURVE('',#973,#1378);
#1378 = DEFINITIONAL_REPRESENTATION('',(#1379),#1383);
#1379 = CIRCLE('',#1380,0.100049121181);
#1380 = AXIS2_PLACEMENT_2D('',#1381,#1382);
#1381 = CARTESIAN_POINT('',(-0.697883594036,-0.407936461767));
#1382 = DIRECTION('',(1.,0.));
#1383 = ( GEOMETRIC_REPRESENTATION_CONTEXT(2) 
PARAMETRIC_REPRESENTATION_CONTEXT() REPRESENTATION_CONTEXT('2D SPACE',''
  ) );
#1384 = PCURVE('',#1276,#1385);
#1385 = DEFINITIONAL_REPRESENTATION('',(#1386),#1390);
#1386 = CIRCLE('',#1387,0.100049121181);
#1387 = AXIS2_PLACEMENT_2D('',#1388,#1389);
#1388 = CARTESIAN_POINT('',(-0.697883594036,-0.407936461767));
#1389 = DIRECTION('',(1.,0.));
#1390 = ( GEOMETRIC_REPRESENTATION_CONTEXT(2) 
PARAMETRIC_REPRESENTATION_CONTEXT() REPRESENTATION_CONTEXT('2D SPACE',''
  ) );
#1391 = ADVANCED_FACE('',(#1392),#1029,.T.);
#1392 = FACE_BOUND('',#1393,.T.);
#1393 = EDGE_LOOP('',(#1394,#1395,#1396,#1397,#1424));
#1394 = ORIENTED_EDGE('',*,*,#1012,.T.);
#1395 = ORIENTED_EDGE('',*,*,#1203,.T.);
#1396 = ORIENTED_EDGE('',*,*,#1123,.T.);
#1397 = ORIENTED_EDGE('',*,*,#1398,.F.);
#1398 = EDGE_CURVE('',#1042,#1095,#1399,.T.);
#1399 = SURFACE_CURVE('',#1400,(#1405,#1412),.PCURVE_S1.);
#1400 = CIRCLE('',#1401,0.107936535279);
#1401 = AXIS2_PLACEMENT_3D('',#1402,#1403,#1404);
#1402 = CARTESIAN_POINT('',(-0.695767192119,-0.126984179,-0.495767144435
    ));
#1403 = DIRECTION('',(0.,-1.,0.));
#1404 = DIRECTION('',(1.,0.,0.));
#1405 = PCURVE('',#1029,#1406);
#1406 = DEFINITIONAL_REPRESENTATION('',(#1407),#1411);
#1407 = CIRCLE('',#1408,0.107936535279);
#1408 = AXIS2_PLACEMENT_2D('',#1409,#1410);
#1409 = CARTESIAN_POINT('',(-0.679894177119,-0.479894129435));
#1410 = DIRECTION('',(1.,0.));
#1411 = ( GEOMETRIC_REPRESENTATION_CONTEXT(2) 
PARAMETRIC_REPRESENTATION_CONTEXT() REPRESENTATION_CONTEXT('2D SPACE',''
  ) );
#1412 = PCURVE('',#1413,#1418);
#1413 = CYLINDRICAL_SURFACE('',#1414,0.107936535279);
#1414 = AXIS2_PLACEMENT_3D('',#1415,#1416,#1417);
#1415 = CARTESIAN_POINT('',(-0.695767192119,-1.5873015E-02,
    -0.495767144435));
#1416 = DIRECTION('',(-0.,1.,-0.));
#1417 = DIRECTION('',(1.,0.,0.));
#1418 = DEFINITIONAL_REPRESENTATION('',(#1419),#1423);
#1419 = LINE('',#1420,#1421);
#1420 = CARTESIAN_POINT('',(-0.,-0.111111164));
#1421 = VECTOR('',#1422,1.);
#1422 = DIRECTION('',(-1.,0.));
#1423 = ( GEOMETRIC_REPRESENTATION_CONTEXT(2) 
PARAMETRIC_REPRESENTATION_CONTEXT() REPRESENTATION_CONTEXT('2D SPACE',''
  ) );
#1424 = ORIENTED_EDGE('',*,*,#1041,.T.);
#1425 = ADVANCED_FACE('',(#1426),#1111,.F.);
#1426 = FACE_BOUND('',#1427,.T.);
#1427 = EDGE_LOOP('',(#1428,#1451,#1452,#1475));
#1428 = ORIENTED_EDGE('',*,*,#1429,.T.);
#1429 = EDGE_CURVE('',#1430,#1095,#1432,.T.);
#1430 = VERTEX_POINT('',#1431);
#1431 = CARTESIAN_POINT('',(-0.801163912181,-1.5873015E-02,
    -0.472489965734));
#1432 = SURFACE_CURVE('',#1433,(#1437,#1444),.PCURVE_S1.);
#1433 = LINE('',#1434,#1435);
#1434 = CARTESIAN_POINT('',(-0.801163912181,-1.5873015E-02,
    -0.472489965734));
#1435 = VECTOR('',#1436,1.);
#1436 = DIRECTION('',(0.,-1.,0.));
#1437 = PCURVE('',#1111,#1438);
#1438 = DEFINITIONAL_REPRESENTATION('',(#1439),#1443);
#1439 = LINE('',#1440,#1441);
#1440 = CARTESIAN_POINT('',(-2.924228901826,0.));
#1441 = VECTOR('',#1442,1.);
#1442 = DIRECTION('',(-0.,-1.));
#1443 = ( GEOMETRIC_REPRESENTATION_CONTEXT(2) 
PARAMETRIC_REPRESENTATION_CONTEXT() REPRESENTATION_CONTEXT('2D SPACE',''
  ) );
#1444 = PCURVE('',#1413,#1445);
#1445 = DEFINITIONAL_REPRESENTATION('',(#1446),#1450);
#1446 = LINE('',#1447,#1448);
#1447 = CARTESIAN_POINT('',(-2.924228901826,0.));
#1448 = VECTOR('',#1449,1.);
#1449 = DIRECTION('',(-0.,-1.));
#1450 = ( GEOMETRIC_REPRESENTATION_CONTEXT(2) 
PARAMETRIC_REPRESENTATION_CONTEXT() REPRESENTATION_CONTEXT('2D SPACE',''
  ) );
#1451 = ORIENTED_EDGE('',*,*,#1094,.T.);
#1452 = ORIENTED_EDGE('',*,*,#1453,.F.);
#1453 = EDGE_CURVE('',#1454,#1066,#1456,.T.);
#1454 = VERTEX_POINT('',#1455);
#1455 = CARTESIAN_POINT('',(-0.58783065684,-1.5873015E-02,
    -0.495767144435));
#1456 = SURFACE_CURVE('',#1457,(#1461,#1468),.PCURVE_S1.);
#1457 = LINE('',#1458,#1459);
#1458 = CARTESIAN_POINT('',(-0.58783065684,-1.5873015E-02,
    -0.495767144435));
#1459 = VECTOR('',#1460,1.);
#1460 = DIRECTION('',(0.,-1.,0.));
#1461 = PCURVE('',#1111,#1462);
#1462 = DEFINITIONAL_REPRESENTATION('',(#1463),#1467);
#1463 = LINE('',#1464,#1465);
#1464 = CARTESIAN_POINT('',(-6.28318530718,0.));
#1465 = VECTOR('',#1466,1.);
#1466 = DIRECTION('',(-0.,-1.));
#1467 = ( GEOMETRIC_REPRESENTATION_CONTEXT(2) 
PARAMETRIC_REPRESENTATION_CONTEXT() REPRESENTATION_CONTEXT('2D SPACE',''
  ) );
#1468 = PCURVE('',#1082,#1469);
#1469 = DEFINITIONAL_REPRESENTATION('',(#1470),#1474);
#1470 = LINE('',#1471,#1472);
#1471 = CARTESIAN_POINT('',(-0.,0.));
#1472 = VECTOR('',#1473,1.);
#1473 = DIRECTION('',(-0.,-1.));
#1474 = ( GEOMETRIC_REPRESENTATION_CONTEXT(2) 
PARAMETRIC_REPRESENTATION_CONTEXT() REPRESENTATION_CONTEXT('2D SPACE',''
  ) );
#1475 = ORIENTED_EDGE('',*,*,#1476,.F.);
#1476 = EDGE_CURVE('',#1430,#1454,#1477,.T.);
#1477 = SURFACE_CURVE('',#1478,(#1483,#1490),.PCURVE_S1.);
#1478 = CIRCLE('',#1479,0.107936535279);
#1479 = AXIS2_PLACEMENT_3D('',#1480,#1481,#1482);
#1480 = CARTESIAN_POINT('',(-0.695767192119,-1.5873015E-02,
    -0.495767144435));
#1481 = DIRECTION('',(0.,-1.,0.));
#1482 = DIRECTION('',(1.,0.,0.));
#1483 = PCURVE('',#1111,#1484);
#1484 = DEFINITIONAL_REPRESENTATION('',(#1485),#1489);
#1485 = LINE('',#1486,#1487);
#1486 = CARTESIAN_POINT('',(-0.,0.));
#1487 = VECTOR('',#1488,1.);
#1488 = DIRECTION('',(-1.,0.));
#1489 = ( GEOMETRIC_REPRESENTATION_CONTEXT(2) 
PARAMETRIC_REPRESENTATION_CONTEXT() REPRESENTATION_CONTEXT('2D SPACE',''
  ) );
#1490 = PCURVE('',#1358,#1491);
#1491 = DEFINITIONAL_REPRESENTATION('',(#1492),#1496);
#1492 = LINE('',#1493,#1494);
#1493 = CARTESIAN_POINT('',(0.,0.));
#1494 = VECTOR('',#1495,1.);
#1495 = DIRECTION('',(1.,0.));
#1496 = ( GEOMETRIC_REPRESENTATION_CONTEXT(2) 
PARAMETRIC_REPRESENTATION_CONTEXT() REPRESENTATION_CONTEXT('2D SPACE',''
  ) );
#1497 = ADVANCED_FACE('',(#1498),#1082,.F.);
#1498 = FACE_BOUND('',#1499,.T.);
#1499 = EDGE_LOOP('',(#1500,#1501,#1502,#1525));
#1500 = ORIENTED_EDGE('',*,*,#1453,.T.);
#1501 = ORIENTED_EDGE('',*,*,#1065,.T.);
#1502 = ORIENTED_EDGE('',*,*,#1503,.F.);
#1503 = EDGE_CURVE('',#1504,#1042,#1506,.T.);
#1504 = VERTEX_POINT('',#1505);
#1505 = CARTESIAN_POINT('',(-0.61372405263,-1.5873015E-02,
    -0.425630000847));
#1506 = SURFACE_CURVE('',#1507,(#1511,#1518),.PCURVE_S1.);
#1507 = LINE('',#1508,#1509);
#1508 = CARTESIAN_POINT('',(-0.61372405263,-1.5873015E-02,
    -0.425630000847));
#1509 = VECTOR('',#1510,1.);
#1510 = DIRECTION('',(0.,-1.,0.));
#1511 = PCURVE('',#1082,#1512);
#1512 = DEFINITIONAL_REPRESENTATION('',(#1513),#1517);
#1513 = LINE('',#1514,#1515);
#1514 = CARTESIAN_POINT('',(-0.707321078018,0.));
#1515 = VECTOR('',#1516,1.);
#1516 = DIRECTION('',(-0.,-1.));
#1517 = ( GEOMETRIC_REPRESENTATION_CONTEXT(2) 
PARAMETRIC_REPRESENTATION_CONTEXT() REPRESENTATION_CONTEXT('2D SPACE',''
  ) );
#1518 = PCURVE('',#1413,#1519);
#1519 = DEFINITIONAL_REPRESENTATION('',(#1520),#1524);
#1520 = LINE('',#1521,#1522);
#1521 = CARTESIAN_POINT('',(-0.707321078018,0.));
#1522 = VECTOR('',#1523,1.);
#1523 = DIRECTION('',(-0.,-1.));
#1524 = ( GEOMETRIC_REPRESENTATION_CONTEXT(2) 
PARAMETRIC_REPRESENTATION_CONTEXT() REPRESENTATION_CONTEXT('2D SPACE',''
  ) );
#1525 = ORIENTED_EDGE('',*,*,#1526,.F.);
#1526 = EDGE_CURVE('',#1454,#1504,#1527,.T.);
#1527 = SURFACE_CURVE('',#1528,(#1533,#1540),.PCURVE_S1.);
#1528 = CIRCLE('',#1529,0.107936535279);
#1529 = AXIS2_PLACEMENT_3D('',#1530,#1531,#1532);
#1530 = CARTESIAN_POINT('',(-0.695767192119,-1.5873015E-02,
    -0.495767144435));
#1531 = DIRECTION('',(0.,-1.,0.));
#1532 = DIRECTION('',(1.,0.,0.));
#1533 = PCURVE('',#1082,#1534);
#1534 = DEFINITIONAL_REPRESENTATION('',(#1535),#1539);
#1535 = LINE('',#1536,#1537);
#1536 = CARTESIAN_POINT('',(-0.,0.));
#1537 = VECTOR('',#1538,1.);
#1538 = DIRECTION('',(-1.,0.));
#1539 = ( GEOMETRIC_REPRESENTATION_CONTEXT(2) 
PARAMETRIC_REPRESENTATION_CONTEXT() REPRESENTATION_CONTEXT('2D SPACE',''
  ) );
#1540 = PCURVE('',#1329,#1541);
#1541 = DEFINITIONAL_REPRESENTATION('',(#1542),#1546);
#1542 = LINE('',#1543,#1544);
#1543 = CARTESIAN_POINT('',(0.,0.));
#1544 = VECTOR('',#1545,1.);
#1545 = DIRECTION('',(1.,0.));
#1546 = ( GEOMETRIC_REPRESENTATION_CONTEXT(2) 
PARAMETRIC_REPRESENTATION_CONTEXT() REPRESENTATION_CONTEXT('2D SPACE',''
  ) );
#1547 = ADVANCED_FACE('',(#1548),#1186,.F.);
#1548 = FACE_BOUND('',#1549,.F.);
#1549 = EDGE_LOOP('',(#1550,#1572));
#1550 = ORIENTED_EDGE('',*,*,#1551,.F.);
#1551 = EDGE_CURVE('',#1149,#934,#1552,.T.);
#1552 = SURFACE_CURVE('',#1553,(#1558,#1565),.PCURVE_S1.);
#1553 = CIRCLE('',#1554,0.162402947744);
#1554 = AXIS2_PLACEMENT_3D('',#1555,#1556,#1557);
#1555 = CARTESIAN_POINT('',(-0.713756609036,0.,-0.495767144435));
#1556 = DIRECTION('',(0.,-1.,0.));
#1557 = DIRECTION('',(1.,0.,0.));
#1558 = PCURVE('',#1186,#1559);
#1559 = DEFINITIONAL_REPRESENTATION('',(#1560),#1564);
#1560 = CIRCLE('',#1561,0.162402947744);
#1561 = AXIS2_PLACEMENT_2D('',#1562,#1563);
#1562 = CARTESIAN_POINT('',(-0.697883594036,-0.479894129435));
#1563 = DIRECTION('',(1.,0.));
#1564 = ( GEOMETRIC_REPRESENTATION_CONTEXT(2) 
PARAMETRIC_REPRESENTATION_CONTEXT() REPRESENTATION_CONTEXT('2D SPACE',''
  ) );
#1565 = PCURVE('',#1276,#1566);
#1566 = DEFINITIONAL_REPRESENTATION('',(#1567),#1571);
#1567 = CIRCLE('',#1568,0.162402947744);
#1568 = AXIS2_PLACEMENT_2D('',#1569,#1570);
#1569 = CARTESIAN_POINT('',(-0.697883594036,-0.479894129435));
#1570 = DIRECTION('',(1.,0.));
#1571 = ( GEOMETRIC_REPRESENTATION_CONTEXT(2) 
PARAMETRIC_REPRESENTATION_CONTEXT() REPRESENTATION_CONTEXT('2D SPACE',''
  ) );
#1572 = ORIENTED_EDGE('',*,*,#1171,.T.);
#1573 = ADVANCED_FACE('',(#1574),#1276,.F.);
#1574 = FACE_BOUND('',#1575,.F.);
#1575 = EDGE_LOOP('',(#1576,#1577,#1578,#1579,#1606));
#1576 = ORIENTED_EDGE('',*,*,#1259,.T.);
#1577 = ORIENTED_EDGE('',*,*,#1551,.T.);
#1578 = ORIENTED_EDGE('',*,*,#1370,.T.);
#1579 = ORIENTED_EDGE('',*,*,#1580,.F.);
#1580 = EDGE_CURVE('',#1289,#1342,#1581,.T.);
#1581 = SURFACE_CURVE('',#1582,(#1587,#1594),.PCURVE_S1.);
#1582 = CIRCLE('',#1583,0.107936535279);
#1583 = AXIS2_PLACEMENT_3D('',#1584,#1585,#1586);
#1584 = CARTESIAN_POINT('',(-0.695767192119,0.,-0.495767144435));
#1585 = DIRECTION('',(0.,-1.,0.));
#1586 = DIRECTION('',(1.,0.,0.));
#1587 = PCURVE('',#1276,#1588);
#1588 = DEFINITIONAL_REPRESENTATION('',(#1589),#1593);
#1589 = CIRCLE('',#1590,0.107936535279);
#1590 = AXIS2_PLACEMENT_2D('',#1591,#1592);
#1591 = CARTESIAN_POINT('',(-0.679894177119,-0.479894129435));
#1592 = DIRECTION('',(1.,0.));
#1593 = ( GEOMETRIC_REPRESENTATION_CONTEXT(2) 
PARAMETRIC_REPRESENTATION_CONTEXT() REPRESENTATION_CONTEXT('2D SPACE',''
  ) );
#1594 = PCURVE('',#1595,#1600);
#1595 = CYLINDRICAL_SURFACE('',#1596,0.107936535279);
#1596 = AXIS2_PLACEMENT_3D('',#1597,#1598,#1599);
#1597 = CARTESIAN_POINT('',(-0.695767192119,-1.5873015E-02,
    -0.495767144435));
#1598 = DIRECTION('',(0.,-1.,0.));
#1599 = DIRECTION('',(1.,0.,0.));
#1600 = DEFINITIONAL_REPRESENTATION('',(#1601),#1605);
#1601 = LINE('',#1602,#1603);
#1602 = CARTESIAN_POINT('',(0.,-1.5873015E-02));
#1603 = VECTOR('',#1604,1.);
#1604 = DIRECTION('',(1.,0.));
#1605 = ( GEOMETRIC_REPRESENTATION_CONTEXT(2) 
PARAMETRIC_REPRESENTATION_CONTEXT() REPRESENTATION_CONTEXT('2D SPACE',''
  ) );
#1606 = ORIENTED_EDGE('',*,*,#1288,.T.);
#1607 = ADVANCED_FACE('',(#1608),#1358,.F.);
#1608 = FACE_BOUND('',#1609,.F.);
#1609 = EDGE_LOOP('',(#1610,#1631,#1632,#1653));
#1610 = ORIENTED_EDGE('',*,*,#1611,.T.);
#1611 = EDGE_CURVE('',#1430,#1342,#1612,.T.);
#1612 = SURFACE_CURVE('',#1613,(#1617,#1624),.PCURVE_S1.);
#1613 = LINE('',#1614,#1615);
#1614 = CARTESIAN_POINT('',(-0.801163912181,-1.5873015E-02,
    -0.472489965734));
#1615 = VECTOR('',#1616,1.);
#1616 = DIRECTION('',(-0.,1.,-0.));
#1617 = PCURVE('',#1358,#1618);
#1618 = DEFINITIONAL_REPRESENTATION('',(#1619),#1623);
#1619 = LINE('',#1620,#1621);
#1620 = CARTESIAN_POINT('',(2.924228901826,0.));
#1621 = VECTOR('',#1622,1.);
#1622 = DIRECTION('',(0.,-1.));
#1623 = ( GEOMETRIC_REPRESENTATION_CONTEXT(2) 
PARAMETRIC_REPRESENTATION_CONTEXT() REPRESENTATION_CONTEXT('2D SPACE',''
  ) );
#1624 = PCURVE('',#1595,#1625);
#1625 = DEFINITIONAL_REPRESENTATION('',(#1626),#1630);
#1626 = LINE('',#1627,#1628);
#1627 = CARTESIAN_POINT('',(2.924228901826,0.));
#1628 = VECTOR('',#1629,1.);
#1629 = DIRECTION('',(0.,-1.));
#1630 = ( GEOMETRIC_REPRESENTATION_CONTEXT(2) 
PARAMETRIC_REPRESENTATION_CONTEXT() REPRESENTATION_CONTEXT('2D SPACE',''
  ) );
#1631 = ORIENTED_EDGE('',*,*,#1341,.T.);
#1632 = ORIENTED_EDGE('',*,*,#1633,.F.);
#1633 = EDGE_CURVE('',#1454,#1313,#1634,.T.);
#1634 = SURFACE_CURVE('',#1635,(#1639,#1646),.PCURVE_S1.);
#1635 = LINE('',#1636,#1637);
#1636 = CARTESIAN_POINT('',(-0.58783065684,-1.5873015E-02,
    -0.495767144435));
#1637 = VECTOR('',#1638,1.);
#1638 = DIRECTION('',(-0.,1.,-0.));
#1639 = PCURVE('',#1358,#1640);
#1640 = DEFINITIONAL_REPRESENTATION('',(#1641),#1645);
#1641 = LINE('',#1642,#1643);
#1642 = CARTESIAN_POINT('',(6.28318530718,0.));
#1643 = VECTOR('',#1644,1.);
#1644 = DIRECTION('',(0.,-1.));
#1645 = ( GEOMETRIC_REPRESENTATION_CONTEXT(2) 
PARAMETRIC_REPRESENTATION_CONTEXT() REPRESENTATION_CONTEXT('2D SPACE',''
  ) );
#1646 = PCURVE('',#1329,#1647);
#1647 = DEFINITIONAL_REPRESENTATION('',(#1648),#1652);
#1648 = LINE('',#1649,#1650);
#1649 = CARTESIAN_POINT('',(0.,0.));
#1650 = VECTOR('',#1651,1.);
#1651 = DIRECTION('',(0.,-1.));
#1652 = ( GEOMETRIC_REPRESENTATION_CONTEXT(2) 
PARAMETRIC_REPRESENTATION_CONTEXT() REPRESENTATION_CONTEXT('2D SPACE',''
  ) );
#1653 = ORIENTED_EDGE('',*,*,#1476,.F.);
#1654 = ADVANCED_FACE('',(#1655),#1329,.F.);
#1655 = FACE_BOUND('',#1656,.F.);
#1656 = EDGE_LOOP('',(#1657,#1658,#1659,#1680));
#1657 = ORIENTED_EDGE('',*,*,#1633,.T.);
#1658 = ORIENTED_EDGE('',*,*,#1312,.T.);
#1659 = ORIENTED_EDGE('',*,*,#1660,.F.);
#1660 = EDGE_CURVE('',#1504,#1289,#1661,.T.);
#1661 = SURFACE_CURVE('',#1662,(#1666,#1673),.PCURVE_S1.);
#1662 = LINE('',#1663,#1664);
#1663 = CARTESIAN_POINT('',(-0.61372405263,-1.5873015E-02,
    -0.425630000847));
#1664 = VECTOR('',#1665,1.);
#1665 = DIRECTION('',(-0.,1.,-0.));
#1666 = PCURVE('',#1329,#1667);
#1667 = DEFINITIONAL_REPRESENTATION('',(#1668),#1672);
#1668 = LINE('',#1669,#1670);
#1669 = CARTESIAN_POINT('',(0.707321078018,0.));
#1670 = VECTOR('',#1671,1.);
#1671 = DIRECTION('',(0.,-1.));
#1672 = ( GEOMETRIC_REPRESENTATION_CONTEXT(2) 
PARAMETRIC_REPRESENTATION_CONTEXT() REPRESENTATION_CONTEXT('2D SPACE',''
  ) );
#1673 = PCURVE('',#1595,#1674);
#1674 = DEFINITIONAL_REPRESENTATION('',(#1675),#1679);
#1675 = LINE('',#1676,#1677);
#1676 = CARTESIAN_POINT('',(0.707321078018,0.));
#1677 = VECTOR('',#1678,1.);
#1678 = DIRECTION('',(0.,-1.));
#1679 = ( GEOMETRIC_REPRESENTATION_CONTEXT(2) 
PARAMETRIC_REPRESENTATION_CONTEXT() REPRESENTATION_CONTEXT('2D SPACE',''
  ) );
#1680 = ORIENTED_EDGE('',*,*,#1526,.F.);
#1681 = ADVANCED_FACE('',(#1682),#1413,.F.);
#1682 = FACE_BOUND('',#1683,.T.);
#1683 = EDGE_LOOP('',(#1684,#1685,#1686,#1687));
#1684 = ORIENTED_EDGE('',*,*,#1503,.T.);
#1685 = ORIENTED_EDGE('',*,*,#1398,.T.);
#1686 = ORIENTED_EDGE('',*,*,#1429,.F.);
#1687 = ORIENTED_EDGE('',*,*,#1688,.F.);
#1688 = EDGE_CURVE('',#1504,#1430,#1689,.T.);
#1689 = SURFACE_CURVE('',#1690,(#1695,#1702),.PCURVE_S1.);
#1690 = CIRCLE('',#1691,0.107936535279);
#1691 = AXIS2_PLACEMENT_3D('',#1692,#1693,#1694);
#1692 = CARTESIAN_POINT('',(-0.695767192119,-1.5873015E-02,
    -0.495767144435));
#1693 = DIRECTION('',(0.,-1.,0.));
#1694 = DIRECTION('',(1.,0.,0.));
#1695 = PCURVE('',#1413,#1696);
#1696 = DEFINITIONAL_REPRESENTATION('',(#1697),#1701);
#1697 = LINE('',#1698,#1699);
#1698 = CARTESIAN_POINT('',(-0.,0.));
#1699 = VECTOR('',#1700,1.);
#1700 = DIRECTION('',(-1.,0.));
#1701 = ( GEOMETRIC_REPRESENTATION_CONTEXT(2) 
PARAMETRIC_REPRESENTATION_CONTEXT() REPRESENTATION_CONTEXT('2D SPACE',''
  ) );
#1702 = PCURVE('',#1595,#1703);
#1703 = DEFINITIONAL_REPRESENTATION('',(#1704),#1708);
#1704 = LINE('',#1705,#1706);
#1705 = CARTESIAN_POINT('',(0.,0.));
#1706 = VECTOR('',#1707,1.);
#1707 = DIRECTION('',(1.,0.));
#1708 = ( GEOMETRIC_REPRESENTATION_CONTEXT(2) 
PARAMETRIC_REPRESENTATION_CONTEXT() REPRESENTATION_CONTEXT('2D SPACE',''
  ) );
#1709 = ADVANCED_FACE('',(#1710),#1595,.F.);
#1710 = FACE_BOUND('',#1711,.F.);
#1711 = EDGE_LOOP('',(#1712,#1713,#1714,#1715));
#1712 = ORIENTED_EDGE('',*,*,#1660,.T.);
#1713 = ORIENTED_EDGE('',*,*,#1580,.T.);
#1714 = ORIENTED_EDGE('',*,*,#1611,.F.);
#1715 = ORIENTED_EDGE('',*,*,#1688,.F.);
#1716 = ( GEOMETRIC_REPRESENTATION_CONTEXT(3) 
GLOBAL_UNCERTAINTY_ASSIGNED_CONTEXT((#1720)) 
GLOBAL_UNIT_ASSIGNED_CONTEXT((#1717,#1718,#1719)) REPRESENTATION_CONTEXT
('Context #1','3D Context with UNIT and UNCERTAINTY') );
#1717 = ( LENGTH_UNIT() NAMED_UNIT(*) SI_UNIT(.MILLI.,.METRE.) );
#1718 = ( NAMED_UNIT(*) PLANE_ANGLE_UNIT() SI_UNIT($,.RADIAN.) );
#1719 = ( NAMED_UNIT(*) SI_UNIT($,.STERADIAN.) SOLID_ANGLE_UNIT() );
#1720 = UNCERTAINTY_MEASURE_WITH_UNIT(LENGTH_MEASURE(1.E-07),#1717,
  'distance_accuracy_value','confusion accuracy');
#1721 = CONTEXT_DEPENDENT_SHAPE_REPRESENTATION(#1722,#1724);
#1722 = ( REPRESENTATION_RELATIONSHIP('','',#667,#10) 
REPRESENTATION_RELATIONSHIP_WITH_TRANSFORMATION(#1723) 
SHAPE_REPRESENTATION_RELATIONSHIP() );
#1723 = ITEM_DEFINED_TRANSFORMATION('','',#11,#19);
#1724 = PRODUCT_DEFINITION_SHAPE('Placement','Placement of an item',
  #1725);
#1725 = NEXT_ASSEMBLY_USAGE_OCCURRENCE('18','','',#5,#662,$);
#1726 = CC_DESIGN_SECURITY_CLASSIFICATION(#1727,(#1725));
#1727 = SECURITY_CLASSIFICATION('','',#51);
#1728 = CC_DESIGN_PERSON_AND_ORGANIZATION_ASSIGNMENT(#40,#49,(#1727));
#1729 = CC_DESIGN_DATE_AND_TIME_ASSIGNMENT(#54,#60,(#1727));
#1730 = CC_DESIGN_APPROVAL(#62,(#1727));
#1731 = PRODUCT_RELATED_PRODUCT_CATEGORY('detail',$,(#664));
#1732 = PRODUCT_CATEGORY_RELATIONSHIP('','',#1733,#1731);
#1733 = PRODUCT_CATEGORY('part',$);
#1734 = CC_DESIGN_PERSON_AND_ORGANIZATION_ASSIGNMENT(#40,#43,(#663,#662)
  );
#1735 = CC_DESIGN_PERSON_AND_ORGANIZATION_ASSIGNMENT(#40,#45,(#664));
#1736 = CC_DESIGN_PERSON_AND_ORGANIZATION_ASSIGNMENT(#40,#47,(#663));
#1737 = CC_DESIGN_PERSON_AND_ORGANIZATION_ASSIGNMENT(#40,#49,(#1738));
#1738 = SECURITY_CLASSIFICATION('','',#51);
#1739 = CC_DESIGN_SECURITY_CLASSIFICATION(#1738,(#663));
#1740 = CC_DESIGN_DATE_AND_TIME_ASSIGNMENT(#54,#58,(#662));
#1741 = CC_DESIGN_DATE_AND_TIME_ASSIGNMENT(#54,#60,(#1738));
#1742 = CC_DESIGN_APPROVAL(#62,(#663,#662,#1738));
#1743 = SHAPE_DEFINITION_REPRESENTATION(#1744,#1750);
#1744 = PRODUCT_DEFINITION_SHAPE('','',#1745);
#1745 = PRODUCT_DEFINITION('design','',#1746,#1749);
#1746 = PRODUCT_DEFINITION_FORMATION_WITH_SPECIFIED_SOURCE('','',#1747,
  .NOT_KNOWN.);
#1747 = PRODUCT('Open CASCADE STEP translator 7.7 118.3',
  'Open CASCADE STEP translator 7.7 118.3','',(#1748));
#1748 = MECHANICAL_CONTEXT('',#2,'mechanical');
#1749 = DESIGN_CONTEXT('',#2,'design');
#1750 = ADVANCED_BREP_SHAPE_REPRESENTATION('',(#11,#1751),#2043);
#1751 = MANIFOLD_SOLID_BREP('',#1752);
#1752 = CLOSED_SHELL('',(#1753,#1841,#1896,#1931,#1966,#2016));
#1753 = ADVANCED_FACE('',(#1754),#1768,.T.);
#1754 = FACE_BOUND('',#1755,.F.);
#1755 = EDGE_LOOP('',(#1756,#1786,#1813,#1814));
#1756 = ORIENTED_EDGE('',*,*,#1757,.T.);
#1757 = EDGE_CURVE('',#1758,#1760,#1762,.T.);
#1758 = VERTEX_POINT('',#1759);
#1759 = CARTESIAN_POINT('',(0.860317523208,-1.5873015E-02,0.223809667355
    ));
#1760 = VERTEX_POINT('',#1761);
#1761 = CARTESIAN_POINT('',(0.860317523208,-0.126984179,0.223809667355)
  );
#1762 = SEAM_CURVE('',#1763,(#1767,#1779),.PCURVE_S1.);
#1763 = LINE('',#1764,#1765);
#1764 = CARTESIAN_POINT('',(0.860317523208,-1.5873015E-02,0.223809667355
    ));
#1765 = VECTOR('',#1766,1.);
#1766 = DIRECTION('',(0.,-1.,0.));
#1767 = PCURVE('',#1768,#1773);
#1768 = CYLINDRICAL_SURFACE('',#1769,0.224867728353);
#1769 = AXIS2_PLACEMENT_3D('',#1770,#1771,#1772);
#1770 = CARTESIAN_POINT('',(0.635449794855,-1.5873015E-02,0.223809667355
    ));
#1771 = DIRECTION('',(-0.,1.,-0.));
#1772 = DIRECTION('',(1.,0.,0.));
#1773 = DEFINITIONAL_REPRESENTATION('',(#1774),#1778);
#1774 = LINE('',#1775,#1776);
#1775 = CARTESIAN_POINT('',(-0.,0.));
#1776 = VECTOR('',#1777,1.);
#1777 = DIRECTION('',(-0.,-1.));
#1778 = ( GEOMETRIC_REPRESENTATION_CONTEXT(2) 
PARAMETRIC_REPRESENTATION_CONTEXT() REPRESENTATION_CONTEXT('2D SPACE',''
  ) );
#1779 = PCURVE('',#1768,#1780);
#1780 = DEFINITIONAL_REPRESENTATION('',(#1781),#1785);
#1781 = LINE('',#1782,#1783);
#1782 = CARTESIAN_POINT('',(-6.28318530718,0.));
#1783 = VECTOR('',#1784,1.);
#1784 = DIRECTION('',(-0.,-1.));
#1785 = ( GEOMETRIC_REPRESENTATION_CONTEXT(2) 
PARAMETRIC_REPRESENTATION_CONTEXT() REPRESENTATION_CONTEXT('2D SPACE',''
  ) );
#1786 = ORIENTED_EDGE('',*,*,#1787,.T.);
#1787 = EDGE_CURVE('',#1760,#1760,#1788,.T.);
#1788 = SURFACE_CURVE('',#1789,(#1794,#1801),.PCURVE_S1.);
#1789 = CIRCLE('',#1790,0.224867728353);
#1790 = AXIS2_PLACEMENT_3D('',#1791,#1792,#1793);
#1791 = CARTESIAN_POINT('',(0.635449794855,-0.126984179,0.223809667355)
  );
#1792 = DIRECTION('',(0.,-1.,0.));
#1793 = DIRECTION('',(1.,0.,0.));
#1794 = PCURVE('',#1768,#1795);
#1795 = DEFINITIONAL_REPRESENTATION('',(#1796),#1800);
#1796 = LINE('',#1797,#1798);
#1797 = CARTESIAN_POINT('',(-0.,-0.111111164));
#1798 = VECTOR('',#1799,1.);
#1799 = DIRECTION('',(-1.,0.));
#1800 = ( GEOMETRIC_REPRESENTATION_CONTEXT(2) 
PARAMETRIC_REPRESENTATION_CONTEXT() REPRESENTATION_CONTEXT('2D SPACE',''
  ) );
#1801 = PCURVE('',#1802,#1807);
#1802 = PLANE('',#1803);
#1803 = AXIS2_PLACEMENT_3D('',#1804,#1805,#1806);
#1804 = CARTESIAN_POINT('',(-1.5873015E-02,-0.126984179,-1.5873015E-02)
  );
#1805 = DIRECTION('',(0.,-1.,0.));
#1806 = DIRECTION('',(1.,0.,0.));
#1807 = DEFINITIONAL_REPRESENTATION('',(#1808),#1812);
#1808 = CIRCLE('',#1809,0.224867728353);
#1809 = AXIS2_PLACEMENT_2D('',#1810,#1811);
#1810 = CARTESIAN_POINT('',(0.651322809855,0.239682682355));
#1811 = DIRECTION('',(1.,0.));
#1812 = ( GEOMETRIC_REPRESENTATION_CONTEXT(2) 
PARAMETRIC_REPRESENTATION_CONTEXT() REPRESENTATION_CONTEXT('2D SPACE',''
  ) );
#1813 = ORIENTED_EDGE('',*,*,#1757,.F.);
#1814 = ORIENTED_EDGE('',*,*,#1815,.F.);
#1815 = EDGE_CURVE('',#1758,#1758,#1816,.T.);
#1816 = SURFACE_CURVE('',#1817,(#1822,#1829),.PCURVE_S1.);
#1817 = CIRCLE('',#1818,0.224867728353);
#1818 = AXIS2_PLACEMENT_3D('',#1819,#1820,#1821);
#1819 = CARTESIAN_POINT('',(0.635449794855,-1.5873015E-02,0.223809667355
    ));
#1820 = DIRECTION('',(0.,-1.,0.));
#1821 = DIRECTION('',(1.,0.,0.));
#1822 = PCURVE('',#1768,#1823);
#1823 = DEFINITIONAL_REPRESENTATION('',(#1824),#1828);
#1824 = LINE('',#1825,#1826);
#1825 = CARTESIAN_POINT('',(-0.,0.));
#1826 = VECTOR('',#1827,1.);
#1827 = DIRECTION('',(-1.,0.));
#1828 = ( GEOMETRIC_REPRESENTATION_CONTEXT(2) 
PARAMETRIC_REPRESENTATION_CONTEXT() REPRESENTATION_CONTEXT('2D SPACE',''
  ) );
#1829 = PCURVE('',#1830,#1835);
#1830 = CYLINDRICAL_SURFACE('',#1831,0.224867728353);
#1831 = AXIS2_PLACEMENT_3D('',#1832,#1833,#1834);
#1832 = CARTESIAN_POINT('',(0.635449794855,-1.5873015E-02,0.223809667355
    ));
#1833 = DIRECTION('',(0.,-1.,0.));
#1834 = DIRECTION('',(1.,0.,0.));
#1835 = DEFINITIONAL_REPRESENTATION('',(#1836),#1840);
#1836 = LINE('',#1837,#1838);
#1837 = CARTESIAN_POINT('',(0.,0.));
#1838 = VECTOR('',#1839,1.);
#1839 = DIRECTION('',(1.,0.));
#1840 = ( GEOMETRIC_REPRESENTATION_CONTEXT(2) 
PARAMETRIC_REPRESENTATION_CONTEXT() REPRESENTATION_CONTEXT('2D SPACE',''
  ) );
#1841 = ADVANCED_FACE('',(#1842),#1830,.T.);
#1842 = FACE_BOUND('',#1843,.T.);
#1843 = EDGE_LOOP('',(#1844,#1867,#1894,#1895));
#1844 = ORIENTED_EDGE('',*,*,#1845,.T.);
#1845 = EDGE_CURVE('',#1758,#1846,#1848,.T.);
#1846 = VERTEX_POINT('',#1847);
#1847 = CARTESIAN_POINT('',(0.860317523208,0.,0.223809667355));
#1848 = SEAM_CURVE('',#1849,(#1853,#1860),.PCURVE_S1.);
#1849 = LINE('',#1850,#1851);
#1850 = CARTESIAN_POINT('',(0.860317523208,-1.5873015E-02,0.223809667355
    ));
#1851 = VECTOR('',#1852,1.);
#1852 = DIRECTION('',(-0.,1.,-0.));
#1853 = PCURVE('',#1830,#1854);
#1854 = DEFINITIONAL_REPRESENTATION('',(#1855),#1859);
#1855 = LINE('',#1856,#1857);
#1856 = CARTESIAN_POINT('',(0.,0.));
#1857 = VECTOR('',#1858,1.);
#1858 = DIRECTION('',(0.,-1.));
#1859 = ( GEOMETRIC_REPRESENTATION_CONTEXT(2) 
PARAMETRIC_REPRESENTATION_CONTEXT() REPRESENTATION_CONTEXT('2D SPACE',''
  ) );
#1860 = PCURVE('',#1830,#1861);
#1861 = DEFINITIONAL_REPRESENTATION('',(#1862),#1866);
#1862 = LINE('',#1863,#1864);
#1863 = CARTESIAN_POINT('',(6.28318530718,0.));
#1864 = VECTOR('',#1865,1.);
#1865 = DIRECTION('',(0.,-1.));
#1866 = ( GEOMETRIC_REPRESENTATION_CONTEXT(2) 
PARAMETRIC_REPRESENTATION_CONTEXT() REPRESENTATION_CONTEXT('2D SPACE',''
  ) );
#1867 = ORIENTED_EDGE('',*,*,#1868,.T.);
#1868 = EDGE_CURVE('',#1846,#1846,#1869,.T.);
#1869 = SURFACE_CURVE('',#1870,(#1875,#1882),.PCURVE_S1.);
#1870 = CIRCLE('',#1871,0.224867728353);
#1871 = AXIS2_PLACEMENT_3D('',#1872,#1873,#1874);
#1872 = CARTESIAN_POINT('',(0.635449794855,0.,0.223809667355));
#1873 = DIRECTION('',(0.,-1.,0.));
#1874 = DIRECTION('',(1.,0.,0.));
#1875 = PCURVE('',#1830,#1876);
#1876 = DEFINITIONAL_REPRESENTATION('',(#1877),#1881);
#1877 = LINE('',#1878,#1879);
#1878 = CARTESIAN_POINT('',(0.,-1.5873015E-02));
#1879 = VECTOR('',#1880,1.);
#1880 = DIRECTION('',(1.,0.));
#1881 = ( GEOMETRIC_REPRESENTATION_CONTEXT(2) 
PARAMETRIC_REPRESENTATION_CONTEXT() REPRESENTATION_CONTEXT('2D SPACE',''
  ) );
#1882 = PCURVE('',#1883,#1888);
#1883 = PLANE('',#1884);
#1884 = AXIS2_PLACEMENT_3D('',#1885,#1886,#1887);
#1885 = CARTESIAN_POINT('',(-1.5873015E-02,0.,-1.5873015E-02));
#1886 = DIRECTION('',(0.,-1.,0.));
#1887 = DIRECTION('',(1.,0.,0.));
#1888 = DEFINITIONAL_REPRESENTATION('',(#1889),#1893);
#1889 = CIRCLE('',#1890,0.224867728353);
#1890 = AXIS2_PLACEMENT_2D('',#1891,#1892);
#1891 = CARTESIAN_POINT('',(0.651322809855,0.239682682355));
#1892 = DIRECTION('',(1.,0.));
#1893 = ( GEOMETRIC_REPRESENTATION_CONTEXT(2) 
PARAMETRIC_REPRESENTATION_CONTEXT() REPRESENTATION_CONTEXT('2D SPACE',''
  ) );
#1894 = ORIENTED_EDGE('',*,*,#1845,.F.);
#1895 = ORIENTED_EDGE('',*,*,#1815,.F.);
#1896 = ADVANCED_FACE('',(#1897,#1900),#1802,.T.);
#1897 = FACE_BOUND('',#1898,.T.);
#1898 = EDGE_LOOP('',(#1899));
#1899 = ORIENTED_EDGE('',*,*,#1787,.T.);
#1900 = FACE_BOUND('',#1901,.T.);
#1901 = EDGE_LOOP('',(#1902));
#1902 = ORIENTED_EDGE('',*,*,#1903,.F.);
#1903 = EDGE_CURVE('',#1904,#1904,#1906,.T.);
#1904 = VERTEX_POINT('',#1905);
#1905 = CARTESIAN_POINT('',(0.716402170982,-0.126984179,0.25978850119));
#1906 = SURFACE_CURVE('',#1907,(#1912,#1919),.PCURVE_S1.);
#1907 = CIRCLE('',#1908,8.095237612724E-02);
#1908 = AXIS2_PLACEMENT_3D('',#1909,#1910,#1911);
#1909 = CARTESIAN_POINT('',(0.635449794855,-0.126984179,0.25978850119));
#1910 = DIRECTION('',(0.,-1.,0.));
#1911 = DIRECTION('',(1.,0.,0.));
#1912 = PCURVE('',#1802,#1913);
#1913 = DEFINITIONAL_REPRESENTATION('',(#1914),#1918);
#1914 = CIRCLE('',#1915,8.095237612724E-02);
#1915 = AXIS2_PLACEMENT_2D('',#1916,#1917);
#1916 = CARTESIAN_POINT('',(0.651322809855,0.27566151619));
#1917 = DIRECTION('',(1.,0.));
#1918 = ( GEOMETRIC_REPRESENTATION_CONTEXT(2) 
PARAMETRIC_REPRESENTATION_CONTEXT() REPRESENTATION_CONTEXT('2D SPACE',''
  ) );
#1919 = PCURVE('',#1920,#1925);
#1920 = CYLINDRICAL_SURFACE('',#1921,8.095237612724E-02);
#1921 = AXIS2_PLACEMENT_3D('',#1922,#1923,#1924);
#1922 = CARTESIAN_POINT('',(0.635449794855,-1.5873015E-02,0.25978850119)
  );
#1923 = DIRECTION('',(-0.,1.,-0.));
#1924 = DIRECTION('',(1.,0.,0.));
#1925 = DEFINITIONAL_REPRESENTATION('',(#1926),#1930);
#1926 = LINE('',#1927,#1928);
#1927 = CARTESIAN_POINT('',(-0.,-0.111111164));
#1928 = VECTOR('',#1929,1.);
#1929 = DIRECTION('',(-1.,0.));
#1930 = ( GEOMETRIC_REPRESENTATION_CONTEXT(2) 
PARAMETRIC_REPRESENTATION_CONTEXT() REPRESENTATION_CONTEXT('2D SPACE',''
  ) );
#1931 = ADVANCED_FACE('',(#1932,#1935),#1883,.F.);
#1932 = FACE_BOUND('',#1933,.F.);
#1933 = EDGE_LOOP('',(#1934));
#1934 = ORIENTED_EDGE('',*,*,#1868,.T.);
#1935 = FACE_BOUND('',#1936,.F.);
#1936 = EDGE_LOOP('',(#1937));
#1937 = ORIENTED_EDGE('',*,*,#1938,.F.);
#1938 = EDGE_CURVE('',#1939,#1939,#1941,.T.);
#1939 = VERTEX_POINT('',#1940);
#1940 = CARTESIAN_POINT('',(0.716402170982,0.,0.25978850119));
#1941 = SURFACE_CURVE('',#1942,(#1947,#1954),.PCURVE_S1.);
#1942 = CIRCLE('',#1943,8.095237612724E-02);
#1943 = AXIS2_PLACEMENT_3D('',#1944,#1945,#1946);
#1944 = CARTESIAN_POINT('',(0.635449794855,0.,0.25978850119));
#1945 = DIRECTION('',(0.,-1.,0.));
#1946 = DIRECTION('',(1.,0.,0.));
#1947 = PCURVE('',#1883,#1948);
#1948 = DEFINITIONAL_REPRESENTATION('',(#1949),#1953);
#1949 = CIRCLE('',#1950,8.095237612724E-02);
#1950 = AXIS2_PLACEMENT_2D('',#1951,#1952);
#1951 = CARTESIAN_POINT('',(0.651322809855,0.27566151619));
#1952 = DIRECTION('',(1.,0.));
#1953 = ( GEOMETRIC_REPRESENTATION_CONTEXT(2) 
PARAMETRIC_REPRESENTATION_CONTEXT() REPRESENTATION_CONTEXT('2D SPACE',''
  ) );
#1954 = PCURVE('',#1955,#1960);
#1955 = CYLINDRICAL_SURFACE('',#1956,8.095237612724E-02);
#1956 = AXIS2_PLACEMENT_3D('',#1957,#1958,#1959);
#1957 = CARTESIAN_POINT('',(0.635449794855,-1.5873015E-02,0.25978850119)
  );
#1958 = DIRECTION('',(0.,-1.,0.));
#1959 = DIRECTION('',(1.,0.,0.));
#1960 = DEFINITIONAL_REPRESENTATION('',(#1961),#1965);
#1961 = LINE('',#1962,#1963);
#1962 = CARTESIAN_POINT('',(0.,-1.5873015E-02));
#1963 = VECTOR('',#1964,1.);
#1964 = DIRECTION('',(1.,0.));
#1965 = ( GEOMETRIC_REPRESENTATION_CONTEXT(2) 
PARAMETRIC_REPRESENTATION_CONTEXT() REPRESENTATION_CONTEXT('2D SPACE',''
  ) );
#1966 = ADVANCED_FACE('',(#1967),#1920,.F.);
#1967 = FACE_BOUND('',#1968,.T.);
#1968 = EDGE_LOOP('',(#1969,#1992,#1993,#1994));
#1969 = ORIENTED_EDGE('',*,*,#1970,.T.);
#1970 = EDGE_CURVE('',#1971,#1904,#1973,.T.);
#1971 = VERTEX_POINT('',#1972);
#1972 = CARTESIAN_POINT('',(0.716402170982,-1.5873015E-02,0.25978850119)
  );
#1973 = SEAM_CURVE('',#1974,(#1978,#1985),.PCURVE_S1.);
#1974 = LINE('',#1975,#1976);
#1975 = CARTESIAN_POINT('',(0.716402170982,-1.5873015E-02,0.25978850119)
  );
#1976 = VECTOR('',#1977,1.);
#1977 = DIRECTION('',(0.,-1.,0.));
#1978 = PCURVE('',#1920,#1979);
#1979 = DEFINITIONAL_REPRESENTATION('',(#1980),#1984);
#1980 = LINE('',#1981,#1982);
#1981 = CARTESIAN_POINT('',(-0.,0.));
#1982 = VECTOR('',#1983,1.);
#1983 = DIRECTION('',(-0.,-1.));
#1984 = ( GEOMETRIC_REPRESENTATION_CONTEXT(2) 
PARAMETRIC_REPRESENTATION_CONTEXT() REPRESENTATION_CONTEXT('2D SPACE',''
  ) );
#1985 = PCURVE('',#1920,#1986);
#1986 = DEFINITIONAL_REPRESENTATION('',(#1987),#1991);
#1987 = LINE('',#1988,#1989);
#1988 = CARTESIAN_POINT('',(-6.28318530718,0.));
#1989 = VECTOR('',#1990,1.);
#1990 = DIRECTION('',(-0.,-1.));
#1991 = ( GEOMETRIC_REPRESENTATION_CONTEXT(2) 
PARAMETRIC_REPRESENTATION_CONTEXT() REPRESENTATION_CONTEXT('2D SPACE',''
  ) );
#1992 = ORIENTED_EDGE('',*,*,#1903,.T.);
#1993 = ORIENTED_EDGE('',*,*,#1970,.F.);
#1994 = ORIENTED_EDGE('',*,*,#1995,.F.);
#1995 = EDGE_CURVE('',#1971,#1971,#1996,.T.);
#1996 = SURFACE_CURVE('',#1997,(#2002,#2009),.PCURVE_S1.);
#1997 = CIRCLE('',#1998,8.095237612724E-02);
#1998 = AXIS2_PLACEMENT_3D('',#1999,#2000,#2001);
#1999 = CARTESIAN_POINT('',(0.635449794855,-1.5873015E-02,0.25978850119)
  );
#2000 = DIRECTION('',(0.,-1.,0.));
#2001 = DIRECTION('',(1.,0.,0.));
#2002 = PCURVE('',#1920,#2003);
#2003 = DEFINITIONAL_REPRESENTATION('',(#2004),#2008);
#2004 = LINE('',#2005,#2006);
#2005 = CARTESIAN_POINT('',(-0.,0.));
#2006 = VECTOR('',#2007,1.);
#2007 = DIRECTION('',(-1.,0.));
#2008 = ( GEOMETRIC_REPRESENTATION_CONTEXT(2) 
PARAMETRIC_REPRESENTATION_CONTEXT() REPRESENTATION_CONTEXT('2D SPACE',''
  ) );
#2009 = PCURVE('',#1955,#2010);
#2010 = DEFINITIONAL_REPRESENTATION('',(#2011),#2015);
#2011 = LINE('',#2012,#2013);
#2012 = CARTESIAN_POINT('',(0.,0.));
#2013 = VECTOR('',#2014,1.);
#2014 = DIRECTION('',(1.,0.));
#2015 = ( GEOMETRIC_REPRESENTATION_CONTEXT(2) 
PARAMETRIC_REPRESENTATION_CONTEXT() REPRESENTATION_CONTEXT('2D SPACE',''
  ) );
#2016 = ADVANCED_FACE('',(#2017),#1955,.F.);
#2017 = FACE_BOUND('',#2018,.F.);
#2018 = EDGE_LOOP('',(#2019,#2040,#2041,#2042));
#2019 = ORIENTED_EDGE('',*,*,#2020,.T.);
#2020 = EDGE_CURVE('',#1971,#1939,#2021,.T.);
#2021 = SEAM_CURVE('',#2022,(#2026,#2033),.PCURVE_S1.);
#2022 = LINE('',#2023,#2024);
#2023 = CARTESIAN_POINT('',(0.716402170982,-1.5873015E-02,0.25978850119)
  );
#2024 = VECTOR('',#2025,1.);
#2025 = DIRECTION('',(-0.,1.,-0.));
#2026 = PCURVE('',#1955,#2027);
#2027 = DEFINITIONAL_REPRESENTATION('',(#2028),#2032);
#2028 = LINE('',#2029,#2030);
#2029 = CARTESIAN_POINT('',(0.,0.));
#2030 = VECTOR('',#2031,1.);
#2031 = DIRECTION('',(0.,-1.));
#2032 = ( GEOMETRIC_REPRESENTATION_CONTEXT(2) 
PARAMETRIC_REPRESENTATION_CONTEXT() REPRESENTATION_CONTEXT('2D SPACE',''
  ) );
#2033 = PCURVE('',#1955,#2034);
#2034 = DEFINITIONAL_REPRESENTATION('',(#2035),#2039);
#2035 = LINE('',#2036,#2037);
#2036 = CARTESIAN_POINT('',(6.28318530718,0.));
#2037 = VECTOR('',#2038,1.);
#2038 = DIRECTION('',(0.,-1.));
#2039 = ( GEOMETRIC_REPRESENTATION_CONTEXT(2) 
PARAMETRIC_REPRESENTATION_CONTEXT() REPRESENTATION_CONTEXT('2D SPACE',''
  ) );
#2040 = ORIENTED_EDGE('',*,*,#1938,.T.);
#2041 = ORIENTED_EDGE('',*,*,#2020,.F.);
#2042 = ORIENTED_EDGE('',*,*,#1995,.F.);
#2043 = ( GEOMETRIC_REPRESENTATION_CONTEXT(3) 
GLOBAL_UNCERTAINTY_ASSIGNED_CONTEXT((#2047)) 
GLOBAL_UNIT_ASSIGNED_CONTEXT((#2044,#2045,#2046)) REPRESENTATION_CONTEXT
('Context #1','3D Context with UNIT and UNCERTAINTY') );
#2044 = ( LENGTH_UNIT() NAMED_UNIT(*) SI_UNIT(.MILLI.,.METRE.) );
#2045 = ( NAMED_UNIT(*) PLANE_ANGLE_UNIT() SI_UNIT($,.RADIAN.) );
#2046 = ( NAMED_UNIT(*) SI_UNIT($,.STERADIAN.) SOLID_ANGLE_UNIT() );
#2047 = UNCERTAINTY_MEASURE_WITH_UNIT(LENGTH_MEASURE(1.E-07),#2044,
  'distance_accuracy_value','confusion accuracy');
#2048 = CONTEXT_DEPENDENT_SHAPE_REPRESENTATION(#2049,#2051);
#2049 = ( REPRESENTATION_RELATIONSHIP('','',#1750,#10) 
REPRESENTATION_RELATIONSHIP_WITH_TRANSFORMATION(#2050) 
SHAPE_REPRESENTATION_RELATIONSHIP() );
#2050 = ITEM_DEFINED_TRANSFORMATION('','',#11,#23);
#2051 = PRODUCT_DEFINITION_SHAPE('Placement','Placement of an item',
  #2052);
#2052 = NEXT_ASSEMBLY_USAGE_OCCURRENCE('19','','',#5,#1745,$);
#2053 = CC_DESIGN_SECURITY_CLASSIFICATION(#2054,(#2052));
#2054 = SECURITY_CLASSIFICATION('','',#51);
#2055 = CC_DESIGN_PERSON_AND_ORGANIZATION_ASSIGNMENT(#40,#49,(#2054));
#2056 = CC_DESIGN_DATE_AND_TIME_ASSIGNMENT(#54,#60,(#2054));
#2057 = CC_DESIGN_APPROVAL(#62,(#2054));
#2058 = PRODUCT_RELATED_PRODUCT_CATEGORY('detail',$,(#1747));
#2059 = PRODUCT_CATEGORY_RELATIONSHIP('','',#2060,#2058);
#2060 = PRODUCT_CATEGORY('part',$);
#2061 = CC_DESIGN_PERSON_AND_ORGANIZATION_ASSIGNMENT(#40,#43,(#1746,
    #1745));
#2062 = CC_DESIGN_PERSON_AND_ORGANIZATION_ASSIGNMENT(#40,#45,(#1747));
#2063 = CC_DESIGN_PERSON_AND_ORGANIZATION_ASSIGNMENT(#40,#47,(#1746));
#2064 = CC_DESIGN_PERSON_AND_ORGANIZATION_ASSIGNMENT(#40,#49,(#2065));
#2065 = SECURITY_CLASSIFICATION('','',#51);
#2066 = CC_DESIGN_SECURITY_CLASSIFICATION(#2065,(#1746));
#2067 = CC_DESIGN_DATE_AND_TIME_ASSIGNMENT(#54,#58,(#1745));
#2068 = CC_DESIGN_DATE_AND_TIME_ASSIGNMENT(#54,#60,(#2065));
#2069 = CC_DESIGN_APPROVAL(#62,(#1746,#1745,#2065));
#2070 = SHAPE_DEFINITION_REPRESENTATION(#2071,#2077);
#2071 = PRODUCT_DEFINITION_SHAPE('','',#2072);
#2072 = PRODUCT_DEFINITION('design','',#2073,#2076);
#2073 = PRODUCT_DEFINITION_FORMATION_WITH_SPECIFIED_SOURCE('','',#2074,
  .NOT_KNOWN.);
#2074 = PRODUCT('Open CASCADE STEP translator 7.7 118.4',
  'Open CASCADE STEP translator 7.7 118.4','',(#2075));
#2075 = MECHANICAL_CONTEXT('',#2,'mechanical');
#2076 = DESIGN_CONTEXT('',#2,'design');
#2077 = ADVANCED_BREP_SHAPE_REPRESENTATION('',(#11,#2078),#2636);
#2078 = MANIFOLD_SOLID_BREP('',#2079);
#2079 = CLOSED_SHELL('',(#2080,#2202,#2285,#2363,#2440,#2468,#2501,#2551
    ,#2601,#2629));
#2080 = ADVANCED_FACE('',(#2081),#2095,.T.);
#2081 = FACE_BOUND('',#2082,.F.);
#2082 = EDGE_LOOP('',(#2083,#2118,#2147,#2175));
#2083 = ORIENTED_EDGE('',*,*,#2084,.T.);
#2084 = EDGE_CURVE('',#2085,#2087,#2089,.T.);
#2085 = VERTEX_POINT('',#2086);
#2086 = CARTESIAN_POINT('',(0.526388954795,-1.5873015E-02,0.720039851577
    ));
#2087 = VERTEX_POINT('',#2088);
#2088 = CARTESIAN_POINT('',(0.526388954795,-0.126984179,0.720039851577)
  );
#2089 = SURFACE_CURVE('',#2090,(#2094,#2106),.PCURVE_S1.);
#2090 = LINE('',#2091,#2092);
#2091 = CARTESIAN_POINT('',(0.526388954795,-1.5873015E-02,0.720039851577
    ));
#2092 = VECTOR('',#2093,1.);
#2093 = DIRECTION('',(0.,-1.,0.));
#2094 = PCURVE('',#2095,#2100);
#2095 = CYLINDRICAL_SURFACE('',#2096,0.134920626879);
#2096 = AXIS2_PLACEMENT_3D('',#2097,#2098,#2099);
#2097 = CARTESIAN_POINT('',(0.635449794855,-1.5873015E-02,0.799471008705
    ));
#2098 = DIRECTION('',(-0.,1.,-0.));
#2099 = DIRECTION('',(1.,0.,0.));
#2100 = DEFINITIONAL_REPRESENTATION('',(#2101),#2105);
#2101 = LINE('',#2102,#2103);
#2102 = CARTESIAN_POINT('',(-3.771073368684,0.));
#2103 = VECTOR('',#2104,1.);
#2104 = DIRECTION('',(-0.,-1.));
#2105 = ( GEOMETRIC_REPRESENTATION_CONTEXT(2) 
PARAMETRIC_REPRESENTATION_CONTEXT() REPRESENTATION_CONTEXT('2D SPACE',''
  ) );
#2106 = PCURVE('',#2107,#2112);
#2107 = CYLINDRICAL_SURFACE('',#2108,0.107936501503);
#2108 = AXIS2_PLACEMENT_3D('',#2109,#2110,#2111);
#2109 = CARTESIAN_POINT('',(0.599470961021,-1.5873015E-02,0.799471008705
    ));
#2110 = DIRECTION('',(-0.,1.,-0.));
#2111 = DIRECTION('',(1.,0.,0.));
#2112 = DEFINITIONAL_REPRESENTATION('',(#2113),#2117);
#2113 = LINE('',#2114,#2115);
#2114 = CARTESIAN_POINT('',(-3.968596975605,0.));
#2115 = VECTOR('',#2116,1.);
#2116 = DIRECTION('',(-0.,-1.));
#2117 = ( GEOMETRIC_REPRESENTATION_CONTEXT(2) 
PARAMETRIC_REPRESENTATION_CONTEXT() REPRESENTATION_CONTEXT('2D SPACE',''
  ) );
#2118 = ORIENTED_EDGE('',*,*,#2119,.T.);
#2119 = EDGE_CURVE('',#2087,#2120,#2122,.T.);
#2120 = VERTEX_POINT('',#2121);
#2121 = CARTESIAN_POINT('',(0.770370421734,-0.126984179,0.799471008705)
  );
#2122 = SURFACE_CURVE('',#2123,(#2128,#2135),.PCURVE_S1.);
#2123 = CIRCLE('',#2124,0.134920626879);
#2124 = AXIS2_PLACEMENT_3D('',#2125,#2126,#2127);
#2125 = CARTESIAN_POINT('',(0.635449794855,-0.126984179,0.799471008705)
  );
#2126 = DIRECTION('',(0.,-1.,0.));
#2127 = DIRECTION('',(1.,0.,0.));
#2128 = PCURVE('',#2095,#2129);
#2129 = DEFINITIONAL_REPRESENTATION('',(#2130),#2134);
#2130 = LINE('',#2131,#2132);
#2131 = CARTESIAN_POINT('',(-0.,-0.111111164));
#2132 = VECTOR('',#2133,1.);
#2133 = DIRECTION('',(-1.,0.));
#2134 = ( GEOMETRIC_REPRESENTATION_CONTEXT(2) 
PARAMETRIC_REPRESENTATION_CONTEXT() REPRESENTATION_CONTEXT('2D SPACE',''
  ) );
#2135 = PCURVE('',#2136,#2141);
#2136 = PLANE('',#2137);
#2137 = AXIS2_PLACEMENT_3D('',#2138,#2139,#2140);
#2138 = CARTESIAN_POINT('',(-1.5873015E-02,-0.126984179,-1.5873015E-02)
  );
#2139 = DIRECTION('',(0.,-1.,0.));
#2140 = DIRECTION('',(1.,0.,0.));
#2141 = DEFINITIONAL_REPRESENTATION('',(#2142),#2146);
#2142 = CIRCLE('',#2143,0.134920626879);
#2143 = AXIS2_PLACEMENT_2D('',#2144,#2145);
#2144 = CARTESIAN_POINT('',(0.651322809855,0.815344023705));
#2145 = DIRECTION('',(1.,0.));
#2146 = ( GEOMETRIC_REPRESENTATION_CONTEXT(2) 
PARAMETRIC_REPRESENTATION_CONTEXT() REPRESENTATION_CONTEXT('2D SPACE',''
  ) );
#2147 = ORIENTED_EDGE('',*,*,#2148,.F.);
#2148 = EDGE_CURVE('',#2149,#2120,#2151,.T.);
#2149 = VERTEX_POINT('',#2150);
#2150 = CARTESIAN_POINT('',(0.770370421734,-1.5873015E-02,0.799471008705
    ));
#2151 = SURFACE_CURVE('',#2152,(#2156,#2163),.PCURVE_S1.);
#2152 = LINE('',#2153,#2154);
#2153 = CARTESIAN_POINT('',(0.770370421734,-1.5873015E-02,0.799471008705
    ));
#2154 = VECTOR('',#2155,1.);
#2155 = DIRECTION('',(0.,-1.,0.));
#2156 = PCURVE('',#2095,#2157);
#2157 = DEFINITIONAL_REPRESENTATION('',(#2158),#2162);
#2158 = LINE('',#2159,#2160);
#2159 = CARTESIAN_POINT('',(-6.28318530718,0.));
#2160 = VECTOR('',#2161,1.);
#2161 = DIRECTION('',(-0.,-1.));
#2162 = ( GEOMETRIC_REPRESENTATION_CONTEXT(2) 
PARAMETRIC_REPRESENTATION_CONTEXT() REPRESENTATION_CONTEXT('2D SPACE',''
  ) );
#2163 = PCURVE('',#2164,#2169);
#2164 = CYLINDRICAL_SURFACE('',#2165,0.134920626879);
#2165 = AXIS2_PLACEMENT_3D('',#2166,#2167,#2168);
#2166 = CARTESIAN_POINT('',(0.635449794855,-1.5873015E-02,0.799471008705
    ));
#2167 = DIRECTION('',(-0.,1.,-0.));
#2168 = DIRECTION('',(1.,0.,0.));
#2169 = DEFINITIONAL_REPRESENTATION('',(#2170),#2174);
#2170 = LINE('',#2171,#2172);
#2171 = CARTESIAN_POINT('',(-0.,0.));
#2172 = VECTOR('',#2173,1.);
#2173 = DIRECTION('',(-0.,-1.));
#2174 = ( GEOMETRIC_REPRESENTATION_CONTEXT(2) 
PARAMETRIC_REPRESENTATION_CONTEXT() REPRESENTATION_CONTEXT('2D SPACE',''
  ) );
#2175 = ORIENTED_EDGE('',*,*,#2176,.F.);
#2176 = EDGE_CURVE('',#2085,#2149,#2177,.T.);
#2177 = SURFACE_CURVE('',#2178,(#2183,#2190),.PCURVE_S1.);
#2178 = CIRCLE('',#2179,0.134920626879);
#2179 = AXIS2_PLACEMENT_3D('',#2180,#2181,#2182);
#2180 = CARTESIAN_POINT('',(0.635449794855,-1.5873015E-02,0.799471008705
    ));
#2181 = DIRECTION('',(0.,-1.,0.));
#2182 = DIRECTION('',(1.,0.,0.));
#2183 = PCURVE('',#2095,#2184);
#2184 = DEFINITIONAL_REPRESENTATION('',(#2185),#2189);
#2185 = LINE('',#2186,#2187);
#2186 = CARTESIAN_POINT('',(-0.,0.));
#2187 = VECTOR('',#2188,1.);
#2188 = DIRECTION('',(-1.,0.));
#2189 = ( GEOMETRIC_REPRESENTATION_CONTEXT(2) 
PARAMETRIC_REPRESENTATION_CONTEXT() REPRESENTATION_CONTEXT('2D SPACE',''
  ) );
#2190 = PCURVE('',#2191,#2196);
#2191 = CYLINDRICAL_SURFACE('',#2192,0.134920626879);
#2192 = AXIS2_PLACEMENT_3D('',#2193,#2194,#2195);
#2193 = CARTESIAN_POINT('',(0.635449794855,-1.5873015E-02,0.799471008705
    ));
#2194 = DIRECTION('',(0.,-1.,0.));
#2195 = DIRECTION('',(1.,0.,0.));
#2196 = DEFINITIONAL_REPRESENTATION('',(#2197),#2201);
#2197 = LINE('',#2198,#2199);
#2198 = CARTESIAN_POINT('',(0.,0.));
#2199 = VECTOR('',#2200,1.);
#2200 = DIRECTION('',(1.,0.));
#2201 = ( GEOMETRIC_REPRESENTATION_CONTEXT(2) 
PARAMETRIC_REPRESENTATION_CONTEXT() REPRESENTATION_CONTEXT('2D SPACE',''
  ) );
#2202 = ADVANCED_FACE('',(#2203),#2107,.F.);
#2203 = FACE_BOUND('',#2204,.T.);
#2204 = EDGE_LOOP('',(#2205,#2206,#2230,#2258));
#2205 = ORIENTED_EDGE('',*,*,#2084,.T.);
#2206 = ORIENTED_EDGE('',*,*,#2207,.T.);
#2207 = EDGE_CURVE('',#2087,#2208,#2210,.T.);
#2208 = VERTEX_POINT('',#2209);
#2209 = CARTESIAN_POINT('',(0.707407462524,-0.126984179,0.799471008705)
  );
#2210 = SURFACE_CURVE('',#2211,(#2216,#2223),.PCURVE_S1.);
#2211 = CIRCLE('',#2212,0.107936501503);
#2212 = AXIS2_PLACEMENT_3D('',#2213,#2214,#2215);
#2213 = CARTESIAN_POINT('',(0.599470961021,-0.126984179,0.799471008705)
  );
#2214 = DIRECTION('',(0.,-1.,0.));
#2215 = DIRECTION('',(1.,0.,0.));
#2216 = PCURVE('',#2107,#2217);
#2217 = DEFINITIONAL_REPRESENTATION('',(#2218),#2222);
#2218 = LINE('',#2219,#2220);
#2219 = CARTESIAN_POINT('',(-0.,-0.111111164));
#2220 = VECTOR('',#2221,1.);
#2221 = DIRECTION('',(-1.,0.));
#2222 = ( GEOMETRIC_REPRESENTATION_CONTEXT(2) 
PARAMETRIC_REPRESENTATION_CONTEXT() REPRESENTATION_CONTEXT('2D SPACE',''
  ) );
#2223 = PCURVE('',#2136,#2224);
#2224 = DEFINITIONAL_REPRESENTATION('',(#2225),#2229);
#2225 = CIRCLE('',#2226,0.107936501503);
#2226 = AXIS2_PLACEMENT_2D('',#2227,#2228);
#2227 = CARTESIAN_POINT('',(0.615343976021,0.815344023705));
#2228 = DIRECTION('',(1.,0.));
#2229 = ( GEOMETRIC_REPRESENTATION_CONTEXT(2) 
PARAMETRIC_REPRESENTATION_CONTEXT() REPRESENTATION_CONTEXT('2D SPACE',''
  ) );
#2230 = ORIENTED_EDGE('',*,*,#2231,.F.);
#2231 = EDGE_CURVE('',#2232,#2208,#2234,.T.);
#2232 = VERTEX_POINT('',#2233);
#2233 = CARTESIAN_POINT('',(0.707407462524,-1.5873015E-02,0.799471008705
    ));
#2234 = SURFACE_CURVE('',#2235,(#2239,#2246),.PCURVE_S1.);
#2235 = LINE('',#2236,#2237);
#2236 = CARTESIAN_POINT('',(0.707407462524,-1.5873015E-02,0.799471008705
    ));
#2237 = VECTOR('',#2238,1.);
#2238 = DIRECTION('',(0.,-1.,0.));
#2239 = PCURVE('',#2107,#2240);
#2240 = DEFINITIONAL_REPRESENTATION('',(#2241),#2245);
#2241 = LINE('',#2242,#2243);
#2242 = CARTESIAN_POINT('',(-6.28318530718,0.));
#2243 = VECTOR('',#2244,1.);
#2244 = DIRECTION('',(-0.,-1.));
#2245 = ( GEOMETRIC_REPRESENTATION_CONTEXT(2) 
PARAMETRIC_REPRESENTATION_CONTEXT() REPRESENTATION_CONTEXT('2D SPACE',''
  ) );
#2246 = PCURVE('',#2247,#2252);
#2247 = CYLINDRICAL_SURFACE('',#2248,0.107936501503);
#2248 = AXIS2_PLACEMENT_3D('',#2249,#2250,#2251);
#2249 = CARTESIAN_POINT('',(0.599470961021,-1.5873015E-02,0.799471008705
    ));
#2250 = DIRECTION('',(-0.,1.,-0.));
#2251 = DIRECTION('',(1.,0.,0.));
#2252 = DEFINITIONAL_REPRESENTATION('',(#2253),#2257);
#2253 = LINE('',#2254,#2255);
#2254 = CARTESIAN_POINT('',(-0.,0.));
#2255 = VECTOR('',#2256,1.);
#2256 = DIRECTION('',(-0.,-1.));
#2257 = ( GEOMETRIC_REPRESENTATION_CONTEXT(2) 
PARAMETRIC_REPRESENTATION_CONTEXT() REPRESENTATION_CONTEXT('2D SPACE',''
  ) );
#2258 = ORIENTED_EDGE('',*,*,#2259,.F.);
#2259 = EDGE_CURVE('',#2085,#2232,#2260,.T.);
#2260 = SURFACE_CURVE('',#2261,(#2266,#2273),.PCURVE_S1.);
#2261 = CIRCLE('',#2262,0.107936501503);
#2262 = AXIS2_PLACEMENT_3D('',#2263,#2264,#2265);
#2263 = CARTESIAN_POINT('',(0.599470961021,-1.5873015E-02,0.799471008705
    ));
#2264 = DIRECTION('',(0.,-1.,0.));
#2265 = DIRECTION('',(1.,0.,0.));
#2266 = PCURVE('',#2107,#2267);
#2267 = DEFINITIONAL_REPRESENTATION('',(#2268),#2272);
#2268 = LINE('',#2269,#2270);
#2269 = CARTESIAN_POINT('',(-0.,0.));
#2270 = VECTOR('',#2271,1.);
#2271 = DIRECTION('',(-1.,0.));
#2272 = ( GEOMETRIC_REPRESENTATION_CONTEXT(2) 
PARAMETRIC_REPRESENTATION_CONTEXT() REPRESENTATION_CONTEXT('2D SPACE',''
  ) );
#2273 = PCURVE('',#2274,#2279);
#2274 = CYLINDRICAL_SURFACE('',#2275,0.107936501503);
#2275 = AXIS2_PLACEMENT_3D('',#2276,#2277,#2278);
#2276 = CARTESIAN_POINT('',(0.599470961021,-1.5873015E-02,0.799471008705
    ));
#2277 = DIRECTION('',(0.,-1.,0.));
#2278 = DIRECTION('',(1.,0.,0.));
#2279 = DEFINITIONAL_REPRESENTATION('',(#2280),#2284);
#2280 = LINE('',#2281,#2282);
#2281 = CARTESIAN_POINT('',(0.,0.));
#2282 = VECTOR('',#2283,1.);
#2283 = DIRECTION('',(1.,0.));
#2284 = ( GEOMETRIC_REPRESENTATION_CONTEXT(2) 
PARAMETRIC_REPRESENTATION_CONTEXT() REPRESENTATION_CONTEXT('2D SPACE',''
  ) );
#2285 = ADVANCED_FACE('',(#2286),#2164,.T.);
#2286 = FACE_BOUND('',#2287,.F.);
#2287 = EDGE_LOOP('',(#2288,#2289,#2313,#2336));
#2288 = ORIENTED_EDGE('',*,*,#2148,.T.);
#2289 = ORIENTED_EDGE('',*,*,#2290,.T.);
#2290 = EDGE_CURVE('',#2120,#2291,#2293,.T.);
#2291 = VERTEX_POINT('',#2292);
#2292 = CARTESIAN_POINT('',(0.526388954795,-0.126984179,0.878902165833)
  );
#2293 = SURFACE_CURVE('',#2294,(#2299,#2306),.PCURVE_S1.);
#2294 = CIRCLE('',#2295,0.134920626879);
#2295 = AXIS2_PLACEMENT_3D('',#2296,#2297,#2298);
#2296 = CARTESIAN_POINT('',(0.635449794855,-0.126984179,0.799471008705)
  );
#2297 = DIRECTION('',(0.,-1.,0.));
#2298 = DIRECTION('',(1.,0.,0.));
#2299 = PCURVE('',#2164,#2300);
#2300 = DEFINITIONAL_REPRESENTATION('',(#2301),#2305);
#2301 = LINE('',#2302,#2303);
#2302 = CARTESIAN_POINT('',(-0.,-0.111111164));
#2303 = VECTOR('',#2304,1.);
#2304 = DIRECTION('',(-1.,0.));
#2305 = ( GEOMETRIC_REPRESENTATION_CONTEXT(2) 
PARAMETRIC_REPRESENTATION_CONTEXT() REPRESENTATION_CONTEXT('2D SPACE',''
  ) );
#2306 = PCURVE('',#2136,#2307);
#2307 = DEFINITIONAL_REPRESENTATION('',(#2308),#2312);
#2308 = CIRCLE('',#2309,0.134920626879);
#2309 = AXIS2_PLACEMENT_2D('',#2310,#2311);
#2310 = CARTESIAN_POINT('',(0.651322809855,0.815344023705));
#2311 = DIRECTION('',(1.,0.));
#2312 = ( GEOMETRIC_REPRESENTATION_CONTEXT(2) 
PARAMETRIC_REPRESENTATION_CONTEXT() REPRESENTATION_CONTEXT('2D SPACE',''
  ) );
#2313 = ORIENTED_EDGE('',*,*,#2314,.F.);
#2314 = EDGE_CURVE('',#2315,#2291,#2317,.T.);
#2315 = VERTEX_POINT('',#2316);
#2316 = CARTESIAN_POINT('',(0.526388954795,-1.5873015E-02,0.878902165833
    ));
#2317 = SURFACE_CURVE('',#2318,(#2322,#2329),.PCURVE_S1.);
#2318 = LINE('',#2319,#2320);
#2319 = CARTESIAN_POINT('',(0.526388954795,-1.5873015E-02,0.878902165833
    ));
#2320 = VECTOR('',#2321,1.);
#2321 = DIRECTION('',(0.,-1.,0.));
#2322 = PCURVE('',#2164,#2323);
#2323 = DEFINITIONAL_REPRESENTATION('',(#2324),#2328);
#2324 = LINE('',#2325,#2326);
#2325 = CARTESIAN_POINT('',(-2.512111938495,0.));
#2326 = VECTOR('',#2327,1.);
#2327 = DIRECTION('',(-0.,-1.));
#2328 = ( GEOMETRIC_REPRESENTATION_CONTEXT(2) 
PARAMETRIC_REPRESENTATION_CONTEXT() REPRESENTATION_CONTEXT('2D SPACE',''
  ) );
#2329 = PCURVE('',#2247,#2330);
#2330 = DEFINITIONAL_REPRESENTATION('',(#2331),#2335);
#2331 = LINE('',#2332,#2333);
#2332 = CARTESIAN_POINT('',(-2.314588331575,0.));
#2333 = VECTOR('',#2334,1.);
#2334 = DIRECTION('',(-0.,-1.));
#2335 = ( GEOMETRIC_REPRESENTATION_CONTEXT(2) 
PARAMETRIC_REPRESENTATION_CONTEXT() REPRESENTATION_CONTEXT('2D SPACE',''
  ) );
#2336 = ORIENTED_EDGE('',*,*,#2337,.F.);
#2337 = EDGE_CURVE('',#2149,#2315,#2338,.T.);
#2338 = SURFACE_CURVE('',#2339,(#2344,#2351),.PCURVE_S1.);
#2339 = CIRCLE('',#2340,0.134920626879);
#2340 = AXIS2_PLACEMENT_3D('',#2341,#2342,#2343);
#2341 = CARTESIAN_POINT('',(0.635449794855,-1.5873015E-02,0.799471008705
    ));
#2342 = DIRECTION('',(0.,-1.,0.));
#2343 = DIRECTION('',(1.,0.,0.));
#2344 = PCURVE('',#2164,#2345);
#2345 = DEFINITIONAL_REPRESENTATION('',(#2346),#2350);
#2346 = LINE('',#2347,#2348);
#2347 = CARTESIAN_POINT('',(-0.,0.));
#2348 = VECTOR('',#2349,1.);
#2349 = DIRECTION('',(-1.,0.));
#2350 = ( GEOMETRIC_REPRESENTATION_CONTEXT(2) 
PARAMETRIC_REPRESENTATION_CONTEXT() REPRESENTATION_CONTEXT('2D SPACE',''
  ) );
#2351 = PCURVE('',#2352,#2357);
#2352 = CYLINDRICAL_SURFACE('',#2353,0.134920626879);
#2353 = AXIS2_PLACEMENT_3D('',#2354,#2355,#2356);
#2354 = CARTESIAN_POINT('',(0.635449794855,-1.5873015E-02,0.799471008705
    ));
#2355 = DIRECTION('',(0.,-1.,0.));
#2356 = DIRECTION('',(1.,0.,0.));
#2357 = DEFINITIONAL_REPRESENTATION('',(#2358),#2362);
#2358 = LINE('',#2359,#2360);
#2359 = CARTESIAN_POINT('',(0.,0.));
#2360 = VECTOR('',#2361,1.);
#2361 = DIRECTION('',(1.,0.));
#2362 = ( GEOMETRIC_REPRESENTATION_CONTEXT(2) 
PARAMETRIC_REPRESENTATION_CONTEXT() REPRESENTATION_CONTEXT('2D SPACE',''
  ) );
#2363 = ADVANCED_FACE('',(#2364),#2191,.T.);
#2364 = FACE_BOUND('',#2365,.T.);
#2365 = EDGE_LOOP('',(#2366,#2389,#2418,#2439));
#2366 = ORIENTED_EDGE('',*,*,#2367,.T.);
#2367 = EDGE_CURVE('',#2085,#2368,#2370,.T.);
#2368 = VERTEX_POINT('',#2369);
#2369 = CARTESIAN_POINT('',(0.526388954795,0.,0.720039851577));
#2370 = SURFACE_CURVE('',#2371,(#2375,#2382),.PCURVE_S1.);
#2371 = LINE('',#2372,#2373);
#2372 = CARTESIAN_POINT('',(0.526388954795,-1.5873015E-02,0.720039851577
    ));
#2373 = VECTOR('',#2374,1.);
#2374 = DIRECTION('',(-0.,1.,-0.));
#2375 = PCURVE('',#2191,#2376);
#2376 = DEFINITIONAL_REPRESENTATION('',(#2377),#2381);
#2377 = LINE('',#2378,#2379);
#2378 = CARTESIAN_POINT('',(3.771073368684,0.));
#2379 = VECTOR('',#2380,1.);
#2380 = DIRECTION('',(0.,-1.));
#2381 = ( GEOMETRIC_REPRESENTATION_CONTEXT(2) 
PARAMETRIC_REPRESENTATION_CONTEXT() REPRESENTATION_CONTEXT('2D SPACE',''
  ) );
#2382 = PCURVE('',#2274,#2383);
#2383 = DEFINITIONAL_REPRESENTATION('',(#2384),#2388);
#2384 = LINE('',#2385,#2386);
#2385 = CARTESIAN_POINT('',(3.968596975605,0.));
#2386 = VECTOR('',#2387,1.);
#2387 = DIRECTION('',(0.,-1.));
#2388 = ( GEOMETRIC_REPRESENTATION_CONTEXT(2) 
PARAMETRIC_REPRESENTATION_CONTEXT() REPRESENTATION_CONTEXT('2D SPACE',''
  ) );
#2389 = ORIENTED_EDGE('',*,*,#2390,.T.);
#2390 = EDGE_CURVE('',#2368,#2391,#2393,.T.);
#2391 = VERTEX_POINT('',#2392);
#2392 = CARTESIAN_POINT('',(0.770370421734,0.,0.799471008705));
#2393 = SURFACE_CURVE('',#2394,(#2399,#2406),.PCURVE_S1.);
#2394 = CIRCLE('',#2395,0.134920626879);
#2395 = AXIS2_PLACEMENT_3D('',#2396,#2397,#2398);
#2396 = CARTESIAN_POINT('',(0.635449794855,0.,0.799471008705));
#2397 = DIRECTION('',(0.,-1.,0.));
#2398 = DIRECTION('',(1.,0.,0.));
#2399 = PCURVE('',#2191,#2400);
#2400 = DEFINITIONAL_REPRESENTATION('',(#2401),#2405);
#2401 = LINE('',#2402,#2403);
#2402 = CARTESIAN_POINT('',(0.,-1.5873015E-02));
#2403 = VECTOR('',#2404,1.);
#2404 = DIRECTION('',(1.,0.));
#2405 = ( GEOMETRIC_REPRESENTATION_CONTEXT(2) 
PARAMETRIC_REPRESENTATION_CONTEXT() REPRESENTATION_CONTEXT('2D SPACE',''
  ) );
#2406 = PCURVE('',#2407,#2412);
#2407 = PLANE('',#2408);
#2408 = AXIS2_PLACEMENT_3D('',#2409,#2410,#2411);
#2409 = CARTESIAN_POINT('',(-1.5873015E-02,0.,-1.5873015E-02));
#2410 = DIRECTION('',(0.,-1.,0.));
#2411 = DIRECTION('',(1.,0.,0.));
#2412 = DEFINITIONAL_REPRESENTATION('',(#2413),#2417);
#2413 = CIRCLE('',#2414,0.134920626879);
#2414 = AXIS2_PLACEMENT_2D('',#2415,#2416);
#2415 = CARTESIAN_POINT('',(0.651322809855,0.815344023705));
#2416 = DIRECTION('',(1.,0.));
#2417 = ( GEOMETRIC_REPRESENTATION_CONTEXT(2) 
PARAMETRIC_REPRESENTATION_CONTEXT() REPRESENTATION_CONTEXT('2D SPACE',''
  ) );
#2418 = ORIENTED_EDGE('',*,*,#2419,.F.);
#2419 = EDGE_CURVE('',#2149,#2391,#2420,.T.);
#2420 = SURFACE_CURVE('',#2421,(#2425,#2432),.PCURVE_S1.);
#2421 = LINE('',#2422,#2423);
#2422 = CARTESIAN_POINT('',(0.770370421734,-1.5873015E-02,0.799471008705
    ));
#2423 = VECTOR('',#2424,1.);
#2424 = DIRECTION('',(-0.,1.,-0.));
#2425 = PCURVE('',#2191,#2426);
#2426 = DEFINITIONAL_REPRESENTATION('',(#2427),#2431);
#2427 = LINE('',#2428,#2429);
#2428 = CARTESIAN_POINT('',(6.28318530718,0.));
#2429 = VECTOR('',#2430,1.);
#2430 = DIRECTION('',(0.,-1.));
#2431 = ( GEOMETRIC_REPRESENTATION_CONTEXT(2) 
PARAMETRIC_REPRESENTATION_CONTEXT() REPRESENTATION_CONTEXT('2D SPACE',''
  ) );
#2432 = PCURVE('',#2352,#2433);
#2433 = DEFINITIONAL_REPRESENTATION('',(#2434),#2438);
#2434 = LINE('',#2435,#2436);
#2435 = CARTESIAN_POINT('',(0.,0.));
#2436 = VECTOR('',#2437,1.);
#2437 = DIRECTION('',(0.,-1.));
#2438 = ( GEOMETRIC_REPRESENTATION_CONTEXT(2) 
PARAMETRIC_REPRESENTATION_CONTEXT() REPRESENTATION_CONTEXT('2D SPACE',''
  ) );
#2439 = ORIENTED_EDGE('',*,*,#2176,.F.);
#2440 = ADVANCED_FACE('',(#2441),#2136,.T.);
#2441 = FACE_BOUND('',#2442,.T.);
#2442 = EDGE_LOOP('',(#2443,#2444,#2445,#2467));
#2443 = ORIENTED_EDGE('',*,*,#2119,.T.);
#2444 = ORIENTED_EDGE('',*,*,#2290,.T.);
#2445 = ORIENTED_EDGE('',*,*,#2446,.F.);
#2446 = EDGE_CURVE('',#2208,#2291,#2447,.T.);
#2447 = SURFACE_CURVE('',#2448,(#2453,#2460),.PCURVE_S1.);
#2448 = CIRCLE('',#2449,0.107936501503);
#2449 = AXIS2_PLACEMENT_3D('',#2450,#2451,#2452);
#2450 = CARTESIAN_POINT('',(0.599470961021,-0.126984179,0.799471008705)
  );
#2451 = DIRECTION('',(0.,-1.,0.));
#2452 = DIRECTION('',(1.,0.,0.));
#2453 = PCURVE('',#2136,#2454);
#2454 = DEFINITIONAL_REPRESENTATION('',(#2455),#2459);
#2455 = CIRCLE('',#2456,0.107936501503);
#2456 = AXIS2_PLACEMENT_2D('',#2457,#2458);
#2457 = CARTESIAN_POINT('',(0.615343976021,0.815344023705));
#2458 = DIRECTION('',(1.,0.));
#2459 = ( GEOMETRIC_REPRESENTATION_CONTEXT(2) 
PARAMETRIC_REPRESENTATION_CONTEXT() REPRESENTATION_CONTEXT('2D SPACE',''
  ) );
#2460 = PCURVE('',#2247,#2461);
#2461 = DEFINITIONAL_REPRESENTATION('',(#2462),#2466);
#2462 = LINE('',#2463,#2464);
#2463 = CARTESIAN_POINT('',(-0.,-0.111111164));
#2464 = VECTOR('',#2465,1.);
#2465 = DIRECTION('',(-1.,0.));
#2466 = ( GEOMETRIC_REPRESENTATION_CONTEXT(2) 
PARAMETRIC_REPRESENTATION_CONTEXT() REPRESENTATION_CONTEXT('2D SPACE',''
  ) );
#2467 = ORIENTED_EDGE('',*,*,#2207,.F.);
#2468 = ADVANCED_FACE('',(#2469),#2247,.F.);
#2469 = FACE_BOUND('',#2470,.T.);
#2470 = EDGE_LOOP('',(#2471,#2472,#2473,#2474));
#2471 = ORIENTED_EDGE('',*,*,#2231,.T.);
#2472 = ORIENTED_EDGE('',*,*,#2446,.T.);
#2473 = ORIENTED_EDGE('',*,*,#2314,.F.);
#2474 = ORIENTED_EDGE('',*,*,#2475,.F.);
#2475 = EDGE_CURVE('',#2232,#2315,#2476,.T.);
#2476 = SURFACE_CURVE('',#2477,(#2482,#2489),.PCURVE_S1.);
#2477 = CIRCLE('',#2478,0.107936501503);
#2478 = AXIS2_PLACEMENT_3D('',#2479,#2480,#2481);
#2479 = CARTESIAN_POINT('',(0.599470961021,-1.5873015E-02,0.799471008705
    ));
#2480 = DIRECTION('',(0.,-1.,0.));
#2481 = DIRECTION('',(1.,0.,0.));
#2482 = PCURVE('',#2247,#2483);
#2483 = DEFINITIONAL_REPRESENTATION('',(#2484),#2488);
#2484 = LINE('',#2485,#2486);
#2485 = CARTESIAN_POINT('',(-0.,0.));
#2486 = VECTOR('',#2487,1.);
#2487 = DIRECTION('',(-1.,0.));
#2488 = ( GEOMETRIC_REPRESENTATION_CONTEXT(2) 
PARAMETRIC_REPRESENTATION_CONTEXT() REPRESENTATION_CONTEXT('2D SPACE',''
  ) );
#2489 = PCURVE('',#2490,#2495);
#2490 = CYLINDRICAL_SURFACE('',#2491,0.107936501503);
#2491 = AXIS2_PLACEMENT_3D('',#2492,#2493,#2494);
#2492 = CARTESIAN_POINT('',(0.599470961021,-1.5873015E-02,0.799471008705
    ));
#2493 = DIRECTION('',(0.,-1.,0.));
#2494 = DIRECTION('',(1.,0.,0.));
#2495 = DEFINITIONAL_REPRESENTATION('',(#2496),#2500);
#2496 = LINE('',#2497,#2498);
#2497 = CARTESIAN_POINT('',(0.,0.));
#2498 = VECTOR('',#2499,1.);
#2499 = DIRECTION('',(1.,0.));
#2500 = ( GEOMETRIC_REPRESENTATION_CONTEXT(2) 
PARAMETRIC_REPRESENTATION_CONTEXT() REPRESENTATION_CONTEXT('2D SPACE',''
  ) );
#2501 = ADVANCED_FACE('',(#2502),#2274,.F.);
#2502 = FACE_BOUND('',#2503,.F.);
#2503 = EDGE_LOOP('',(#2504,#2505,#2529,#2550));
#2504 = ORIENTED_EDGE('',*,*,#2367,.T.);
#2505 = ORIENTED_EDGE('',*,*,#2506,.T.);
#2506 = EDGE_CURVE('',#2368,#2507,#2509,.T.);
#2507 = VERTEX_POINT('',#2508);
#2508 = CARTESIAN_POINT('',(0.707407462524,0.,0.799471008705));
#2509 = SURFACE_CURVE('',#2510,(#2515,#2522),.PCURVE_S1.);
#2510 = CIRCLE('',#2511,0.107936501503);
#2511 = AXIS2_PLACEMENT_3D('',#2512,#2513,#2514);
#2512 = CARTESIAN_POINT('',(0.599470961021,0.,0.799471008705));
#2513 = DIRECTION('',(0.,-1.,0.));
#2514 = DIRECTION('',(1.,0.,0.));
#2515 = PCURVE('',#2274,#2516);
#2516 = DEFINITIONAL_REPRESENTATION('',(#2517),#2521);
#2517 = LINE('',#2518,#2519);
#2518 = CARTESIAN_POINT('',(0.,-1.5873015E-02));
#2519 = VECTOR('',#2520,1.);
#2520 = DIRECTION('',(1.,0.));
#2521 = ( GEOMETRIC_REPRESENTATION_CONTEXT(2) 
PARAMETRIC_REPRESENTATION_CONTEXT() REPRESENTATION_CONTEXT('2D SPACE',''
  ) );
#2522 = PCURVE('',#2407,#2523);
#2523 = DEFINITIONAL_REPRESENTATION('',(#2524),#2528);
#2524 = CIRCLE('',#2525,0.107936501503);
#2525 = AXIS2_PLACEMENT_2D('',#2526,#2527);
#2526 = CARTESIAN_POINT('',(0.615343976021,0.815344023705));
#2527 = DIRECTION('',(1.,0.));
#2528 = ( GEOMETRIC_REPRESENTATION_CONTEXT(2) 
PARAMETRIC_REPRESENTATION_CONTEXT() REPRESENTATION_CONTEXT('2D SPACE',''
  ) );
#2529 = ORIENTED_EDGE('',*,*,#2530,.F.);
#2530 = EDGE_CURVE('',#2232,#2507,#2531,.T.);
#2531 = SURFACE_CURVE('',#2532,(#2536,#2543),.PCURVE_S1.);
#2532 = LINE('',#2533,#2534);
#2533 = CARTESIAN_POINT('',(0.707407462524,-1.5873015E-02,0.799471008705
    ));
#2534 = VECTOR('',#2535,1.);
#2535 = DIRECTION('',(-0.,1.,-0.));
#2536 = PCURVE('',#2274,#2537);
#2537 = DEFINITIONAL_REPRESENTATION('',(#2538),#2542);
#2538 = LINE('',#2539,#2540);
#2539 = CARTESIAN_POINT('',(6.28318530718,0.));
#2540 = VECTOR('',#2541,1.);
#2541 = DIRECTION('',(0.,-1.));
#2542 = ( GEOMETRIC_REPRESENTATION_CONTEXT(2) 
PARAMETRIC_REPRESENTATION_CONTEXT() REPRESENTATION_CONTEXT('2D SPACE',''
  ) );
#2543 = PCURVE('',#2490,#2544);
#2544 = DEFINITIONAL_REPRESENTATION('',(#2545),#2549);
#2545 = LINE('',#2546,#2547);
#2546 = CARTESIAN_POINT('',(0.,0.));
#2547 = VECTOR('',#2548,1.);
#2548 = DIRECTION('',(0.,-1.));
#2549 = ( GEOMETRIC_REPRESENTATION_CONTEXT(2) 
PARAMETRIC_REPRESENTATION_CONTEXT() REPRESENTATION_CONTEXT('2D SPACE',''
  ) );
#2550 = ORIENTED_EDGE('',*,*,#2259,.F.);
#2551 = ADVANCED_FACE('',(#2552),#2352,.T.);
#2552 = FACE_BOUND('',#2553,.T.);
#2553 = EDGE_LOOP('',(#2554,#2555,#2579,#2600));
#2554 = ORIENTED_EDGE('',*,*,#2419,.T.);
#2555 = ORIENTED_EDGE('',*,*,#2556,.T.);
#2556 = EDGE_CURVE('',#2391,#2557,#2559,.T.);
#2557 = VERTEX_POINT('',#2558);
#2558 = CARTESIAN_POINT('',(0.526388954795,0.,0.878902165833));
#2559 = SURFACE_CURVE('',#2560,(#2565,#2572),.PCURVE_S1.);
#2560 = CIRCLE('',#2561,0.134920626879);
#2561 = AXIS2_PLACEMENT_3D('',#2562,#2563,#2564);
#2562 = CARTESIAN_POINT('',(0.635449794855,0.,0.799471008705));
#2563 = DIRECTION('',(0.,-1.,0.));
#2564 = DIRECTION('',(1.,0.,0.));
#2565 = PCURVE('',#2352,#2566);
#2566 = DEFINITIONAL_REPRESENTATION('',(#2567),#2571);
#2567 = LINE('',#2568,#2569);
#2568 = CARTESIAN_POINT('',(0.,-1.5873015E-02));
#2569 = VECTOR('',#2570,1.);
#2570 = DIRECTION('',(1.,0.));
#2571 = ( GEOMETRIC_REPRESENTATION_CONTEXT(2) 
PARAMETRIC_REPRESENTATION_CONTEXT() REPRESENTATION_CONTEXT('2D SPACE',''
  ) );
#2572 = PCURVE('',#2407,#2573);
#2573 = DEFINITIONAL_REPRESENTATION('',(#2574),#2578);
#2574 = CIRCLE('',#2575,0.134920626879);
#2575 = AXIS2_PLACEMENT_2D('',#2576,#2577);
#2576 = CARTESIAN_POINT('',(0.651322809855,0.815344023705));
#2577 = DIRECTION('',(1.,0.));
#2578 = ( GEOMETRIC_REPRESENTATION_CONTEXT(2) 
PARAMETRIC_REPRESENTATION_CONTEXT() REPRESENTATION_CONTEXT('2D SPACE',''
  ) );
#2579 = ORIENTED_EDGE('',*,*,#2580,.F.);
#2580 = EDGE_CURVE('',#2315,#2557,#2581,.T.);
#2581 = SURFACE_CURVE('',#2582,(#2586,#2593),.PCURVE_S1.);
#2582 = LINE('',#2583,#2584);
#2583 = CARTESIAN_POINT('',(0.526388954795,-1.5873015E-02,0.878902165833
    ));
#2584 = VECTOR('',#2585,1.);
#2585 = DIRECTION('',(-0.,1.,-0.));
#2586 = PCURVE('',#2352,#2587);
#2587 = DEFINITIONAL_REPRESENTATION('',(#2588),#2592);
#2588 = LINE('',#2589,#2590);
#2589 = CARTESIAN_POINT('',(2.512111938495,0.));
#2590 = VECTOR('',#2591,1.);
#2591 = DIRECTION('',(0.,-1.));
#2592 = ( GEOMETRIC_REPRESENTATION_CONTEXT(2) 
PARAMETRIC_REPRESENTATION_CONTEXT() REPRESENTATION_CONTEXT('2D SPACE',''
  ) );
#2593 = PCURVE('',#2490,#2594);
#2594 = DEFINITIONAL_REPRESENTATION('',(#2595),#2599);
#2595 = LINE('',#2596,#2597);
#2596 = CARTESIAN_POINT('',(2.314588331575,0.));
#2597 = VECTOR('',#2598,1.);
#2598 = DIRECTION('',(0.,-1.));
#2599 = ( GEOMETRIC_REPRESENTATION_CONTEXT(2) 
PARAMETRIC_REPRESENTATION_CONTEXT() REPRESENTATION_CONTEXT('2D SPACE',''
  ) );
#2600 = ORIENTED_EDGE('',*,*,#2337,.F.);
#2601 = ADVANCED_FACE('',(#2602),#2407,.F.);
#2602 = FACE_BOUND('',#2603,.F.);
#2603 = EDGE_LOOP('',(#2604,#2605,#2606,#2628));
#2604 = ORIENTED_EDGE('',*,*,#2390,.T.);
#2605 = ORIENTED_EDGE('',*,*,#2556,.T.);
#2606 = ORIENTED_EDGE('',*,*,#2607,.F.);
#2607 = EDGE_CURVE('',#2507,#2557,#2608,.T.);
#2608 = SURFACE_CURVE('',#2609,(#2614,#2621),.PCURVE_S1.);
#2609 = CIRCLE('',#2610,0.107936501503);
#2610 = AXIS2_PLACEMENT_3D('',#2611,#2612,#2613);
#2611 = CARTESIAN_POINT('',(0.599470961021,0.,0.799471008705));
#2612 = DIRECTION('',(0.,-1.,0.));
#2613 = DIRECTION('',(1.,0.,0.));
#2614 = PCURVE('',#2407,#2615);
#2615 = DEFINITIONAL_REPRESENTATION('',(#2616),#2620);
#2616 = CIRCLE('',#2617,0.107936501503);
#2617 = AXIS2_PLACEMENT_2D('',#2618,#2619);
#2618 = CARTESIAN_POINT('',(0.615343976021,0.815344023705));
#2619 = DIRECTION('',(1.,0.));
#2620 = ( GEOMETRIC_REPRESENTATION_CONTEXT(2) 
PARAMETRIC_REPRESENTATION_CONTEXT() REPRESENTATION_CONTEXT('2D SPACE',''
  ) );
#2621 = PCURVE('',#2490,#2622);
#2622 = DEFINITIONAL_REPRESENTATION('',(#2623),#2627);
#2623 = LINE('',#2624,#2625);
#2624 = CARTESIAN_POINT('',(0.,-1.5873015E-02));
#2625 = VECTOR('',#2626,1.);
#2626 = DIRECTION('',(1.,0.));
#2627 = ( GEOMETRIC_REPRESENTATION_CONTEXT(2) 
PARAMETRIC_REPRESENTATION_CONTEXT() REPRESENTATION_CONTEXT('2D SPACE',''
  ) );
#2628 = ORIENTED_EDGE('',*,*,#2506,.F.);
#2629 = ADVANCED_FACE('',(#2630),#2490,.F.);
#2630 = FACE_BOUND('',#2631,.F.);
#2631 = EDGE_LOOP('',(#2632,#2633,#2634,#2635));
#2632 = ORIENTED_EDGE('',*,*,#2530,.T.);
#2633 = ORIENTED_EDGE('',*,*,#2607,.T.);
#2634 = ORIENTED_EDGE('',*,*,#2580,.F.);
#2635 = ORIENTED_EDGE('',*,*,#2475,.F.);
#2636 = ( GEOMETRIC_REPRESENTATION_CONTEXT(3) 
GLOBAL_UNCERTAINTY_ASSIGNED_CONTEXT((#2640)) 
GLOBAL_UNIT_ASSIGNED_CONTEXT((#2637,#2638,#2639)) REPRESENTATION_CONTEXT
('Context #1','3D Context with UNIT and UNCERTAINTY') );
#2637 = ( LENGTH_UNIT() NAMED_UNIT(*) SI_UNIT(.MILLI.,.METRE.) );
#2638 = ( NAMED_UNIT(*) PLANE_ANGLE_UNIT() SI_UNIT($,.RADIAN.) );
#2639 = ( NAMED_UNIT(*) SI_UNIT($,.STERADIAN.) SOLID_ANGLE_UNIT() );
#2640 = UNCERTAINTY_MEASURE_WITH_UNIT(LENGTH_MEASURE(1.E-07),#2637,
  'distance_accuracy_value','confusion accuracy');
#2641 = CONTEXT_DEPENDENT_SHAPE_REPRESENTATION(#2642,#2644);
#2642 = ( REPRESENTATION_RELATIONSHIP('','',#2077,#10) 
REPRESENTATION_RELATIONSHIP_WITH_TRANSFORMATION(#2643) 
SHAPE_REPRESENTATION_RELATIONSHIP() );
#2643 = ITEM_DEFINED_TRANSFORMATION('','',#11,#27);
#2644 = PRODUCT_DEFINITION_SHAPE('Placement','Placement of an item',
  #2645);
#2645 = NEXT_ASSEMBLY_USAGE_OCCURRENCE('20','','',#5,#2072,$);
#2646 = CC_DESIGN_SECURITY_CLASSIFICATION(#2647,(#2645));
#2647 = SECURITY_CLASSIFICATION('','',#51);
#2648 = CC_DESIGN_PERSON_AND_ORGANIZATION_ASSIGNMENT(#40,#49,(#2647));
#2649 = CC_DESIGN_DATE_AND_TIME_ASSIGNMENT(#54,#60,(#2647));
#2650 = CC_DESIGN_APPROVAL(#62,(#2647));
#2651 = PRODUCT_RELATED_PRODUCT_CATEGORY('detail',$,(#2074));
#2652 = PRODUCT_CATEGORY_RELATIONSHIP('','',#2653,#2651);
#2653 = PRODUCT_CATEGORY('part',$);
#2654 = CC_DESIGN_PERSON_AND_ORGANIZATION_ASSIGNMENT(#40,#43,(#2073,
    #2072));
#2655 = CC_DESIGN_PERSON_AND_ORGANIZATION_ASSIGNMENT(#40,#45,(#2074));
#2656 = CC_DESIGN_PERSON_AND_ORGANIZATION_ASSIGNMENT(#40,#47,(#2073));
#2657 = CC_DESIGN_PERSON_AND_ORGANIZATION_ASSIGNMENT(#40,#49,(#2658));
#2658 = SECURITY_CLASSIFICATION('','',#51);
#2659 = CC_DESIGN_SECURITY_CLASSIFICATION(#2658,(#2073));
#2660 = CC_DESIGN_DATE_AND_TIME_ASSIGNMENT(#54,#58,(#2072));
#2661 = CC_DESIGN_DATE_AND_TIME_ASSIGNMENT(#54,#60,(#2658));
#2662 = CC_DESIGN_APPROVAL(#62,(#2073,#2072,#2658));
ENDSEC;
END-ISO-10303-21;
