ISO-10303-21;
HEADER;
FILE_DESCRIPTION(('Open CASCADE Model'),'2;1');
FILE_NAME('Open CASCADE Shape Model','2026-08-24T20:14:23',('Author'),(
    'Open CASCADE'),'Open CASCADE STEP processor 7.7','Open CASCADE 7.7'
  ,'Unknown');
FILE_SCHEMA(('CONFIG_CONTROL_DESIGN'));
ENDSEC;
DATA;
#1 = APPLICATION_PROTOCOL_DEFINITION('international standard',
  'config_control_design',1994,#2);
#2 = APPLICATION_CONTEXT(
'configuration controlled 3D designs of mechanical parts and assemblies'
  );
#3 = SHAPE_DEFINITION_REPRESENTATION(#4,#10);
#4 = PRODUCT_DEFINITION_SHAPE('','',#5);
#5 = PRODUCT_DEFINITION('design','',#6,#9);
#6 = PRODUCT_DEFINITION_FORMATION_WITH_SPECIFIED_SOURCE('','',#7,
  .NOT_KNOWN.);
#7 = PRODUCT('Open CASCADE STEP translator 7.7 147',
  'Open CASCADE STEP translator 7.7 147','',(#8));
#8 = MECHANICAL_CONTEXT('',#2,'mechanical');
#9 = DESIGN_CONTEXT('',#2,'design');
#10 = SHAPE_REPRESENTATION('',(#11,#15,#19,#23),#27);
#11 = AXIS2_PLACEMENT_3D('',#12,#13,#14);
#12 = CARTESIAN_POINT('',(0.,0.,0.));
#13 = DIRECTION('',(0.,0.,1.));
#14 = DIRECTION('',(1.,0.,-0.));
#15 = AXIS2_PLACEMENT_3D('',#16,#17,#18);
#16 = CARTESIAN_POINT('',(0.,0.,0.));
#17 = DIRECTION('',(0.,0.,1.));
#18 = DIRECTION('',(1.,0.,-0.));
#19 = AXIS2_PLACEMENT_3D('',#20,#21,#22);
#20 = CARTESIAN_POINT('',(0.,0.,0.));
#21 = DIRECTION('',(0.,0.,1.));
#22 = DIRECTION('',(1.,0.,-0.));
#23 = AXIS2_PLACEMENT_3D('',#24,#25,#26);
#24 = CARTESIAN_POINT('',(0.,0.,0.));
#25 = DIRECTION('',(0.,0.,1.));
#26 = DIRECTION('',(1.,0.,-0.));
#27 = ( GEOMETRIC_REPRESENTATION_CONTEXT(3) 
GLOBAL_UNCERTAINTY_ASSIGNED_CONTEXT((#31)) GLOBAL_UNIT_ASSIGNED_CONTEXT(
(#28,#29,#30)) REPRESENTATION_CONTEXT('Context #1',
  '3D Context with UNIT and UNCERTAINTY') );
#28 = ( LENGTH_UNIT() NAMED_UNIT(*) SI_UNIT(.MILLI.,.METRE.) );
#29 = ( NAMED_UNIT(*) PLANE_ANGLE_UNIT() SI_UNIT($,.RADIAN.) );
#30 = ( NAMED_UNIT(*) SI_UNIT($,.STERADIAN.) SOLID_ANGLE_UNIT() );
#31 = UNCERTAINTY_MEASURE_WITH_UNIT(LENGTH_MEASURE(2.E-07),#28,
  'distance_accuracy_value','confusion accuracy');
#32 = PRODUCT_RELATED_PRODUCT_CATEGORY('detail',$,(#7));
#33 = PRODUCT_CATEGORY_RELATIONSHIP('','',#34,#32);
#34 = PRODUCT_CATEGORY('part',$);
#35 = CC_DESIGN_PERSON_AND_ORGANIZATION_ASSIGNMENT(#36,#39,(#6,#5));
#36 = PERSON_AND_ORGANIZATION(#37,#38);
#37 = PERSON('IP127.0.0,root','','root',$,$,$);
#38 = ORGANIZATION('IP127.0.0','Unspecified','');
#39 = PERSON_AND_ORGANIZATION_ROLE('creator');
#40 = CC_DESIGN_PERSON_AND_ORGANIZATION_ASSIGNMENT(#36,#41,(#7));
#41 = PERSON_AND_ORGANIZATION_ROLE('design_owner');
#42 = CC_DESIGN_PERSON_AND_ORGANIZATION_ASSIGNMENT(#36,#43,(#6));
#43 = PERSON_AND_ORGANIZATION_ROLE('design_supplier');
#44 = CC_DESIGN_PERSON_AND_ORGANIZATION_ASSIGNMENT(#36,#45,(#46));
#45 = PERSON_AND_ORGANIZATION_ROLE('classification_officer');
#46 = SECURITY_CLASSIFICATION('','',#47);
#47 = SECURITY_CLASSIFICATION_LEVEL('unclassified');
#48 = CC_DESIGN_SECURITY_CLASSIFICATION(#46,(#6));
#49 = CC_DESIGN_DATE_AND_TIME_ASSIGNMENT(#50,#54,(#5));
#50 = DATE_AND_TIME(#51,#52);
#51 = CALENDAR_DATE(2026,24,8);
#52 = LOCAL_TIME(20,13,$,#53);
#53 = COORDINATED_UNIVERSAL_TIME_OFFSET(8,$,.AHEAD.);
#54 = DATE_TIME_ROLE('creation_date');
#55 = CC_DESIGN_DATE_AND_TIME_ASSIGNMENT(#50,#56,(#46));
#56 = DATE_TIME_ROLE('classification_date');
#57 = CC_DESIGN_APPROVAL(#58,(#6,#5,#46));
#58 = APPROVAL(#59,'');
#59 = APPROVAL_STATUS('not_yet_approved');
#60 = APPROVAL_PERSON_ORGANIZATION(#36,#58,#61);
#61 = APPROVAL_ROLE('approver');
#62 = APPROVAL_DATE_TIME(#50,#58);
#63 = SHAPE_DEFINITION_REPRESENTATION(#64,#70);
#64 = PRODUCT_DEFINITION_SHAPE('','',#65);
#65 = PRODUCT_DEFINITION('design','',#66,#69);
#66 = PRODUCT_DEFINITION_FORMATION_WITH_SPECIFIED_SOURCE('','',#67,
  .NOT_KNOWN.);
#67 = PRODUCT('Open CASCADE STEP translator 7.7 147.1',
  'Open CASCADE STEP translator 7.7 147.1','',(#68));
#68 = MECHANICAL_CONTEXT('',#2,'mechanical');
#69 = DESIGN_CONTEXT('',#2,'design');
#70 = ADVANCED_BREP_SHAPE_REPRESENTATION('',(#11,#71),#2786);
#71 = MANIFOLD_SOLID_BREP('',#72);
#72 = CLOSED_SHELL('',(#73,#361,#493,#693,#928,#1004,#1247,#1296,#1350,
    #1593,#1620,#1750,#1811,#1860,#1909,#1958,#1985,#2040,#2089,#2116,
    #2143,#2170,#2197,#2252,#2279,#2307,#2549,#2556,#2583,#2774,#2781));
#73 = ADVANCED_FACE('',(#74),#88,.F.);
#74 = FACE_BOUND('',#75,.F.);
#75 = EDGE_LOOP('',(#76,#111,#139,#167,#195,#218,#251,#279,#302,#335));
#76 = ORIENTED_EDGE('',*,*,#77,.F.);
#77 = EDGE_CURVE('',#78,#80,#82,.T.);
#78 = VERTEX_POINT('',#79);
#79 = CARTESIAN_POINT('',(0.318694949077,-1.5873015E-02,0.318694949077)
  );
#80 = VERTEX_POINT('',#81);
#81 = CARTESIAN_POINT('',(3.8529349471E-02,-1.5873015E-02,0.318694949077
    ));
#82 = SURFACE_CURVE('',#83,(#87,#99),.PCURVE_S1.);
#83 = LINE('',#84,#85);
#84 = CARTESIAN_POINT('',(0.318694949077,-1.5873015E-02,0.318694949077)
  );
#85 = VECTOR('',#86,1.);
#86 = DIRECTION('',(-1.,0.,0.));
#87 = PCURVE('',#88,#93);
#88 = PLANE('',#89);
#89 = AXIS2_PLACEMENT_3D('',#90,#91,#92);
#90 = CARTESIAN_POINT('',(0.318694949077,-1.5873015E-02,0.318694949077)
  );
#91 = DIRECTION('',(-0.,-0.,-1.));
#92 = DIRECTION('',(-1.,0.,0.));
#93 = DEFINITIONAL_REPRESENTATION('',(#94),#98);
#94 = LINE('',#95,#96);
#95 = CARTESIAN_POINT('',(0.,0.));
#96 = VECTOR('',#97,1.);
#97 = DIRECTION('',(1.,0.));
#98 = ( GEOMETRIC_REPRESENTATION_CONTEXT(2) 
PARAMETRIC_REPRESENTATION_CONTEXT() REPRESENTATION_CONTEXT('2D SPACE',''
  ) );
#99 = PCURVE('',#100,#105);
#100 = PLANE('',#101);
#101 = AXIS2_PLACEMENT_3D('',#102,#103,#104);
#102 = CARTESIAN_POINT('',(0.318694949077,-1.5873015E-02,0.318694949077)
  );
#103 = DIRECTION('',(0.,0.,1.));
#104 = DIRECTION('',(-1.,0.,0.));
#105 = DEFINITIONAL_REPRESENTATION('',(#106),#110);
#106 = LINE('',#107,#108);
#107 = CARTESIAN_POINT('',(0.,0.));
#108 = VECTOR('',#109,1.);
#109 = DIRECTION('',(1.,0.));
#110 = ( GEOMETRIC_REPRESENTATION_CONTEXT(2) 
PARAMETRIC_REPRESENTATION_CONTEXT() REPRESENTATION_CONTEXT('2D SPACE',''
  ) );
#111 = ORIENTED_EDGE('',*,*,#112,.T.);
#112 = EDGE_CURVE('',#78,#113,#115,.T.);
#113 = VERTEX_POINT('',#114);
#114 = CARTESIAN_POINT('',(0.318694949077,-0.190476235,0.318694949077));
#115 = SURFACE_CURVE('',#116,(#120,#127),.PCURVE_S1.);
#116 = LINE('',#117,#118);
#117 = CARTESIAN_POINT('',(0.318694949077,-1.5873015E-02,0.318694949077)
  );
#118 = VECTOR('',#119,1.);
#119 = DIRECTION('',(0.,-1.,0.));
#120 = PCURVE('',#88,#121);
#121 = DEFINITIONAL_REPRESENTATION('',(#122),#126);
#122 = LINE('',#123,#124);
#123 = CARTESIAN_POINT('',(0.,0.));
#124 = VECTOR('',#125,1.);
#125 = DIRECTION('',(0.,-1.));
#126 = ( GEOMETRIC_REPRESENTATION_CONTEXT(2) 
PARAMETRIC_REPRESENTATION_CONTEXT() REPRESENTATION_CONTEXT('2D SPACE',''
  ) );
#127 = PCURVE('',#128,#133);
#128 = PLANE('',#129);
#129 = AXIS2_PLACEMENT_3D('',#130,#131,#132);
#130 = CARTESIAN_POINT('',(0.318694949077,-1.5873015E-02,-0.395238101555
    ));
#131 = DIRECTION('',(-1.,0.,0.));
#132 = DIRECTION('',(0.,0.,1.));
#133 = DEFINITIONAL_REPRESENTATION('',(#134),#138);
#134 = LINE('',#135,#136);
#135 = CARTESIAN_POINT('',(0.713933050632,0.));
#136 = VECTOR('',#137,1.);
#137 = DIRECTION('',(0.,-1.));
#138 = ( GEOMETRIC_REPRESENTATION_CONTEXT(2) 
PARAMETRIC_REPRESENTATION_CONTEXT() REPRESENTATION_CONTEXT('2D SPACE',''
  ) );
#139 = ORIENTED_EDGE('',*,*,#140,.T.);
#140 = EDGE_CURVE('',#113,#141,#143,.T.);
#141 = VERTEX_POINT('',#142);
#142 = CARTESIAN_POINT('',(-0.395238101555,-0.190476235,0.318694949077)
  );
#143 = SURFACE_CURVE('',#144,(#148,#155),.PCURVE_S1.);
#144 = LINE('',#145,#146);
#145 = CARTESIAN_POINT('',(0.318694949077,-0.190476235,0.318694949077));
#146 = VECTOR('',#147,1.);
#147 = DIRECTION('',(-1.,0.,0.));
#148 = PCURVE('',#88,#149);
#149 = DEFINITIONAL_REPRESENTATION('',(#150),#154);
#150 = LINE('',#151,#152);
#151 = CARTESIAN_POINT('',(0.,-0.17460322));
#152 = VECTOR('',#153,1.);
#153 = DIRECTION('',(1.,0.));
#154 = ( GEOMETRIC_REPRESENTATION_CONTEXT(2) 
PARAMETRIC_REPRESENTATION_CONTEXT() REPRESENTATION_CONTEXT('2D SPACE',''
  ) );
#155 = PCURVE('',#156,#161);
#156 = PLANE('',#157);
#157 = AXIS2_PLACEMENT_3D('',#158,#159,#160);
#158 = CARTESIAN_POINT('',(-1.5873015E-02,-0.190476235,-1.5873015E-02));
#159 = DIRECTION('',(0.,-1.,0.));
#160 = DIRECTION('',(1.,0.,0.));
#161 = DEFINITIONAL_REPRESENTATION('',(#162),#166);
#162 = LINE('',#163,#164);
#163 = CARTESIAN_POINT('',(0.334567964077,0.334567964077));
#164 = VECTOR('',#165,1.);
#165 = DIRECTION('',(-1.,0.));
#166 = ( GEOMETRIC_REPRESENTATION_CONTEXT(2) 
PARAMETRIC_REPRESENTATION_CONTEXT() REPRESENTATION_CONTEXT('2D SPACE',''
  ) );
#167 = ORIENTED_EDGE('',*,*,#168,.F.);
#168 = EDGE_CURVE('',#169,#141,#171,.T.);
#169 = VERTEX_POINT('',#170);
#170 = CARTESIAN_POINT('',(-0.395238101555,-1.5873015E-02,0.318694949077
    ));
#171 = SURFACE_CURVE('',#172,(#176,#183),.PCURVE_S1.);
#172 = LINE('',#173,#174);
#173 = CARTESIAN_POINT('',(-0.395238101555,-1.5873015E-02,0.318694949077
    ));
#174 = VECTOR('',#175,1.);
#175 = DIRECTION('',(0.,-1.,0.));
#176 = PCURVE('',#88,#177);
#177 = DEFINITIONAL_REPRESENTATION('',(#178),#182);
#178 = LINE('',#179,#180);
#179 = CARTESIAN_POINT('',(0.713933050632,0.));
#180 = VECTOR('',#181,1.);
#181 = DIRECTION('',(0.,-1.));
#182 = ( GEOMETRIC_REPRESENTATION_CONTEXT(2) 
PARAMETRIC_REPRESENTATION_CONTEXT() REPRESENTATION_CONTEXT('2D SPACE',''
  ) );
#183 = PCURVE('',#184,#189);
#184 = PLANE('',#185);
#185 = AXIS2_PLACEMENT_3D('',#186,#187,#188);
#186 = CARTESIAN_POINT('',(-0.395238101555,-1.5873015E-02,0.318694949077
    ));
#187 = DIRECTION('',(1.,0.,0.));
#188 = DIRECTION('',(0.,0.,-1.));
#189 = DEFINITIONAL_REPRESENTATION('',(#190),#194);
#190 = LINE('',#191,#192);
#191 = CARTESIAN_POINT('',(0.,0.));
#192 = VECTOR('',#193,1.);
#193 = DIRECTION('',(0.,-1.));
#194 = ( GEOMETRIC_REPRESENTATION_CONTEXT(2) 
PARAMETRIC_REPRESENTATION_CONTEXT() REPRESENTATION_CONTEXT('2D SPACE',''
  ) );
#195 = ORIENTED_EDGE('',*,*,#196,.F.);
#196 = EDGE_CURVE('',#197,#169,#199,.T.);
#197 = VERTEX_POINT('',#198);
#198 = CARTESIAN_POINT('',(-0.159516937122,-1.5873015E-02,0.318694949077
    ));
#199 = SURFACE_CURVE('',#200,(#204,#211),.PCURVE_S1.);
#200 = LINE('',#201,#202);
#201 = CARTESIAN_POINT('',(0.318694949077,-1.5873015E-02,0.318694949077)
  );
#202 = VECTOR('',#203,1.);
#203 = DIRECTION('',(-1.,0.,0.));
#204 = PCURVE('',#88,#205);
#205 = DEFINITIONAL_REPRESENTATION('',(#206),#210);
#206 = LINE('',#207,#208);
#207 = CARTESIAN_POINT('',(0.,0.));
#208 = VECTOR('',#209,1.);
#209 = DIRECTION('',(1.,0.));
#210 = ( GEOMETRIC_REPRESENTATION_CONTEXT(2) 
PARAMETRIC_REPRESENTATION_CONTEXT() REPRESENTATION_CONTEXT('2D SPACE',''
  ) );
#211 = PCURVE('',#100,#212);
#212 = DEFINITIONAL_REPRESENTATION('',(#213),#217);
#213 = LINE('',#214,#215);
#214 = CARTESIAN_POINT('',(0.,0.));
#215 = VECTOR('',#216,1.);
#216 = DIRECTION('',(1.,0.));
#217 = ( GEOMETRIC_REPRESENTATION_CONTEXT(2) 
PARAMETRIC_REPRESENTATION_CONTEXT() REPRESENTATION_CONTEXT('2D SPACE',''
  ) );
#218 = ORIENTED_EDGE('',*,*,#219,.T.);
#219 = EDGE_CURVE('',#197,#220,#222,.T.);
#220 = VERTEX_POINT('',#221);
#221 = CARTESIAN_POINT('',(-0.134567868452,-3.192236695711E-02,
    0.318694949077));
#222 = SURFACE_CURVE('',#223,(#228,#239),.PCURVE_S1.);
#223 = CIRCLE('',#224,1.763668490781E-02);
#224 = AXIS2_PLACEMENT_3D('',#225,#226,#227);
#225 = CARTESIAN_POINT('',(-0.152204553359,-3.192236695711E-02,
    0.318694949077));
#226 = DIRECTION('',(0.,0.,1.));
#227 = DIRECTION('',(1.,0.,-0.));
#228 = PCURVE('',#88,#229);
#229 = DEFINITIONAL_REPRESENTATION('',(#230),#238);
#230 = ( BOUNDED_CURVE() B_SPLINE_CURVE(2,(#231,#232,#233,#234,#235,#236
,#237),.UNSPECIFIED.,.T.,.F.) B_SPLINE_CURVE_WITH_KNOTS((1,2,2,2,2,1),(
    -2.094395102393,0.,2.094395102393,4.188790204786,6.28318530718,
8.377580409573),.UNSPECIFIED.) CURVE() GEOMETRIC_REPRESENTATION_ITEM() 
RATIONAL_B_SPLINE_CURVE((1.,0.5,1.,0.5,1.,0.5,1.)) REPRESENTATION_ITEM(
  '') );
#231 = CARTESIAN_POINT('',(0.453262817529,-1.604935195711E-02));
#232 = CARTESIAN_POINT('',(0.453262817529,1.44982823803E-02));
#233 = CARTESIAN_POINT('',(0.47971784489,-7.755347884066E-04));
#234 = CARTESIAN_POINT('',(0.506172872252,-1.604935195711E-02));
#235 = CARTESIAN_POINT('',(0.47971784489,-3.132316912581E-02));
#236 = CARTESIAN_POINT('',(0.453262817529,-4.659698629451E-02));
#237 = CARTESIAN_POINT('',(0.453262817529,-1.604935195711E-02));
#238 = ( GEOMETRIC_REPRESENTATION_CONTEXT(2) 
PARAMETRIC_REPRESENTATION_CONTEXT() REPRESENTATION_CONTEXT('2D SPACE',''
  ) );
#239 = PCURVE('',#240,#245);
#240 = CYLINDRICAL_SURFACE('',#241,1.763668490781E-02);
#241 = AXIS2_PLACEMENT_3D('',#242,#243,#244);
#242 = CARTESIAN_POINT('',(-0.152204553359,-3.192236695711E-02,
    0.49206352));
#243 = DIRECTION('',(0.,0.,1.));
#244 = DIRECTION('',(1.,0.,-0.));
#245 = DEFINITIONAL_REPRESENTATION('',(#246),#250);
#246 = LINE('',#247,#248);
#247 = CARTESIAN_POINT('',(0.,-0.173368570923));
#248 = VECTOR('',#249,1.);
#249 = DIRECTION('',(1.,0.));
#250 = ( GEOMETRIC_REPRESENTATION_CONTEXT(2) 
PARAMETRIC_REPRESENTATION_CONTEXT() REPRESENTATION_CONTEXT('2D SPACE',''
  ) );
#251 = ORIENTED_EDGE('',*,*,#252,.T.);
#252 = EDGE_CURVE('',#220,#253,#255,.T.);
#253 = VERTEX_POINT('',#254);
#254 = CARTESIAN_POINT('',(-0.144892169597,-1.5873015E-02,0.318694949077
    ));
#255 = SURFACE_CURVE('',#256,(#261,#272),.PCURVE_S1.);
#256 = CIRCLE('',#257,1.763668490781E-02);
#257 = AXIS2_PLACEMENT_3D('',#258,#259,#260);
#258 = CARTESIAN_POINT('',(-0.152204553359,-3.192236695711E-02,
    0.318694949077));
#259 = DIRECTION('',(0.,0.,1.));
#260 = DIRECTION('',(1.,0.,-0.));
#261 = PCURVE('',#88,#262);
#262 = DEFINITIONAL_REPRESENTATION('',(#263),#271);
#263 = ( BOUNDED_CURVE() B_SPLINE_CURVE(2,(#264,#265,#266,#267,#268,#269
,#270),.UNSPECIFIED.,.T.,.F.) B_SPLINE_CURVE_WITH_KNOTS((1,2,2,2,2,1),(
    -2.094395102393,0.,2.094395102393,4.188790204786,6.28318530718,
8.377580409573),.UNSPECIFIED.) CURVE() GEOMETRIC_REPRESENTATION_ITEM() 
RATIONAL_B_SPLINE_CURVE((1.,0.5,1.,0.5,1.,0.5,1.)) REPRESENTATION_ITEM(
  '') );
#264 = CARTESIAN_POINT('',(0.453262817529,-1.604935195711E-02));
#265 = CARTESIAN_POINT('',(0.453262817529,1.44982823803E-02));
#266 = CARTESIAN_POINT('',(0.47971784489,-7.755347884066E-04));
#267 = CARTESIAN_POINT('',(0.506172872252,-1.604935195711E-02));
#268 = CARTESIAN_POINT('',(0.47971784489,-3.132316912581E-02));
#269 = CARTESIAN_POINT('',(0.453262817529,-4.659698629451E-02));
#270 = CARTESIAN_POINT('',(0.453262817529,-1.604935195711E-02));
#271 = ( GEOMETRIC_REPRESENTATION_CONTEXT(2) 
PARAMETRIC_REPRESENTATION_CONTEXT() REPRESENTATION_CONTEXT('2D SPACE',''
  ) );
#272 = PCURVE('',#240,#273);
#273 = DEFINITIONAL_REPRESENTATION('',(#274),#278);
#274 = LINE('',#275,#276);
#275 = CARTESIAN_POINT('',(0.,-0.173368570923));
#276 = VECTOR('',#277,1.);
#277 = DIRECTION('',(1.,0.));
#278 = ( GEOMETRIC_REPRESENTATION_CONTEXT(2) 
PARAMETRIC_REPRESENTATION_CONTEXT() REPRESENTATION_CONTEXT('2D SPACE',''
  ) );
#279 = ORIENTED_EDGE('',*,*,#280,.F.);
#280 = EDGE_CURVE('',#281,#253,#283,.T.);
#281 = VERTEX_POINT('',#282);
#282 = CARTESIAN_POINT('',(2.390458194545E-02,-1.5873015E-02,
    0.318694949077));
#283 = SURFACE_CURVE('',#284,(#288,#295),.PCURVE_S1.);
#284 = LINE('',#285,#286);
#285 = CARTESIAN_POINT('',(0.318694949077,-1.5873015E-02,0.318694949077)
  );
#286 = VECTOR('',#287,1.);
#287 = DIRECTION('',(-1.,0.,0.));
#288 = PCURVE('',#88,#289);
#289 = DEFINITIONAL_REPRESENTATION('',(#290),#294);
#290 = LINE('',#291,#292);
#291 = CARTESIAN_POINT('',(0.,0.));
#292 = VECTOR('',#293,1.);
#293 = DIRECTION('',(1.,0.));
#294 = ( GEOMETRIC_REPRESENTATION_CONTEXT(2) 
PARAMETRIC_REPRESENTATION_CONTEXT() REPRESENTATION_CONTEXT('2D SPACE',''
  ) );
#295 = PCURVE('',#100,#296);
#296 = DEFINITIONAL_REPRESENTATION('',(#297),#301);
#297 = LINE('',#298,#299);
#298 = CARTESIAN_POINT('',(0.,0.));
#299 = VECTOR('',#300,1.);
#300 = DIRECTION('',(1.,0.));
#301 = ( GEOMETRIC_REPRESENTATION_CONTEXT(2) 
PARAMETRIC_REPRESENTATION_CONTEXT() REPRESENTATION_CONTEXT('2D SPACE',''
  ) );
#302 = ORIENTED_EDGE('',*,*,#303,.T.);
#303 = EDGE_CURVE('',#281,#304,#306,.T.);
#304 = VERTEX_POINT('',#305);
#305 = CARTESIAN_POINT('',(4.885365061604E-02,-3.192236695711E-02,
    0.318694949077));
#306 = SURFACE_CURVE('',#307,(#312,#323),.PCURVE_S1.);
#307 = CIRCLE('',#308,1.763668490781E-02);
#308 = AXIS2_PLACEMENT_3D('',#309,#310,#311);
#309 = CARTESIAN_POINT('',(3.121696570823E-02,-3.192236695711E-02,
    0.318694949077));
#310 = DIRECTION('',(0.,0.,1.));
#311 = DIRECTION('',(1.,0.,-0.));
#312 = PCURVE('',#88,#313);
#313 = DEFINITIONAL_REPRESENTATION('',(#314),#322);
#314 = ( BOUNDED_CURVE() B_SPLINE_CURVE(2,(#315,#316,#317,#318,#319,#320
,#321),.UNSPECIFIED.,.T.,.F.) B_SPLINE_CURVE_WITH_KNOTS((1,2,2,2,2,1),(
    -2.094395102393,0.,2.094395102393,4.188790204786,6.28318530718,
8.377580409573),.UNSPECIFIED.) CURVE() GEOMETRIC_REPRESENTATION_ITEM() 
RATIONAL_B_SPLINE_CURVE((1.,0.5,1.,0.5,1.,0.5,1.)) REPRESENTATION_ITEM(
  '') );
#315 = CARTESIAN_POINT('',(0.269841298461,-1.604935195711E-02));
#316 = CARTESIAN_POINT('',(0.269841298461,1.44982823803E-02));
#317 = CARTESIAN_POINT('',(0.296296325823,-7.755347884066E-04));
#318 = CARTESIAN_POINT('',(0.322751353184,-1.604935195711E-02));
#319 = CARTESIAN_POINT('',(0.296296325823,-3.132316912581E-02));
#320 = CARTESIAN_POINT('',(0.269841298461,-4.659698629451E-02));
#321 = CARTESIAN_POINT('',(0.269841298461,-1.604935195711E-02));
#322 = ( GEOMETRIC_REPRESENTATION_CONTEXT(2) 
PARAMETRIC_REPRESENTATION_CONTEXT() REPRESENTATION_CONTEXT('2D SPACE',''
  ) );
#323 = PCURVE('',#324,#329);
#324 = CYLINDRICAL_SURFACE('',#325,1.763668490781E-02);
#325 = AXIS2_PLACEMENT_3D('',#326,#327,#328);
#326 = CARTESIAN_POINT('',(3.121696570823E-02,-3.192236695711E-02,
    0.49206352));
#327 = DIRECTION('',(0.,0.,1.));
#328 = DIRECTION('',(1.,0.,-0.));
#329 = DEFINITIONAL_REPRESENTATION('',(#330),#334);
#330 = LINE('',#331,#332);
#331 = CARTESIAN_POINT('',(0.,-0.173368570923));
#332 = VECTOR('',#333,1.);
#333 = DIRECTION('',(1.,0.));
#334 = ( GEOMETRIC_REPRESENTATION_CONTEXT(2) 
PARAMETRIC_REPRESENTATION_CONTEXT() REPRESENTATION_CONTEXT('2D SPACE',''
  ) );
#335 = ORIENTED_EDGE('',*,*,#336,.T.);
#336 = EDGE_CURVE('',#304,#80,#337,.T.);
#337 = SURFACE_CURVE('',#338,(#343,#354),.PCURVE_S1.);
#338 = CIRCLE('',#339,1.763668490781E-02);
#339 = AXIS2_PLACEMENT_3D('',#340,#341,#342);
#340 = CARTESIAN_POINT('',(3.121696570823E-02,-3.192236695711E-02,
    0.318694949077));
#341 = DIRECTION('',(0.,0.,1.));
#342 = DIRECTION('',(1.,0.,-0.));
#343 = PCURVE('',#88,#344);
#344 = DEFINITIONAL_REPRESENTATION('',(#345),#353);
#345 = ( BOUNDED_CURVE() B_SPLINE_CURVE(2,(#346,#347,#348,#349,#350,#351
,#352),.UNSPECIFIED.,.T.,.F.) B_SPLINE_CURVE_WITH_KNOTS((1,2,2,2,2,1),(
    -2.094395102393,0.,2.094395102393,4.188790204786,6.28318530718,
8.377580409573),.UNSPECIFIED.) CURVE() GEOMETRIC_REPRESENTATION_ITEM() 
RATIONAL_B_SPLINE_CURVE((1.,0.5,1.,0.5,1.,0.5,1.)) REPRESENTATION_ITEM(
  '') );
#346 = CARTESIAN_POINT('',(0.269841298461,-1.604935195711E-02));
#347 = CARTESIAN_POINT('',(0.269841298461,1.44982823803E-02));
#348 = CARTESIAN_POINT('',(0.296296325823,-7.755347884066E-04));
#349 = CARTESIAN_POINT('',(0.322751353184,-1.604935195711E-02));
#350 = CARTESIAN_POINT('',(0.296296325823,-3.132316912581E-02));
#351 = CARTESIAN_POINT('',(0.269841298461,-4.659698629451E-02));
#352 = CARTESIAN_POINT('',(0.269841298461,-1.604935195711E-02));
#353 = ( GEOMETRIC_REPRESENTATION_CONTEXT(2) 
PARAMETRIC_REPRESENTATION_CONTEXT() REPRESENTATION_CONTEXT('2D SPACE',''
  ) );
#354 = PCURVE('',#324,#355);
#355 = DEFINITIONAL_REPRESENTATION('',(#356),#360);
#356 = LINE('',#357,#358);
#357 = CARTESIAN_POINT('',(0.,-0.173368570923));
#358 = VECTOR('',#359,1.);
#359 = DIRECTION('',(1.,0.));
#360 = ( GEOMETRIC_REPRESENTATION_CONTEXT(2) 
PARAMETRIC_REPRESENTATION_CONTEXT() REPRESENTATION_CONTEXT('2D SPACE',''
  ) );
#361 = ADVANCED_FACE('',(#362),#100,.T.);
#362 = FACE_BOUND('',#363,.T.);
#363 = EDGE_LOOP('',(#364,#365,#393,#421,#447,#448,#470,#471));
#364 = ORIENTED_EDGE('',*,*,#77,.F.);
#365 = ORIENTED_EDGE('',*,*,#366,.T.);
#366 = EDGE_CURVE('',#78,#367,#369,.T.);
#367 = VERTEX_POINT('',#368);
#368 = CARTESIAN_POINT('',(0.318694949077,0.190476185,0.318694949077));
#369 = SURFACE_CURVE('',#370,(#374,#381),.PCURVE_S1.);
#370 = LINE('',#371,#372);
#371 = CARTESIAN_POINT('',(0.318694949077,-1.5873015E-02,0.318694949077)
  );
#372 = VECTOR('',#373,1.);
#373 = DIRECTION('',(-0.,1.,-0.));
#374 = PCURVE('',#100,#375);
#375 = DEFINITIONAL_REPRESENTATION('',(#376),#380);
#376 = LINE('',#377,#378);
#377 = CARTESIAN_POINT('',(0.,0.));
#378 = VECTOR('',#379,1.);
#379 = DIRECTION('',(0.,-1.));
#380 = ( GEOMETRIC_REPRESENTATION_CONTEXT(2) 
PARAMETRIC_REPRESENTATION_CONTEXT() REPRESENTATION_CONTEXT('2D SPACE',''
  ) );
#381 = PCURVE('',#382,#387);
#382 = PLANE('',#383);
#383 = AXIS2_PLACEMENT_3D('',#384,#385,#386);
#384 = CARTESIAN_POINT('',(0.318694949077,-1.5873015E-02,-0.395238101555
    ));
#385 = DIRECTION('',(1.,0.,-0.));
#386 = DIRECTION('',(0.,0.,1.));
#387 = DEFINITIONAL_REPRESENTATION('',(#388),#392);
#388 = LINE('',#389,#390);
#389 = CARTESIAN_POINT('',(0.713933050632,0.));
#390 = VECTOR('',#391,1.);
#391 = DIRECTION('',(0.,-1.));
#392 = ( GEOMETRIC_REPRESENTATION_CONTEXT(2) 
PARAMETRIC_REPRESENTATION_CONTEXT() REPRESENTATION_CONTEXT('2D SPACE',''
  ) );
#393 = ORIENTED_EDGE('',*,*,#394,.T.);
#394 = EDGE_CURVE('',#367,#395,#397,.T.);
#395 = VERTEX_POINT('',#396);
#396 = CARTESIAN_POINT('',(-0.395238101555,0.190476185,0.318694949077));
#397 = SURFACE_CURVE('',#398,(#402,#409),.PCURVE_S1.);
#398 = LINE('',#399,#400);
#399 = CARTESIAN_POINT('',(0.318694949077,0.190476185,0.318694949077));
#400 = VECTOR('',#401,1.);
#401 = DIRECTION('',(-1.,0.,0.));
#402 = PCURVE('',#100,#403);
#403 = DEFINITIONAL_REPRESENTATION('',(#404),#408);
#404 = LINE('',#405,#406);
#405 = CARTESIAN_POINT('',(0.,-0.2063492));
#406 = VECTOR('',#407,1.);
#407 = DIRECTION('',(1.,0.));
#408 = ( GEOMETRIC_REPRESENTATION_CONTEXT(2) 
PARAMETRIC_REPRESENTATION_CONTEXT() REPRESENTATION_CONTEXT('2D SPACE',''
  ) );
#409 = PCURVE('',#410,#415);
#410 = PLANE('',#411);
#411 = AXIS2_PLACEMENT_3D('',#412,#413,#414);
#412 = CARTESIAN_POINT('',(-1.5873015E-02,0.190476185,-1.5873015E-02));
#413 = DIRECTION('',(0.,-1.,0.));
#414 = DIRECTION('',(1.,0.,0.));
#415 = DEFINITIONAL_REPRESENTATION('',(#416),#420);
#416 = LINE('',#417,#418);
#417 = CARTESIAN_POINT('',(0.334567964077,0.334567964077));
#418 = VECTOR('',#419,1.);
#419 = DIRECTION('',(-1.,0.));
#420 = ( GEOMETRIC_REPRESENTATION_CONTEXT(2) 
PARAMETRIC_REPRESENTATION_CONTEXT() REPRESENTATION_CONTEXT('2D SPACE',''
  ) );
#421 = ORIENTED_EDGE('',*,*,#422,.F.);
#422 = EDGE_CURVE('',#169,#395,#423,.T.);
#423 = SURFACE_CURVE('',#424,(#428,#435),.PCURVE_S1.);
#424 = LINE('',#425,#426);
#425 = CARTESIAN_POINT('',(-0.395238101555,-1.5873015E-02,0.318694949077
    ));
#426 = VECTOR('',#427,1.);
#427 = DIRECTION('',(-0.,1.,-0.));
#428 = PCURVE('',#100,#429);
#429 = DEFINITIONAL_REPRESENTATION('',(#430),#434);
#430 = LINE('',#431,#432);
#431 = CARTESIAN_POINT('',(0.713933050632,0.));
#432 = VECTOR('',#433,1.);
#433 = DIRECTION('',(0.,-1.));
#434 = ( GEOMETRIC_REPRESENTATION_CONTEXT(2) 
PARAMETRIC_REPRESENTATION_CONTEXT() REPRESENTATION_CONTEXT('2D SPACE',''
  ) );
#435 = PCURVE('',#436,#441);
#436 = PLANE('',#437);
#437 = AXIS2_PLACEMENT_3D('',#438,#439,#440);
#438 = CARTESIAN_POINT('',(-0.395238101555,-1.5873015E-02,0.318694949077
    ));
#439 = DIRECTION('',(-1.,-0.,-0.));
#440 = DIRECTION('',(0.,0.,-1.));
#441 = DEFINITIONAL_REPRESENTATION('',(#442),#446);
#442 = LINE('',#443,#444);
#443 = CARTESIAN_POINT('',(0.,0.));
#444 = VECTOR('',#445,1.);
#445 = DIRECTION('',(0.,-1.));
#446 = ( GEOMETRIC_REPRESENTATION_CONTEXT(2) 
PARAMETRIC_REPRESENTATION_CONTEXT() REPRESENTATION_CONTEXT('2D SPACE',''
  ) );
#447 = ORIENTED_EDGE('',*,*,#196,.F.);
#448 = ORIENTED_EDGE('',*,*,#449,.F.);
#449 = EDGE_CURVE('',#253,#197,#450,.T.);
#450 = SURFACE_CURVE('',#451,(#456,#463),.PCURVE_S1.);
#451 = CIRCLE('',#452,1.763668490781E-02);
#452 = AXIS2_PLACEMENT_3D('',#453,#454,#455);
#453 = CARTESIAN_POINT('',(-0.152204553359,-3.192236695711E-02,
    0.318694949077));
#454 = DIRECTION('',(0.,0.,1.));
#455 = DIRECTION('',(1.,0.,-0.));
#456 = PCURVE('',#100,#457);
#457 = DEFINITIONAL_REPRESENTATION('',(#458),#462);
#458 = CIRCLE('',#459,1.763668490781E-02);
#459 = AXIS2_PLACEMENT_2D('',#460,#461);
#460 = CARTESIAN_POINT('',(0.470899502436,1.604935195711E-02));
#461 = DIRECTION('',(-1.,0.));
#462 = ( GEOMETRIC_REPRESENTATION_CONTEXT(2) 
PARAMETRIC_REPRESENTATION_CONTEXT() REPRESENTATION_CONTEXT('2D SPACE',''
  ) );
#463 = PCURVE('',#240,#464);
#464 = DEFINITIONAL_REPRESENTATION('',(#465),#469);
#465 = LINE('',#466,#467);
#466 = CARTESIAN_POINT('',(0.,-0.173368570923));
#467 = VECTOR('',#468,1.);
#468 = DIRECTION('',(1.,0.));
#469 = ( GEOMETRIC_REPRESENTATION_CONTEXT(2) 
PARAMETRIC_REPRESENTATION_CONTEXT() REPRESENTATION_CONTEXT('2D SPACE',''
  ) );
#470 = ORIENTED_EDGE('',*,*,#280,.F.);
#471 = ORIENTED_EDGE('',*,*,#472,.F.);
#472 = EDGE_CURVE('',#80,#281,#473,.T.);
#473 = SURFACE_CURVE('',#474,(#479,#486),.PCURVE_S1.);
#474 = CIRCLE('',#475,1.763668490781E-02);
#475 = AXIS2_PLACEMENT_3D('',#476,#477,#478);
#476 = CARTESIAN_POINT('',(3.121696570823E-02,-3.192236695711E-02,
    0.318694949077));
#477 = DIRECTION('',(0.,0.,1.));
#478 = DIRECTION('',(1.,0.,-0.));
#479 = PCURVE('',#100,#480);
#480 = DEFINITIONAL_REPRESENTATION('',(#481),#485);
#481 = CIRCLE('',#482,1.763668490781E-02);
#482 = AXIS2_PLACEMENT_2D('',#483,#484);
#483 = CARTESIAN_POINT('',(0.287477983369,1.604935195711E-02));
#484 = DIRECTION('',(-1.,0.));
#485 = ( GEOMETRIC_REPRESENTATION_CONTEXT(2) 
PARAMETRIC_REPRESENTATION_CONTEXT() REPRESENTATION_CONTEXT('2D SPACE',''
  ) );
#486 = PCURVE('',#324,#487);
#487 = DEFINITIONAL_REPRESENTATION('',(#488),#492);
#488 = LINE('',#489,#490);
#489 = CARTESIAN_POINT('',(0.,-0.173368570923));
#490 = VECTOR('',#491,1.);
#491 = DIRECTION('',(1.,0.));
#492 = ( GEOMETRIC_REPRESENTATION_CONTEXT(2) 
PARAMETRIC_REPRESENTATION_CONTEXT() REPRESENTATION_CONTEXT('2D SPACE',''
  ) );
#493 = ADVANCED_FACE('',(#494),#324,.F.);
#494 = FACE_BOUND('',#495,.F.);
#495 = EDGE_LOOP('',(#496,#497,#520,#560,#609,#690,#691,#692));
#496 = ORIENTED_EDGE('',*,*,#336,.F.);
#497 = ORIENTED_EDGE('',*,*,#498,.T.);
#498 = EDGE_CURVE('',#304,#499,#501,.T.);
#499 = VERTEX_POINT('',#500);
#500 = CARTESIAN_POINT('',(4.885365061604E-02,-3.192236695711E-02,
    -6.098104889518E-02));
#501 = SEAM_CURVE('',#502,(#506,#513),.PCURVE_S1.);
#502 = LINE('',#503,#504);
#503 = CARTESIAN_POINT('',(4.885365061604E-02,-3.192236695711E-02,
    0.49206352));
#504 = VECTOR('',#505,1.);
#505 = DIRECTION('',(-0.,-0.,-1.));
#506 = PCURVE('',#324,#507);
#507 = DEFINITIONAL_REPRESENTATION('',(#508),#512);
#508 = LINE('',#509,#510);
#509 = CARTESIAN_POINT('',(6.28318530718,0.));
#510 = VECTOR('',#511,1.);
#511 = DIRECTION('',(0.,-1.));
#512 = ( GEOMETRIC_REPRESENTATION_CONTEXT(2) 
PARAMETRIC_REPRESENTATION_CONTEXT() REPRESENTATION_CONTEXT('2D SPACE',''
  ) );
#513 = PCURVE('',#324,#514);
#514 = DEFINITIONAL_REPRESENTATION('',(#515),#519);
#515 = LINE('',#516,#517);
#516 = CARTESIAN_POINT('',(0.,0.));
#517 = VECTOR('',#518,1.);
#518 = DIRECTION('',(0.,-1.));
#519 = ( GEOMETRIC_REPRESENTATION_CONTEXT(2) 
PARAMETRIC_REPRESENTATION_CONTEXT() REPRESENTATION_CONTEXT('2D SPACE',''
  ) );
#520 = ORIENTED_EDGE('',*,*,#521,.T.);
#521 = EDGE_CURVE('',#499,#522,#524,.T.);
#522 = VERTEX_POINT('',#523);
#523 = CARTESIAN_POINT('',(3.8529349471E-02,-1.5873015E-02,
    -5.5640294711E-02));
#524 = SURFACE_CURVE('',#525,(#533,#544),.PCURVE_S1.);
#525 = B_SPLINE_CURVE_WITH_KNOTS('',6,(#526,#527,#528,#529,#530,#531,
    #532),.UNSPECIFIED.,.F.,.F.,(7,7),(0.,1.),.PIECEWISE_BEZIER_KNOTS.);
#526 = CARTESIAN_POINT('',(4.885365070769E-02,-3.192236695711E-02,
    -6.098104899771E-02));
#527 = CARTESIAN_POINT('',(4.885365070769E-02,-2.853569098459E-02,
    -6.098104899771E-02));
#528 = CARTESIAN_POINT('',(4.807327897959E-02,-2.517070158485E-02,
    -6.054468878744E-02));
#529 = CARTESIAN_POINT('',(4.653139215927E-02,-2.203515981747E-02,
    -5.96818073981E-02));
#530 = CARTESIAN_POINT('',(4.430424797039E-02,-1.932050134192E-02,
    -5.847584637753E-02));
#531 = CARTESIAN_POINT('',(4.153183733758E-02,-1.723079517193E-02,
    -5.707050087751E-02));
#532 = CARTESIAN_POINT('',(3.848440872158E-02,-1.5852615E-02,
    -5.561887985876E-02));
#533 = PCURVE('',#324,#534);
#534 = DEFINITIONAL_REPRESENTATION('',(#535),#543);
#535 = B_SPLINE_CURVE_WITH_KNOTS('',6,(#536,#537,#538,#539,#540,#541,
    #542),.UNSPECIFIED.,.F.,.F.,(7,7),(0.,1.),.PIECEWISE_BEZIER_KNOTS.);
#536 = CARTESIAN_POINT('',(0.,-0.553044568998));
#537 = CARTESIAN_POINT('',(0.19202452106,-0.553044568998));
#538 = CARTESIAN_POINT('',(0.382783026026,-0.552608208787));
#539 = CARTESIAN_POINT('',(0.573479997354,-0.551745327398));
#540 = CARTESIAN_POINT('',(0.764419314946,-0.550539366378));
#541 = CARTESIAN_POINT('',(0.95644060149,-0.549134020878));
#542 = CARTESIAN_POINT('',(1.146078165539,-0.547682399859));
#543 = ( GEOMETRIC_REPRESENTATION_CONTEXT(2) 
PARAMETRIC_REPRESENTATION_CONTEXT() REPRESENTATION_CONTEXT('2D SPACE',''
  ) );
#544 = PCURVE('',#545,#550);
#545 = CYLINDRICAL_SURFACE('',#546,0.178483262658);
#546 = AXIS2_PLACEMENT_3D('',#547,#548,#549);
#547 = CARTESIAN_POINT('',(-3.827156133808E-02,-1.5873015E-02,
    -0.216754835172));
#548 = DIRECTION('',(-0.,1.,0.));
#549 = DIRECTION('',(-1.,-0.,6.261579225383E-08));
#550 = DEFINITIONAL_REPRESENTATION('',(#551),#559);
#551 = B_SPLINE_CURVE_WITH_KNOTS('',6,(#552,#553,#554,#555,#556,#557,
    #558),.UNSPECIFIED.,.F.,.F.,(7,7),(0.,1.),.PIECEWISE_BEZIER_KNOTS.);
#552 = CARTESIAN_POINT('',(2.080756105227,-1.604935195711E-02));
#553 = CARTESIAN_POINT('',(2.080756105227,-1.266267598459E-02));
#554 = CARTESIAN_POINT('',(2.075747058048,-9.297686584853E-03));
#555 = CARTESIAN_POINT('',(2.065845967075,-6.162144817475E-03));
#556 = CARTESIAN_POINT('',(2.051661104284,-3.447486341925E-03));
#557 = CARTESIAN_POINT('',(2.034251883531,-1.357780171933E-03));
#558 = CARTESIAN_POINT('',(2.015339725724,2.04E-05));
#559 = ( GEOMETRIC_REPRESENTATION_CONTEXT(2) 
PARAMETRIC_REPRESENTATION_CONTEXT() REPRESENTATION_CONTEXT('2D SPACE',''
  ) );
#560 = ORIENTED_EDGE('',*,*,#561,.T.);
#561 = EDGE_CURVE('',#522,#562,#564,.T.);
#562 = VERTEX_POINT('',#563);
#563 = CARTESIAN_POINT('',(2.390458194545E-02,-1.5873015E-02,
    -4.945151107039E-02));
#564 = SURFACE_CURVE('',#565,(#576,#590),.PCURVE_S1.);
#565 = B_SPLINE_CURVE_WITH_KNOTS('',5,(#566,#567,#568,#569,#570,#571,
    #572,#573,#574,#575),.UNSPECIFIED.,.F.,.F.,(6,4,6),(0.,
    0.445335935342,1.),.UNSPECIFIED.);
#566 = CARTESIAN_POINT('',(3.857395932577E-02,-1.5893415E-02,
    -5.566156719224E-02));
#567 = CARTESIAN_POINT('',(3.73449472041E-02,-1.532932108776E-02,
    -5.507529765053E-02));
#568 = CARTESIAN_POINT('',(3.606228486489E-02,-1.488322290355E-02,
    -5.447780575359E-02));
#569 = CARTESIAN_POINT('',(3.474117954454E-02,-1.456183409283E-02,
    -5.387867136362E-02));
#570 = CARTESIAN_POINT('',(3.339749818485E-02,-1.436891266127E-02,
    -5.328625270211E-02));
#571 = CARTESIAN_POINT('',(3.036668336688E-02,-1.422598306271E-02,
    -5.198708435228E-02));
#572 = CARTESIAN_POINT('',(2.867492450984E-02,-1.434716552983E-02,
    -5.128738938923E-02));
#573 = CARTESIAN_POINT('',(2.700618153209E-02,-1.467097593519E-02,
    -5.062318121123E-02));
#574 = CARTESIAN_POINT('',(2.539209404298E-02,-1.519019935074E-02,
    -5.000386786688E-02));
#575 = CARTESIAN_POINT('',(2.385997228391E-02,-1.5893415E-02,
    -4.943493926416E-02));
#576 = PCURVE('',#324,#577);
#577 = DEFINITIONAL_REPRESENTATION('',(#578),#589);
#578 = B_SPLINE_CURVE_WITH_KNOTS('',5,(#579,#580,#581,#582,#583,#584,
    #585,#586,#587,#588),.UNSPECIFIED.,.F.,.F.,(6,4,6),(0.,
    0.445335935342,1.),.UNSPECIFIED.);
#579 = CARTESIAN_POINT('',(1.140498477827,-0.547725087192));
#580 = CARTESIAN_POINT('',(1.217172993102,-0.547138817651));
#581 = CARTESIAN_POINT('',(1.293818351432,-0.546541325754));
#582 = CARTESIAN_POINT('',(1.370443285963,-0.545942191364));
#583 = CARTESIAN_POINT('',(1.447057653997,-0.545349772702));
#584 = CARTESIAN_POINT('',(1.619095832176,-0.544050604352));
#585 = CARTESIAN_POINT('',(1.714586900491,-0.543350909389));
#586 = CARTESIAN_POINT('',(1.81005149036,-0.542686701211));
#587 = CARTESIAN_POINT('',(1.905509525988,-0.542067387867));
#588 = CARTESIAN_POINT('',(2.001094175762,-0.541498459264));
#589 = ( GEOMETRIC_REPRESENTATION_CONTEXT(2) 
PARAMETRIC_REPRESENTATION_CONTEXT() REPRESENTATION_CONTEXT('2D SPACE',''
  ) );
#590 = PCURVE('',#591,#596);
#591 = CYLINDRICAL_SURFACE('',#592,0.178483262658);
#592 = AXIS2_PLACEMENT_3D('',#593,#594,#595);
#593 = CARTESIAN_POINT('',(-3.827156133808E-02,-1.5873015E-02,
    -0.216754835172));
#594 = DIRECTION('',(0.,-1.,-0.));
#595 = DIRECTION('',(-1.,-0.,6.261579225383E-08));
#596 = DEFINITIONAL_REPRESENTATION('',(#597),#608);
#597 = B_SPLINE_CURVE_WITH_KNOTS('',5,(#598,#599,#600,#601,#602,#603,
    #604,#605,#606,#607),.UNSPECIFIED.,.F.,.F.,(6,4,6),(0.,
    0.445335935342,1.),.UNSPECIFIED.);
#598 = CARTESIAN_POINT('',(-2.015895544969,2.04E-05));
#599 = CARTESIAN_POINT('',(-2.008266348934,-5.436939122358E-04));
#600 = CARTESIAN_POINT('',(-2.000338816894,-9.897920964455E-04));
#601 = CARTESIAN_POINT('',(-1.992211886235,-1.311180907174E-03));
#602 = CARTESIAN_POINT('',(-1.98398479824,-1.504102338732E-03));
#603 = CARTESIAN_POINT('',(-1.965509531592,-1.647031937291E-03));
#604 = CARTESIAN_POINT('',(-1.955253153586,-1.525849470172E-03));
#605 = CARTESIAN_POINT('',(-1.945191341068,-1.202039064814E-03));
#606 = CARTESIAN_POINT('',(-1.935505710463,-6.828156492624E-04));
#607 = CARTESIAN_POINT('',(-1.92634886901,2.04E-05));
#608 = ( GEOMETRIC_REPRESENTATION_CONTEXT(2) 
PARAMETRIC_REPRESENTATION_CONTEXT() REPRESENTATION_CONTEXT('2D SPACE',''
  ) );
#609 = ORIENTED_EDGE('',*,*,#610,.T.);
#610 = EDGE_CURVE('',#562,#499,#611,.T.);
#611 = SURFACE_CURVE('',#612,(#636,#663),.PCURVE_S1.);
#612 = B_SPLINE_CURVE_WITH_KNOTS('',8,(#613,#614,#615,#616,#617,#618,
    #619,#620,#621,#622,#623,#624,#625,#626,#627,#628,#629,#630,#631,
    #632,#633,#634,#635),.UNSPECIFIED.,.F.,.F.,(9,7,7,9),(0.,
    0.263102737753,0.648864629428,1.),.UNSPECIFIED.);
#613 = CARTESIAN_POINT('',(2.394952288811E-02,-1.5852615E-02,
    -4.946821970462E-02));
#614 = CARTESIAN_POINT('',(2.168927270603E-02,-1.687479874146E-02,
    -4.862753548993E-02));
#615 = CARTESIAN_POINT('',(1.958390848955E-02,-1.826468669533E-02,
    -4.788414651445E-02));
#616 = CARTESIAN_POINT('',(1.771197496895E-02,-1.999261455185E-02,
    -4.725714254498E-02));
#617 = CARTESIAN_POINT('',(1.613772751318E-02,-2.20097353856E-02,
    -4.675344791023E-02));
#618 = CARTESIAN_POINT('',(1.491076535066E-02,-2.425448113376E-02,
    -4.637376523825E-02));
#619 = CARTESIAN_POINT('',(1.406567972793E-02,-2.665765552907E-02,
    -4.611683213027E-02));
#620 = CARTESIAN_POINT('',(1.362171700608E-02,-2.914615848757E-02,
    -4.598199077102E-02));
#621 = CARTESIAN_POINT('',(1.352489312866E-02,-3.53096509912E-02,
    -4.595259290819E-02));
#622 = CARTESIAN_POINT('',(1.433781833559E-02,-3.896260985491E-02,
    -4.619941876985E-02));
#623 = CARTESIAN_POINT('',(1.600465151394E-02,-4.237591084912E-02,
    -4.670439100502E-02));
#624 = CARTESIAN_POINT('',(1.844392809655E-02,-4.533400222866E-02,
    -4.746807951848E-02));
#625 = CARTESIAN_POINT('',(2.152041094767E-02,-4.763290643667E-02,
    -4.850142987515E-02));
#626 = CARTESIAN_POINT('',(2.502692324663E-02,-4.914293234507E-02,
    -4.979039223783E-02));
#627 = CARTESIAN_POINT('',(2.873470220724E-02,-4.975009343165E-02,
    -5.128063387811E-02));
#628 = CARTESIAN_POINT('',(3.559184795677E-02,-4.931867838851E-02,
    -5.423367294238E-02));
#629 = CARTESIAN_POINT('',(3.890427209441E-02,-4.841400689292E-02,
    -5.574842319608E-02));
#630 = CARTESIAN_POINT('',(4.19671207763E-02,-4.676538822086E-02,
    -5.725112233737E-02));
#631 = CARTESIAN_POINT('',(4.460693707556E-02,-4.449763651567E-02,
    -5.863097916894E-02));
#632 = CARTESIAN_POINT('',(4.668571172483E-02,-4.172781948879E-02,
    -5.976858550262E-02));
#633 = CARTESIAN_POINT('',(4.81210225492E-02,-3.860760628893E-02,
    -6.057126965393E-02));
#634 = CARTESIAN_POINT('',(4.885365070769E-02,-3.52849839255E-02,
    -6.098104899771E-02));
#635 = CARTESIAN_POINT('',(4.885365070769E-02,-3.192236695711E-02,
    -6.098104899771E-02));
#636 = PCURVE('',#324,#637);
#637 = DEFINITIONAL_REPRESENTATION('',(#638),#662);
#638 = B_SPLINE_CURVE_WITH_KNOTS('',8,(#639,#640,#641,#642,#643,#644,
    #645,#646,#647,#648,#649,#650,#651,#652,#653,#654,#655,#656,#657,
    #658,#659,#660,#661),.UNSPECIFIED.,.F.,.F.,(9,7,7,9),(0.,
    0.263102737753,0.648864629428,1.),.UNSPECIFIED.);
#639 = CARTESIAN_POINT('',(1.995514488051,-0.541531739705));
#640 = CARTESIAN_POINT('',(2.136166950399,-0.54069105549));
#641 = CARTESIAN_POINT('',(2.277402816785,-0.539947666514));
#642 = CARTESIAN_POINT('',(2.418740471306,-0.539320662545));
#643 = CARTESIAN_POINT('',(2.560047593195,-0.53881696791));
#644 = CARTESIAN_POINT('',(2.701345124136,-0.538437285238));
#645 = CARTESIAN_POINT('',(2.842693837432,-0.53818035213));
#646 = CARTESIAN_POINT('',(2.984163509015,-0.538045510771));
#647 = CARTESIAN_POINT('',(3.333676640561,-0.538016112908));
#648 = CARTESIAN_POINT('',(3.540026336421,-0.53826293877));
#649 = CARTESIAN_POINT('',(3.745855118652,-0.538767911005));
#650 = CARTESIAN_POINT('',(3.95125710631,-0.539531599518));
#651 = CARTESIAN_POINT('',(4.157587494854,-0.540564949875));
#652 = CARTESIAN_POINT('',(4.363638640144,-0.541853912238));
#653 = CARTESIAN_POINT('',(4.571283549131,-0.543344153878));
#654 = CARTESIAN_POINT('',(4.960852424992,-0.546297192942));
#655 = CARTESIAN_POINT('',(5.151508517442,-0.547811943196));
#656 = CARTESIAN_POINT('',(5.340508563067,-0.549314642337));
#657 = CARTESIAN_POINT('',(5.529175504101,-0.550694499169));
#658 = CARTESIAN_POINT('',(5.716571300256,-0.551832105503));
#659 = CARTESIAN_POINT('',(5.90415031813,-0.552634789654));
#660 = CARTESIAN_POINT('',(6.092524931606,-0.553044568998));
#661 = CARTESIAN_POINT('',(6.28318530718,-0.553044568998));
#662 = ( GEOMETRIC_REPRESENTATION_CONTEXT(2) 
PARAMETRIC_REPRESENTATION_CONTEXT() REPRESENTATION_CONTEXT('2D SPACE',''
  ) );
#663 = PCURVE('',#545,#664);
#664 = DEFINITIONAL_REPRESENTATION('',(#665),#689);
#665 = B_SPLINE_CURVE_WITH_KNOTS('',8,(#666,#667,#668,#669,#670,#671,
    #672,#673,#674,#675,#676,#677,#678,#679,#680,#681,#682,#683,#684,
    #685,#686,#687,#688),.UNSPECIFIED.,.F.,.F.,(9,7,7,9),(0.,
    0.263102737753,0.648864629428,1.),.UNSPECIFIED.);
#666 = CARTESIAN_POINT('',(1.926884128181,2.04E-05));
#667 = CARTESIAN_POINT('',(1.913372884766,-1.001783741463E-03));
#668 = CARTESIAN_POINT('',(1.900865156109,-2.391671695328E-03));
#669 = CARTESIAN_POINT('',(1.889806357108,-4.119599551849E-03));
#670 = CARTESIAN_POINT('',(1.880546944061,-6.136720385603E-03));
#671 = CARTESIAN_POINT('',(1.873351184505,-8.381466133759E-03));
#672 = CARTESIAN_POINT('',(1.868402100961,-1.078464052907E-02));
#673 = CARTESIAN_POINT('',(1.865802588594,-1.327314348757E-02));
#674 = CARTESIAN_POINT('',(1.865235653496,-1.94366359912E-02));
#675 = CARTESIAN_POINT('',(1.869995642869,-2.308959485491E-02));
#676 = CARTESIAN_POINT('',(1.879753410968,-2.650289584912E-02));
#677 = CARTESIAN_POINT('',(1.894074560094,-2.946098722866E-02));
#678 = CARTESIAN_POINT('',(1.912247519385,-3.175989143667E-02));
#679 = CARTESIAN_POINT('',(1.933163740706,-3.326991734507E-02));
#680 = CARTESIAN_POINT('',(1.955546033165,-3.387707843165E-02));
#681 = CARTESIAN_POINT('',(1.99737618525,-3.344566338851E-02));
#682 = CARTESIAN_POINT('',(2.017778325776,-3.254099189292E-02));
#683 = CARTESIAN_POINT('',(2.036881347929,-3.089237322086E-02));
#684 = CARTESIAN_POINT('',(2.05356245604,-2.862462151566E-02));
#685 = CARTESIAN_POINT('',(2.066839218968,-2.585480448879E-02));
#686 = CARTESIAN_POINT('',(2.076052882239,-2.273459128893E-02));
#687 = CARTESIAN_POINT('',(2.080756105227,-1.94119689255E-02));
#688 = CARTESIAN_POINT('',(2.080756105227,-1.604935195711E-02));
#689 = ( GEOMETRIC_REPRESENTATION_CONTEXT(2) 
PARAMETRIC_REPRESENTATION_CONTEXT() REPRESENTATION_CONTEXT('2D SPACE',''
  ) );
#690 = ORIENTED_EDGE('',*,*,#498,.F.);
#691 = ORIENTED_EDGE('',*,*,#303,.F.);
#692 = ORIENTED_EDGE('',*,*,#472,.F.);
#693 = ADVANCED_FACE('',(#694),#240,.F.);
#694 = FACE_BOUND('',#695,.F.);
#695 = EDGE_LOOP('',(#696,#697,#720,#755,#799,#925,#926,#927));
#696 = ORIENTED_EDGE('',*,*,#252,.F.);
#697 = ORIENTED_EDGE('',*,*,#698,.T.);
#698 = EDGE_CURVE('',#220,#699,#701,.T.);
#699 = VERTEX_POINT('',#700);
#700 = CARTESIAN_POINT('',(-0.134567868452,-3.192236695711E-02,
    -6.647743738584E-02));
#701 = SEAM_CURVE('',#702,(#706,#713),.PCURVE_S1.);
#702 = LINE('',#703,#704);
#703 = CARTESIAN_POINT('',(-0.134567868452,-3.192236695711E-02,
    0.49206352));
#704 = VECTOR('',#705,1.);
#705 = DIRECTION('',(-0.,-0.,-1.));
#706 = PCURVE('',#240,#707);
#707 = DEFINITIONAL_REPRESENTATION('',(#708),#712);
#708 = LINE('',#709,#710);
#709 = CARTESIAN_POINT('',(6.28318530718,0.));
#710 = VECTOR('',#711,1.);
#711 = DIRECTION('',(0.,-1.));
#712 = ( GEOMETRIC_REPRESENTATION_CONTEXT(2) 
PARAMETRIC_REPRESENTATION_CONTEXT() REPRESENTATION_CONTEXT('2D SPACE',''
  ) );
#713 = PCURVE('',#240,#714);
#714 = DEFINITIONAL_REPRESENTATION('',(#715),#719);
#715 = LINE('',#716,#717);
#716 = CARTESIAN_POINT('',(0.,0.));
#717 = VECTOR('',#718,1.);
#718 = DIRECTION('',(0.,-1.));
#719 = ( GEOMETRIC_REPRESENTATION_CONTEXT(2) 
PARAMETRIC_REPRESENTATION_CONTEXT() REPRESENTATION_CONTEXT('2D SPACE',''
  ) );
#720 = ORIENTED_EDGE('',*,*,#721,.T.);
#721 = EDGE_CURVE('',#699,#722,#724,.T.);
#722 = VERTEX_POINT('',#723);
#723 = CARTESIAN_POINT('',(-0.144892169597,-1.5873015E-02,
    -7.361741538367E-02));
#724 = SURFACE_CURVE('',#725,(#733,#744),.PCURVE_S1.);
#725 = B_SPLINE_CURVE_WITH_KNOTS('',6,(#726,#727,#728,#729,#730,#731,
    #732),.UNSPECIFIED.,.F.,.F.,(7,7),(0.,1.),.PIECEWISE_BEZIER_KNOTS.);
#726 = CARTESIAN_POINT('',(-0.134567868363,-3.192236695711E-02,
    -6.647743727252E-02));
#727 = CARTESIAN_POINT('',(-0.134567868363,-2.854274078605E-02,
    -6.647743727252E-02));
#728 = CARTESIAN_POINT('',(-0.135345109059,-2.516790615391E-02,
    -6.697559194381E-02));
#729 = CARTESIAN_POINT('',(-0.136894806977,-2.202068304511E-02,
    -6.796814109758E-02));
#730 = CARTESIAN_POINT('',(-0.139130341834,-1.931794384932E-02,
    -6.944429972895E-02));
#731 = CARTESIAN_POINT('',(-0.141882411421,-1.723408312742E-02,
    -7.13740173142E-02));
#732 = CARTESIAN_POINT('',(-0.144937110357,-1.5852615E-02,
    -7.365090189409E-02));
#733 = PCURVE('',#240,#734);
#734 = DEFINITIONAL_REPRESENTATION('',(#735),#743);
#735 = B_SPLINE_CURVE_WITH_KNOTS('',6,(#736,#737,#738,#739,#740,#741,
    #742),.UNSPECIFIED.,.F.,.F.,(7,7),(0.,1.),.PIECEWISE_BEZIER_KNOTS.);
#736 = CARTESIAN_POINT('',(0.,-0.558540957273));
#737 = CARTESIAN_POINT('',(0.191624797332,-0.558540957273));
#738 = CARTESIAN_POINT('',(0.382976548961,-0.559039111944));
#739 = CARTESIAN_POINT('',(0.574098306113,-0.560031661098));
#740 = CARTESIAN_POINT('',(0.765127282424,-0.561507819729));
#741 = CARTESIAN_POINT('',(0.955988178881,-0.563437537314));
#742 = CARTESIAN_POINT('',(1.146078165539,-0.565714421894));
#743 = ( GEOMETRIC_REPRESENTATION_CONTEXT(2) 
PARAMETRIC_REPRESENTATION_CONTEXT() REPRESENTATION_CONTEXT('2D SPACE',''
  ) );
#744 = PCURVE('',#545,#745);
#745 = DEFINITIONAL_REPRESENTATION('',(#746),#754);
#746 = B_SPLINE_CURVE_WITH_KNOTS('',6,(#747,#748,#749,#750,#751,#752,
    #753),.UNSPECIFIED.,.F.,.F.,(7,7),(0.,1.),.PIECEWISE_BEZIER_KNOTS.);
#747 = CARTESIAN_POINT('',(1.000922580744,-1.604935195711E-02));
#748 = CARTESIAN_POINT('',(1.000922580744,-1.266972578605E-02));
#749 = CARTESIAN_POINT('',(0.995750537267,-9.294891153908E-03));
#750 = CARTESIAN_POINT('',(0.985438249175,-6.147668045105E-03));
#751 = CARTESIAN_POINT('',(0.970433975236,-3.444928849324E-03));
#752 = CARTESIAN_POINT('',(0.951610198834,-1.361068127424E-03));
#753 = CARTESIAN_POINT('',(0.930264182229,2.04E-05));
#754 = ( GEOMETRIC_REPRESENTATION_CONTEXT(2) 
PARAMETRIC_REPRESENTATION_CONTEXT() REPRESENTATION_CONTEXT('2D SPACE',''
  ) );
#755 = ORIENTED_EDGE('',*,*,#756,.T.);
#756 = EDGE_CURVE('',#722,#757,#759,.T.);
#757 = VERTEX_POINT('',#758);
#758 = CARTESIAN_POINT('',(-0.159516937122,-1.5873015E-02,
    -8.577455459488E-02));
#759 = SURFACE_CURVE('',#760,(#771,#785),.PCURVE_S1.);
#760 = B_SPLINE_CURVE_WITH_KNOTS('',5,(#761,#762,#763,#764,#765,#766,
    #767,#768,#769,#770),.UNSPECIFIED.,.F.,.F.,(6,4,6),(0.,
    0.629165218011,1.),.UNSPECIFIED.);
#761 = CARTESIAN_POINT('',(-0.144847559752,-1.5893415E-02,
    -7.358419701938E-02));
#762 = CARTESIAN_POINT('',(-0.146600341126,-1.508892065469E-02,
    -7.488896472371E-02));
#763 = CARTESIAN_POINT('',(-0.148460399344,-1.452523119809E-02,
    -7.631526087158E-02));
#764 = CARTESIAN_POINT('',(-0.150385663956,-1.421998713594E-02,
    -7.7843971922E-02));
#765 = CARTESIAN_POINT('',(-0.152328071299,-1.418150921628E-02,
    -7.944603485941E-02));
#766 = CARTESIAN_POINT('',(-0.155365211287,-1.453419565274E-02,
    -8.20420018846E-02));
#767 = CARTESIAN_POINT('',(-0.156480996956,-1.475549722715E-02,
    -8.301593669674E-02));
#768 = CARTESIAN_POINT('',(-0.157576673402,-1.506618784514E-02,
    -8.399286923024E-02));
#769 = CARTESIAN_POINT('',(-0.158642994665,-1.546372469894E-02,
    -8.496348468276E-02));
#770 = CARTESIAN_POINT('',(-0.159671086572,-1.594414630612E-02,
    -8.59174156746E-02));
#771 = PCURVE('',#240,#772);
#772 = DEFINITIONAL_REPRESENTATION('',(#773),#784);
#773 = B_SPLINE_CURVE_WITH_KNOTS('',5,(#774,#775,#776,#777,#778,#779,
    #780,#781,#782,#783),.UNSPECIFIED.,.F.,.F.,(6,4,6),(0.,
    0.629165218011,1.),.UNSPECIFIED.);
#774 = CARTESIAN_POINT('',(1.140498477827,-0.565647717019));
#775 = CARTESIAN_POINT('',(1.249849443385,-0.566952484724));
#776 = CARTESIAN_POINT('',(1.359034215181,-0.568378780872));
#777 = CARTESIAN_POINT('',(1.468183479427,-0.569907491922));
#778 = CARTESIAN_POINT('',(1.577329067644,-0.571509554859));
#779 = CARTESIAN_POINT('',(1.750692100612,-0.574105521885));
#780 = CARTESIAN_POINT('',(1.814980976822,-0.575079456697));
#781 = CARTESIAN_POINT('',(1.879279107983,-0.57605638923));
#782 = CARTESIAN_POINT('',(1.943595521375,-0.577027004683));
#783 = CARTESIAN_POINT('',(2.007938850272,-0.577980935675));
#784 = ( GEOMETRIC_REPRESENTATION_CONTEXT(2) 
PARAMETRIC_REPRESENTATION_CONTEXT() REPRESENTATION_CONTEXT('2D SPACE',''
  ) );
#785 = PCURVE('',#591,#786);
#786 = DEFINITIONAL_REPRESENTATION('',(#787),#798);
#787 = B_SPLINE_CURVE_WITH_KNOTS('',5,(#788,#789,#790,#791,#792,#793,
    #794,#795,#796,#797),.UNSPECIFIED.,.F.,.F.,(6,4,6),(0.,
    0.629165218011,1.),.UNSPECIFIED.);
#788 = CARTESIAN_POINT('',(-0.930889809583,2.04E-05));
#789 = CARTESIAN_POINT('',(-0.918647205957,-7.84094345311E-04));
#790 = CARTESIAN_POINT('',(-0.905515866655,-1.34778380191E-03));
#791 = CARTESIAN_POINT('',(-0.89174518758,-1.653027864062E-03));
#792 = CARTESIAN_POINT('',(-0.877640501877,-1.691505783719E-03));
#793 = CARTESIAN_POINT('',(-0.855255179496,-1.338819347258E-03));
#794 = CARTESIAN_POINT('',(-0.846957646977,-1.117517772846E-03));
#795 = CARTESIAN_POINT('',(-0.838733565493,-8.068271548627E-04));
#796 = CARTESIAN_POINT('',(-0.830655216274,-4.092903010607E-04));
#797 = CARTESIAN_POINT('',(-0.822797434373,7.113130612037E-05));
#798 = ( GEOMETRIC_REPRESENTATION_CONTEXT(2) 
PARAMETRIC_REPRESENTATION_CONTEXT() REPRESENTATION_CONTEXT('2D SPACE',''
  ) );
#799 = ORIENTED_EDGE('',*,*,#800,.T.);
#800 = EDGE_CURVE('',#757,#699,#801,.T.);
#801 = SURFACE_CURVE('',#802,(#841,#883),.PCURVE_S1.);
#802 = B_SPLINE_CURVE_WITH_KNOTS('',7,(#803,#804,#805,#806,#807,#808,
    #809,#810,#811,#812,#813,#814,#815,#816,#817,#818,#819,#820,#821,
    #822,#823,#824,#825,#826,#827,#828,#829,#830,#831,#832,#833,#834,
    #835,#836,#837,#838,#839,#840),.UNSPECIFIED.,.F.,.F.,(8,6,6,6,6,6,8)
  ,(0.,0.212488917588,0.265411482152,0.528947025346,0.606547560863,
    0.759670808408,1.),.UNSPECIFIED.);
#803 = CARTESIAN_POINT('',(-0.159444494744,-1.584020596514E-02,
    -8.570753349192E-02));
#804 = CARTESIAN_POINT('',(-0.161531232542,-1.677962321834E-02,
    -8.763703632803E-02));
#805 = CARTESIAN_POINT('',(-0.163495915863,-1.804420437357E-02,
    -8.952557150525E-02));
#806 = CARTESIAN_POINT('',(-0.165253666899,-1.960786294482E-02,
    -9.128408091168E-02));
#807 = CARTESIAN_POINT('',(-0.166751115489,-2.142227999054E-02,
    -9.28343471987E-02));
#808 = CARTESIAN_POINT('',(-0.167952543517,-2.343542103942E-02,
    -9.410906517235E-02));
#809 = CARTESIAN_POINT('',(-0.168831304557,-2.559800662183E-02,
    -9.505417558245E-02));
#810 = CARTESIAN_POINT('',(-0.169499819397,-2.842079531423E-02,
    -9.577773841588E-02));
#811 = CARTESIAN_POINT('',(-0.169611608515,-2.898886107784E-02,
    -9.589910651278E-02));
#812 = CARTESIAN_POINT('',(-0.169701631669,-2.956112311003E-02,
    -9.599707051674E-02));
#813 = CARTESIAN_POINT('',(-0.169769696968,-3.013656164074E-02,
    -9.607125637328E-02));
#814 = CARTESIAN_POINT('',(-0.169815675074,-3.071414771757E-02,
    -9.612141105643E-02));
#815 = CARTESIAN_POINT('',(-0.169839499205,-3.12928432058E-02,
    -9.614740256874E-02));
#816 = CARTESIAN_POINT('',(-0.169849460855,-3.475360764413E-02,
    -9.615826981004E-02));
#817 = CARTESIAN_POINT('',(-0.16930839883,-3.760960677808E-02,
    -9.55679991537E-02));
#818 = CARTESIAN_POINT('',(-0.168235385033,-4.033566680604E-02,
    -9.439720834032E-02));
#819 = CARTESIAN_POINT('',(-0.166664465111,-4.282408922185E-02,
    -9.271672781317E-02));
#820 = CARTESIAN_POINT('',(-0.164643943863,-4.497761164977E-02,
    -9.064300189835E-02));
#821 = CARTESIAN_POINT('',(-0.162269227495,-4.667806531439E-02,
    -8.832971034043E-02));
#822 = CARTESIAN_POINT('',(-0.158961444727,-4.823458973524E-02,
    -8.525851825111E-02));
#823 = CARTESIAN_POINT('',(-0.158189729393,-4.854717188469E-02,
    -8.455140108996E-02));
#824 = CARTESIAN_POINT('',(-0.157401479243,-4.881703341029E-02,
    -8.383899630742E-02));
#825 = CARTESIAN_POINT('',(-0.156599489236,-4.904316933008E-02,
    -8.312434139939E-02));
#826 = CARTESIAN_POINT('',(-0.155786612539,-4.92247992957E-02,
    -8.241030669422E-02));
#827 = CARTESIAN_POINT('',(-0.154965760518,-4.936136759243E-02,
    -8.169959535275E-02));
#828 = CARTESIAN_POINT('',(-0.152510300284,-4.963245292603E-02,
    -7.960391243934E-02));
#829 = CARTESIAN_POINT('',(-0.150860152543,-4.963574804885E-02,
    -7.823496429312E-02));
#830 = CARTESIAN_POINT('',(-0.149213162625,-4.945938654828E-02,
    -7.690833171725E-02));
#831 = CARTESIAN_POINT('',(-0.147592861072,-4.910462040877E-02,
    -7.564062636999E-02));
#832 = CARTESIAN_POINT('',(-0.146022002012,-4.857641472261E-02,
    -7.444505155E-02));
#833 = CARTESIAN_POINT('',(-0.144521959312,-4.788286685387E-02,
    -7.333181496609E-02));
#834 = CARTESIAN_POINT('',(-0.14089936346,-4.570329846902E-02,
    -7.070249874637E-02));
#835 = CARTESIAN_POINT('',(-0.138907805129,-4.399033750704E-02,
    -6.931783089914E-02));
#836 = CARTESIAN_POINT('',(-0.13722147886,-4.194086912024E-02,
    -6.818935247989E-02));
#837 = CARTESIAN_POINT('',(-0.135907791489,-3.962278588638E-02,
    -6.733559344779E-02));
#838 = CARTESIAN_POINT('',(-0.135014697067,-3.711937043664E-02,
    -6.676421698457E-02));
#839 = CARTESIAN_POINT('',(-0.134567868363,-3.452191933492E-02,
    -6.647743727252E-02));
#840 = CARTESIAN_POINT('',(-0.134567868363,-3.192236695711E-02,
    -6.647743727252E-02));
#841 = PCURVE('',#240,#842);
#842 = DEFINITIONAL_REPRESENTATION('',(#843),#882);
#843 = B_SPLINE_CURVE_WITH_KNOTS('',7,(#844,#845,#846,#847,#848,#849,
    #850,#851,#852,#853,#854,#855,#856,#857,#858,#859,#860,#861,#862,
    #863,#864,#865,#866,#867,#868,#869,#870,#871,#872,#873,#874,#875,
    #876,#877,#878,#879,#880,#881),.UNSPECIFIED.,.F.,.F.,(8,6,6,6,6,6,8)
  ,(0.,0.212488917588,0.265411482152,0.528947025346,0.606547560863,
    0.759670808408,1.),.UNSPECIFIED.);
#844 = CARTESIAN_POINT('',(1.993803768668,-0.577771053492));
#845 = CARTESIAN_POINT('',(2.123558582044,-0.579700556328));
#846 = CARTESIAN_POINT('',(2.254561940947,-0.581589091505));
#847 = CARTESIAN_POINT('',(2.385441921829,-0.583347600912));
#848 = CARTESIAN_POINT('',(2.516039725927,-0.584897867199));
#849 = CARTESIAN_POINT('',(2.646577901543,-0.586172585172));
#850 = CARTESIAN_POINT('',(2.777366798667,-0.587117695582));
#851 = CARTESIAN_POINT('',(2.941846135087,-0.587841258416));
#852 = CARTESIAN_POINT('',(2.974649058566,-0.587962626513));
#853 = CARTESIAN_POINT('',(3.007456930829,-0.588060590517));
#854 = CARTESIAN_POINT('',(3.040268605215,-0.588134776373));
#855 = CARTESIAN_POINT('',(3.073082883959,-0.588184931056));
#856 = CARTESIAN_POINT('',(3.105898518193,-0.588210922569));
#857 = CARTESIAN_POINT('',(3.302124668031,-0.58822178981));
#858 = CARTESIAN_POINT('',(3.46397448777,-0.587631519154));
#859 = CARTESIAN_POINT('',(3.625470440987,-0.58646072834));
#860 = CARTESIAN_POINT('',(3.787157256996,-0.584780247813));
#861 = CARTESIAN_POINT('',(3.949564409046,-0.582706521898));
#862 = CARTESIAN_POINT('',(4.112438483581,-0.58039323034));
#863 = CARTESIAN_POINT('',(4.319717074593,-0.577322038251));
#864 = CARTESIAN_POINT('',(4.366854538823,-0.57661492109));
#865 = CARTESIAN_POINT('',(4.41398106832,-0.575902516307));
#866 = CARTESIAN_POINT('',(4.461099388793,-0.575187861399));
#867 = CARTESIAN_POINT('',(4.508212284907,-0.574473826694));
#868 = CARTESIAN_POINT('',(4.555322600285,-0.573763115353));
#869 = CARTESIAN_POINT('',(4.695393082666,-0.571667432439));
#870 = CARTESIAN_POINT('',(4.788409762177,-0.570298484293));
#871 = CARTESIAN_POINT('',(4.881448856047,-0.568971851717));
#872 = CARTESIAN_POINT('',(4.974501336178,-0.56770414637));
#873 = CARTESIAN_POINT('',(5.067583468713,-0.56650857155));
#874 = CARTESIAN_POINT('',(5.160736716394,-0.565395334966));
#875 = CARTESIAN_POINT('',(5.400449120534,-0.562766018746));
#876 = CARTESIAN_POINT('',(5.547264327182,-0.561381350899));
#877 = CARTESIAN_POINT('',(5.694257902421,-0.56025287248));
#878 = CARTESIAN_POINT('',(5.841342913143,-0.559399113448));
#879 = CARTESIAN_POINT('',(5.988512361091,-0.558827736985));
#880 = CARTESIAN_POINT('',(6.13579069241,-0.558540957273));
#881 = CARTESIAN_POINT('',(6.28318530718,-0.558540957273));
#882 = ( GEOMETRIC_REPRESENTATION_CONTEXT(2) 
PARAMETRIC_REPRESENTATION_CONTEXT() REPRESENTATION_CONTEXT('2D SPACE',''
  ) );
#883 = PCURVE('',#545,#884);
#884 = DEFINITIONAL_REPRESENTATION('',(#885),#924);
#885 = B_SPLINE_CURVE_WITH_KNOTS('',7,(#886,#887,#888,#889,#890,#891,
    #892,#893,#894,#895,#896,#897,#898,#899,#900,#901,#902,#903,#904,
    #905,#906,#907,#908,#909,#910,#911,#912,#913,#914,#915,#916,#917,
    #918,#919,#920,#921,#922,#923),.UNSPECIFIED.,.F.,.F.,(8,6,6,6,6,6,8)
  ,(0.,0.212488917588,0.265411482152,0.528947025346,0.606547560863,
    0.759670808408,1.),.UNSPECIFIED.);
#886 = CARTESIAN_POINT('',(0.824527903954,3.280903485522E-05));
#887 = CARTESIAN_POINT('',(0.808604357479,-9.066082183363E-04));
#888 = CARTESIAN_POINT('',(0.79333881489,-2.17118937357E-03));
#889 = CARTESIAN_POINT('',(0.779412188853,-3.73484794482E-03));
#890 = CARTESIAN_POINT('',(0.767338277772,-5.549264990538E-03));
#891 = CARTESIAN_POINT('',(0.75752414139,-7.562406039416E-03));
#892 = CARTESIAN_POINT('',(0.75029375289,-9.724991621833E-03));
#893 = CARTESIAN_POINT('',(0.744774373291,-1.254778031423E-02));
#894 = CARTESIAN_POINT('',(0.743849882852,-1.311584607784E-02));
#895 = CARTESIAN_POINT('',(0.743104460774,-1.368810811003E-02));
#896 = CARTESIAN_POINT('',(0.742540376131,-1.426354664074E-02));
#897 = CARTESIAN_POINT('',(0.742159162487,-1.484113271757E-02));
#898 = CARTESIAN_POINT('',(0.741961617891,-1.54198282058E-02));
#899 = CARTESIAN_POINT('',(0.741879020992,-1.888059264413E-02));
#900 = CARTESIAN_POINT('',(0.746365313257,-2.173659177808E-02));
#901 = CARTESIAN_POINT('',(0.755263168208,-2.446265180604E-02));
#902 = CARTESIAN_POINT('',(0.768151186794,-2.695107422185E-02));
#903 = CARTESIAN_POINT('',(0.784364655654,-2.910459664977E-02));
#904 = CARTESIAN_POINT('',(0.802933670849,-3.080505031439E-02));
#905 = CARTESIAN_POINT('',(0.82822297617,-3.236157473524E-02));
#906 = CARTESIAN_POINT('',(0.834087191036,-3.267415688469E-02));
#907 = CARTESIAN_POINT('',(0.840039785316,-3.294401841029E-02));
#908 = CARTESIAN_POINT('',(0.846058061244,-3.317015433008E-02));
#909 = CARTESIAN_POINT('',(0.852119729084,-3.33517842957E-02));
#910 = CARTESIAN_POINT('',(0.858202907134,-3.348835259243E-02));
#911 = CARTESIAN_POINT('',(0.876289667404,-3.375943792603E-02));
#912 = CARTESIAN_POINT('',(0.888301123949,-3.376273304885E-02));
#913 = CARTESIAN_POINT('',(0.900148181724,-3.358637154828E-02));
#914 = CARTESIAN_POINT('',(0.911672766208,-3.323160540877E-02));
#915 = CARTESIAN_POINT('',(0.922731652226,-3.270339972261E-02));
#916 = CARTESIAN_POINT('',(0.933197078191,-3.200985185387E-02));
#917 = CARTESIAN_POINT('',(0.958276266871,-2.983028346902E-02));
#918 = CARTESIAN_POINT('',(0.971863494172,-2.811732250704E-02));
#919 = CARTESIAN_POINT('',(0.983230010806,-2.606785412024E-02));
#920 = CARTESIAN_POINT('',(0.992007491372,-2.374977088638E-02));
#921 = CARTESIAN_POINT('',(0.997947817815,-2.124635543664E-02));
#922 = CARTESIAN_POINT('',(1.000922580744,-1.864890433492E-02));
#923 = CARTESIAN_POINT('',(1.000922580744,-1.604935195711E-02));
#924 = ( GEOMETRIC_REPRESENTATION_CONTEXT(2) 
PARAMETRIC_REPRESENTATION_CONTEXT() REPRESENTATION_CONTEXT('2D SPACE',''
  ) );
#925 = ORIENTED_EDGE('',*,*,#698,.F.);
#926 = ORIENTED_EDGE('',*,*,#219,.F.);
#927 = ORIENTED_EDGE('',*,*,#449,.F.);
#928 = ADVANCED_FACE('',(#929),#184,.F.);
#929 = FACE_BOUND('',#930,.F.);
#930 = EDGE_LOOP('',(#931,#932,#955,#983));
#931 = ORIENTED_EDGE('',*,*,#168,.T.);
#932 = ORIENTED_EDGE('',*,*,#933,.T.);
#933 = EDGE_CURVE('',#141,#934,#936,.T.);
#934 = VERTEX_POINT('',#935);
#935 = CARTESIAN_POINT('',(-0.395238101555,-0.190476235,-0.395238101555)
  );
#936 = SURFACE_CURVE('',#937,(#941,#948),.PCURVE_S1.);
#937 = LINE('',#938,#939);
#938 = CARTESIAN_POINT('',(-0.395238101555,-0.190476235,0.318694949077)
  );
#939 = VECTOR('',#940,1.);
#940 = DIRECTION('',(0.,0.,-1.));
#941 = PCURVE('',#184,#942);
#942 = DEFINITIONAL_REPRESENTATION('',(#943),#947);
#943 = LINE('',#944,#945);
#944 = CARTESIAN_POINT('',(0.,-0.17460322));
#945 = VECTOR('',#946,1.);
#946 = DIRECTION('',(1.,0.));
#947 = ( GEOMETRIC_REPRESENTATION_CONTEXT(2) 
PARAMETRIC_REPRESENTATION_CONTEXT() REPRESENTATION_CONTEXT('2D SPACE',''
  ) );
#948 = PCURVE('',#156,#949);
#949 = DEFINITIONAL_REPRESENTATION('',(#950),#954);
#950 = LINE('',#951,#952);
#951 = CARTESIAN_POINT('',(-0.379365086555,0.334567964077));
#952 = VECTOR('',#953,1.);
#953 = DIRECTION('',(0.,-1.));
#954 = ( GEOMETRIC_REPRESENTATION_CONTEXT(2) 
PARAMETRIC_REPRESENTATION_CONTEXT() REPRESENTATION_CONTEXT('2D SPACE',''
  ) );
#955 = ORIENTED_EDGE('',*,*,#956,.F.);
#956 = EDGE_CURVE('',#957,#934,#959,.T.);
#957 = VERTEX_POINT('',#958);
#958 = CARTESIAN_POINT('',(-0.395238101555,-1.5873015E-02,
    -0.395238101555));
#959 = SURFACE_CURVE('',#960,(#964,#971),.PCURVE_S1.);
#960 = LINE('',#961,#962);
#961 = CARTESIAN_POINT('',(-0.395238101555,-1.5873015E-02,
    -0.395238101555));
#962 = VECTOR('',#963,1.);
#963 = DIRECTION('',(0.,-1.,0.));
#964 = PCURVE('',#184,#965);
#965 = DEFINITIONAL_REPRESENTATION('',(#966),#970);
#966 = LINE('',#967,#968);
#967 = CARTESIAN_POINT('',(0.713933050632,0.));
#968 = VECTOR('',#969,1.);
#969 = DIRECTION('',(0.,-1.));
#970 = ( GEOMETRIC_REPRESENTATION_CONTEXT(2) 
PARAMETRIC_REPRESENTATION_CONTEXT() REPRESENTATION_CONTEXT('2D SPACE',''
  ) );
#971 = PCURVE('',#972,#977);
#972 = PLANE('',#973);
#973 = AXIS2_PLACEMENT_3D('',#974,#975,#976);
#974 = CARTESIAN_POINT('',(-0.395238101555,-1.5873015E-02,
    -0.395238101555));
#975 = DIRECTION('',(-0.,0.,1.));
#976 = DIRECTION('',(1.,0.,0.));
#977 = DEFINITIONAL_REPRESENTATION('',(#978),#982);
#978 = LINE('',#979,#980);
#979 = CARTESIAN_POINT('',(0.,0.));
#980 = VECTOR('',#981,1.);
#981 = DIRECTION('',(0.,-1.));
#982 = ( GEOMETRIC_REPRESENTATION_CONTEXT(2) 
PARAMETRIC_REPRESENTATION_CONTEXT() REPRESENTATION_CONTEXT('2D SPACE',''
  ) );
#983 = ORIENTED_EDGE('',*,*,#984,.F.);
#984 = EDGE_CURVE('',#169,#957,#985,.T.);
#985 = SURFACE_CURVE('',#986,(#990,#997),.PCURVE_S1.);
#986 = LINE('',#987,#988);
#987 = CARTESIAN_POINT('',(-0.395238101555,-1.5873015E-02,0.318694949077
    ));
#988 = VECTOR('',#989,1.);
#989 = DIRECTION('',(0.,0.,-1.));
#990 = PCURVE('',#184,#991);
#991 = DEFINITIONAL_REPRESENTATION('',(#992),#996);
#992 = LINE('',#993,#994);
#993 = CARTESIAN_POINT('',(0.,0.));
#994 = VECTOR('',#995,1.);
#995 = DIRECTION('',(1.,0.));
#996 = ( GEOMETRIC_REPRESENTATION_CONTEXT(2) 
PARAMETRIC_REPRESENTATION_CONTEXT() REPRESENTATION_CONTEXT('2D SPACE',''
  ) );
#997 = PCURVE('',#436,#998);
#998 = DEFINITIONAL_REPRESENTATION('',(#999),#1003);
#999 = LINE('',#1000,#1001);
#1000 = CARTESIAN_POINT('',(0.,0.));
#1001 = VECTOR('',#1002,1.);
#1002 = DIRECTION('',(1.,0.));
#1003 = ( GEOMETRIC_REPRESENTATION_CONTEXT(2) 
PARAMETRIC_REPRESENTATION_CONTEXT() REPRESENTATION_CONTEXT('2D SPACE',''
  ) );
#1004 = ADVANCED_FACE('',(#1005),#156,.T.);
#1005 = FACE_BOUND('',#1006,.T.);
#1006 = EDGE_LOOP('',(#1007,#1008,#1009,#1032,#1060,#1089,#1117,#1146,
    #1170,#1198,#1226));
#1007 = ORIENTED_EDGE('',*,*,#140,.T.);
#1008 = ORIENTED_EDGE('',*,*,#933,.T.);
#1009 = ORIENTED_EDGE('',*,*,#1010,.T.);
#1010 = EDGE_CURVE('',#934,#1011,#1013,.T.);
#1011 = VERTEX_POINT('',#1012);
#1012 = CARTESIAN_POINT('',(-0.216754823996,-0.190476235,-0.395238101555
    ));
#1013 = SURFACE_CURVE('',#1014,(#1018,#1025),.PCURVE_S1.);
#1014 = LINE('',#1015,#1016);
#1015 = CARTESIAN_POINT('',(-0.395238101555,-0.190476235,-0.395238101555
    ));
#1016 = VECTOR('',#1017,1.);
#1017 = DIRECTION('',(1.,0.,0.));
#1018 = PCURVE('',#156,#1019);
#1019 = DEFINITIONAL_REPRESENTATION('',(#1020),#1024);
#1020 = LINE('',#1021,#1022);
#1021 = CARTESIAN_POINT('',(-0.379365086555,-0.379365086555));
#1022 = VECTOR('',#1023,1.);
#1023 = DIRECTION('',(1.,0.));
#1024 = ( GEOMETRIC_REPRESENTATION_CONTEXT(2) 
PARAMETRIC_REPRESENTATION_CONTEXT() REPRESENTATION_CONTEXT('2D SPACE',''
  ) );
#1025 = PCURVE('',#972,#1026);
#1026 = DEFINITIONAL_REPRESENTATION('',(#1027),#1031);
#1027 = LINE('',#1028,#1029);
#1028 = CARTESIAN_POINT('',(0.,-0.17460322));
#1029 = VECTOR('',#1030,1.);
#1030 = DIRECTION('',(1.,0.));
#1031 = ( GEOMETRIC_REPRESENTATION_CONTEXT(2) 
PARAMETRIC_REPRESENTATION_CONTEXT() REPRESENTATION_CONTEXT('2D SPACE',''
  ) );
#1032 = ORIENTED_EDGE('',*,*,#1033,.T.);
#1033 = EDGE_CURVE('',#1011,#1034,#1036,.T.);
#1034 = VERTEX_POINT('',#1035);
#1035 = CARTESIAN_POINT('',(-0.216754823996,-0.190476235,-0.265432053215
    ));
#1036 = SURFACE_CURVE('',#1037,(#1041,#1048),.PCURVE_S1.);
#1037 = LINE('',#1038,#1039);
#1038 = CARTESIAN_POINT('',(-0.216754823996,-0.190476235,-0.395238101555
    ));
#1039 = VECTOR('',#1040,1.);
#1040 = DIRECTION('',(0.,0.,1.));
#1041 = PCURVE('',#156,#1042);
#1042 = DEFINITIONAL_REPRESENTATION('',(#1043),#1047);
#1043 = LINE('',#1044,#1045);
#1044 = CARTESIAN_POINT('',(-0.200881808996,-0.379365086555));
#1045 = VECTOR('',#1046,1.);
#1046 = DIRECTION('',(0.,1.));
#1047 = ( GEOMETRIC_REPRESENTATION_CONTEXT(2) 
PARAMETRIC_REPRESENTATION_CONTEXT() REPRESENTATION_CONTEXT('2D SPACE',''
  ) );
#1048 = PCURVE('',#1049,#1054);
#1049 = PLANE('',#1050);
#1050 = AXIS2_PLACEMENT_3D('',#1051,#1052,#1053);
#1051 = CARTESIAN_POINT('',(-0.216754823996,-1.5873015E-02,
    -0.395238101555));
#1052 = DIRECTION('',(-1.,0.,0.));
#1053 = DIRECTION('',(0.,0.,1.));
#1054 = DEFINITIONAL_REPRESENTATION('',(#1055),#1059);
#1055 = LINE('',#1056,#1057);
#1056 = CARTESIAN_POINT('',(0.,-0.17460322));
#1057 = VECTOR('',#1058,1.);
#1058 = DIRECTION('',(1.,0.));
#1059 = ( GEOMETRIC_REPRESENTATION_CONTEXT(2) 
PARAMETRIC_REPRESENTATION_CONTEXT() REPRESENTATION_CONTEXT('2D SPACE',''
  ) );
#1060 = ORIENTED_EDGE('',*,*,#1061,.F.);
#1061 = EDGE_CURVE('',#1062,#1034,#1064,.T.);
#1062 = VERTEX_POINT('',#1063);
#1063 = CARTESIAN_POINT('',(-0.210117010692,-0.190476235,-0.168532261772
    ));
#1064 = SURFACE_CURVE('',#1065,(#1070,#1077),.PCURVE_S1.);
#1065 = CIRCLE('',#1066,4.867724577586E-02);
#1066 = AXIS2_PLACEMENT_3D('',#1067,#1068,#1069);
#1067 = CARTESIAN_POINT('',(-0.216754807439,-0.190476235,-0.216754807439
    ));
#1068 = DIRECTION('',(0.,-1.,0.));
#1069 = DIRECTION('',(1.,0.,0.));
#1070 = PCURVE('',#156,#1071);
#1071 = DEFINITIONAL_REPRESENTATION('',(#1072),#1076);
#1072 = CIRCLE('',#1073,4.867724577586E-02);
#1073 = AXIS2_PLACEMENT_2D('',#1074,#1075);
#1074 = CARTESIAN_POINT('',(-0.200881792439,-0.200881792439));
#1075 = DIRECTION('',(1.,0.));
#1076 = ( GEOMETRIC_REPRESENTATION_CONTEXT(2) 
PARAMETRIC_REPRESENTATION_CONTEXT() REPRESENTATION_CONTEXT('2D SPACE',''
  ) );
#1077 = PCURVE('',#1078,#1083);
#1078 = PLANE('',#1079);
#1079 = AXIS2_PLACEMENT_3D('',#1080,#1081,#1082);
#1080 = CARTESIAN_POINT('',(-1.5873015E-02,-0.190476235,-1.5873015E-02)
  );
#1081 = DIRECTION('',(0.,-1.,0.));
#1082 = DIRECTION('',(1.,0.,0.));
#1083 = DEFINITIONAL_REPRESENTATION('',(#1084),#1088);
#1084 = CIRCLE('',#1085,4.867724577586E-02);
#1085 = AXIS2_PLACEMENT_2D('',#1086,#1087);
#1086 = CARTESIAN_POINT('',(-0.200881792439,-0.200881792439));
#1087 = DIRECTION('',(1.,0.));
#1088 = ( GEOMETRIC_REPRESENTATION_CONTEXT(2) 
PARAMETRIC_REPRESENTATION_CONTEXT() REPRESENTATION_CONTEXT('2D SPACE',''
  ) );
#1089 = ORIENTED_EDGE('',*,*,#1090,.T.);
#1090 = EDGE_CURVE('',#1062,#1091,#1093,.T.);
#1091 = VERTEX_POINT('',#1092);
#1092 = CARTESIAN_POINT('',(0.133573888287,-0.190476235,-0.168532262737)
  );
#1093 = SURFACE_CURVE('',#1094,(#1099,#1110),.PCURVE_S1.);
#1094 = CIRCLE('',#1095,0.178483262658);
#1095 = AXIS2_PLACEMENT_3D('',#1096,#1097,#1098);
#1096 = CARTESIAN_POINT('',(-3.827156133808E-02,-0.190476235,
    -0.216754835172));
#1097 = DIRECTION('',(-0.,1.,0.));
#1098 = DIRECTION('',(-1.,-0.,6.261579225383E-08));
#1099 = PCURVE('',#156,#1100);
#1100 = DEFINITIONAL_REPRESENTATION('',(#1101),#1109);
#1101 = ( BOUNDED_CURVE() B_SPLINE_CURVE(2,(#1102,#1103,#1104,#1105,
#1106,#1107,#1108),.UNSPECIFIED.,.T.,.F.) B_SPLINE_CURVE_WITH_KNOTS((1,2
    ,2,2,2,1),(-2.094395102393,0.,2.094395102393,4.188790204786,
6.28318530718,8.377580409573),.UNSPECIFIED.) CURVE() 
GEOMETRIC_REPRESENTATION_ITEM() RATIONAL_B_SPLINE_CURVE((1.,0.5,1.,0.5,
1.,0.5,1.)) REPRESENTATION_ITEM('') );
#1102 = CARTESIAN_POINT('',(-0.200881808996,-0.200881808996));
#1103 = CARTESIAN_POINT('',(-0.200881789639,0.108260270228));
#1104 = CARTESIAN_POINT('',(6.684309466957E-02,-4.631078614775E-02));
#1105 = CARTESIAN_POINT('',(0.334567978978,-0.200881842524));
#1106 = CARTESIAN_POINT('',(6.684307531239E-02,-0.355452865372));
#1107 = CARTESIAN_POINT('',(-0.200881828353,-0.510023888221));
#1108 = CARTESIAN_POINT('',(-0.200881808996,-0.200881808996));
#1109 = ( GEOMETRIC_REPRESENTATION_CONTEXT(2) 
PARAMETRIC_REPRESENTATION_CONTEXT() REPRESENTATION_CONTEXT('2D SPACE',''
  ) );
#1110 = PCURVE('',#545,#1111);
#1111 = DEFINITIONAL_REPRESENTATION('',(#1112),#1116);
#1112 = LINE('',#1113,#1114);
#1113 = CARTESIAN_POINT('',(0.,-0.17460322));
#1114 = VECTOR('',#1115,1.);
#1115 = DIRECTION('',(1.,0.));
#1116 = ( GEOMETRIC_REPRESENTATION_CONTEXT(2) 
PARAMETRIC_REPRESENTATION_CONTEXT() REPRESENTATION_CONTEXT('2D SPACE',''
  ) );
#1117 = ORIENTED_EDGE('',*,*,#1118,.F.);
#1118 = EDGE_CURVE('',#1119,#1091,#1121,.T.);
#1119 = VERTEX_POINT('',#1120);
#1120 = CARTESIAN_POINT('',(0.188888937824,-0.190476235,-0.216754807439)
  );
#1121 = SURFACE_CURVE('',#1122,(#1127,#1134),.PCURVE_S1.);
#1122 = CIRCLE('',#1123,4.867724577586E-02);
#1123 = AXIS2_PLACEMENT_3D('',#1124,#1125,#1126);
#1124 = CARTESIAN_POINT('',(0.140211692048,-0.190476235,-0.216754807439)
  );
#1125 = DIRECTION('',(0.,-1.,0.));
#1126 = DIRECTION('',(1.,0.,0.));
#1127 = PCURVE('',#156,#1128);
#1128 = DEFINITIONAL_REPRESENTATION('',(#1129),#1133);
#1129 = CIRCLE('',#1130,4.867724577586E-02);
#1130 = AXIS2_PLACEMENT_2D('',#1131,#1132);
#1131 = CARTESIAN_POINT('',(0.156084707048,-0.200881792439));
#1132 = DIRECTION('',(1.,0.));
#1133 = ( GEOMETRIC_REPRESENTATION_CONTEXT(2) 
PARAMETRIC_REPRESENTATION_CONTEXT() REPRESENTATION_CONTEXT('2D SPACE',''
  ) );
#1134 = PCURVE('',#1135,#1140);
#1135 = PLANE('',#1136);
#1136 = AXIS2_PLACEMENT_3D('',#1137,#1138,#1139);
#1137 = CARTESIAN_POINT('',(-1.5873015E-02,-0.190476235,-1.5873015E-02)
  );
#1138 = DIRECTION('',(0.,-1.,0.));
#1139 = DIRECTION('',(1.,0.,0.));
#1140 = DEFINITIONAL_REPRESENTATION('',(#1141),#1145);
#1141 = CIRCLE('',#1142,4.867724577586E-02);
#1142 = AXIS2_PLACEMENT_2D('',#1143,#1144);
#1143 = CARTESIAN_POINT('',(0.156084707048,-0.200881792439));
#1144 = DIRECTION('',(1.,0.));
#1145 = ( GEOMETRIC_REPRESENTATION_CONTEXT(2) 
PARAMETRIC_REPRESENTATION_CONTEXT() REPRESENTATION_CONTEXT('2D SPACE',''
  ) );
#1146 = ORIENTED_EDGE('',*,*,#1147,.F.);
#1147 = EDGE_CURVE('',#1148,#1119,#1150,.T.);
#1148 = VERTEX_POINT('',#1149);
#1149 = CARTESIAN_POINT('',(0.14021170132,-0.190476235,-0.265432053215)
  );
#1150 = SURFACE_CURVE('',#1151,(#1156,#1163),.PCURVE_S1.);
#1151 = CIRCLE('',#1152,4.867724577586E-02);
#1152 = AXIS2_PLACEMENT_3D('',#1153,#1154,#1155);
#1153 = CARTESIAN_POINT('',(0.140211692048,-0.190476235,-0.216754807439)
  );
#1154 = DIRECTION('',(0.,-1.,0.));
#1155 = DIRECTION('',(1.,0.,0.));
#1156 = PCURVE('',#156,#1157);
#1157 = DEFINITIONAL_REPRESENTATION('',(#1158),#1162);
#1158 = CIRCLE('',#1159,4.867724577586E-02);
#1159 = AXIS2_PLACEMENT_2D('',#1160,#1161);
#1160 = CARTESIAN_POINT('',(0.156084707048,-0.200881792439));
#1161 = DIRECTION('',(1.,0.));
#1162 = ( GEOMETRIC_REPRESENTATION_CONTEXT(2) 
PARAMETRIC_REPRESENTATION_CONTEXT() REPRESENTATION_CONTEXT('2D SPACE',''
  ) );
#1163 = PCURVE('',#1135,#1164);
#1164 = DEFINITIONAL_REPRESENTATION('',(#1165),#1169);
#1165 = CIRCLE('',#1166,4.867724577586E-02);
#1166 = AXIS2_PLACEMENT_2D('',#1167,#1168);
#1167 = CARTESIAN_POINT('',(0.156084707048,-0.200881792439));
#1168 = DIRECTION('',(1.,0.));
#1169 = ( GEOMETRIC_REPRESENTATION_CONTEXT(2) 
PARAMETRIC_REPRESENTATION_CONTEXT() REPRESENTATION_CONTEXT('2D SPACE',''
  ) );
#1170 = ORIENTED_EDGE('',*,*,#1171,.T.);
#1171 = EDGE_CURVE('',#1148,#1172,#1174,.T.);
#1172 = VERTEX_POINT('',#1173);
#1173 = CARTESIAN_POINT('',(0.14021170132,-0.190476235,-0.395238101555)
  );
#1174 = SURFACE_CURVE('',#1175,(#1179,#1186),.PCURVE_S1.);
#1175 = LINE('',#1176,#1177);
#1176 = CARTESIAN_POINT('',(0.14021170132,-0.190476235,-0.216754823996)
  );
#1177 = VECTOR('',#1178,1.);
#1178 = DIRECTION('',(0.,0.,-1.));
#1179 = PCURVE('',#156,#1180);
#1180 = DEFINITIONAL_REPRESENTATION('',(#1181),#1185);
#1181 = LINE('',#1182,#1183);
#1182 = CARTESIAN_POINT('',(0.15608471632,-0.200881808996));
#1183 = VECTOR('',#1184,1.);
#1184 = DIRECTION('',(0.,-1.));
#1185 = ( GEOMETRIC_REPRESENTATION_CONTEXT(2) 
PARAMETRIC_REPRESENTATION_CONTEXT() REPRESENTATION_CONTEXT('2D SPACE',''
  ) );
#1186 = PCURVE('',#1187,#1192);
#1187 = PLANE('',#1188);
#1188 = AXIS2_PLACEMENT_3D('',#1189,#1190,#1191);
#1189 = CARTESIAN_POINT('',(0.14021170132,-1.5873015E-02,-0.265432053215
    ));
#1190 = DIRECTION('',(1.,0.,0.));
#1191 = DIRECTION('',(0.,0.,-1.));
#1192 = DEFINITIONAL_REPRESENTATION('',(#1193),#1197);
#1193 = LINE('',#1194,#1195);
#1194 = CARTESIAN_POINT('',(-4.867722921901E-02,-0.17460322));
#1195 = VECTOR('',#1196,1.);
#1196 = DIRECTION('',(1.,0.));
#1197 = ( GEOMETRIC_REPRESENTATION_CONTEXT(2) 
PARAMETRIC_REPRESENTATION_CONTEXT() REPRESENTATION_CONTEXT('2D SPACE',''
  ) );
#1198 = ORIENTED_EDGE('',*,*,#1199,.T.);
#1199 = EDGE_CURVE('',#1172,#1200,#1202,.T.);
#1200 = VERTEX_POINT('',#1201);
#1201 = CARTESIAN_POINT('',(0.318694949077,-0.190476235,-0.395238101555)
  );
#1202 = SURFACE_CURVE('',#1203,(#1207,#1214),.PCURVE_S1.);
#1203 = LINE('',#1204,#1205);
#1204 = CARTESIAN_POINT('',(0.14021170132,-0.190476235,-0.395238101555)
  );
#1205 = VECTOR('',#1206,1.);
#1206 = DIRECTION('',(1.,0.,0.));
#1207 = PCURVE('',#156,#1208);
#1208 = DEFINITIONAL_REPRESENTATION('',(#1209),#1213);
#1209 = LINE('',#1210,#1211);
#1210 = CARTESIAN_POINT('',(0.15608471632,-0.379365086555));
#1211 = VECTOR('',#1212,1.);
#1212 = DIRECTION('',(1.,0.));
#1213 = ( GEOMETRIC_REPRESENTATION_CONTEXT(2) 
PARAMETRIC_REPRESENTATION_CONTEXT() REPRESENTATION_CONTEXT('2D SPACE',''
  ) );
#1214 = PCURVE('',#1215,#1220);
#1215 = PLANE('',#1216);
#1216 = AXIS2_PLACEMENT_3D('',#1217,#1218,#1219);
#1217 = CARTESIAN_POINT('',(0.14021170132,-1.5873015E-02,-0.395238101555
    ));
#1218 = DIRECTION('',(-0.,0.,1.));
#1219 = DIRECTION('',(1.,0.,0.));
#1220 = DEFINITIONAL_REPRESENTATION('',(#1221),#1225);
#1221 = LINE('',#1222,#1223);
#1222 = CARTESIAN_POINT('',(0.,-0.17460322));
#1223 = VECTOR('',#1224,1.);
#1224 = DIRECTION('',(1.,0.));
#1225 = ( GEOMETRIC_REPRESENTATION_CONTEXT(2) 
PARAMETRIC_REPRESENTATION_CONTEXT() REPRESENTATION_CONTEXT('2D SPACE',''
  ) );
#1226 = ORIENTED_EDGE('',*,*,#1227,.T.);
#1227 = EDGE_CURVE('',#1200,#113,#1228,.T.);
#1228 = SURFACE_CURVE('',#1229,(#1233,#1240),.PCURVE_S1.);
#1229 = LINE('',#1230,#1231);
#1230 = CARTESIAN_POINT('',(0.318694949077,-0.190476235,-0.395238101555)
  );
#1231 = VECTOR('',#1232,1.);
#1232 = DIRECTION('',(0.,0.,1.));
#1233 = PCURVE('',#156,#1234);
#1234 = DEFINITIONAL_REPRESENTATION('',(#1235),#1239);
#1235 = LINE('',#1236,#1237);
#1236 = CARTESIAN_POINT('',(0.334567964077,-0.379365086555));
#1237 = VECTOR('',#1238,1.);
#1238 = DIRECTION('',(0.,1.));
#1239 = ( GEOMETRIC_REPRESENTATION_CONTEXT(2) 
PARAMETRIC_REPRESENTATION_CONTEXT() REPRESENTATION_CONTEXT('2D SPACE',''
  ) );
#1240 = PCURVE('',#128,#1241);
#1241 = DEFINITIONAL_REPRESENTATION('',(#1242),#1246);
#1242 = LINE('',#1243,#1244);
#1243 = CARTESIAN_POINT('',(0.,-0.17460322));
#1244 = VECTOR('',#1245,1.);
#1245 = DIRECTION('',(1.,0.));
#1246 = ( GEOMETRIC_REPRESENTATION_CONTEXT(2) 
PARAMETRIC_REPRESENTATION_CONTEXT() REPRESENTATION_CONTEXT('2D SPACE',''
  ) );
#1247 = ADVANCED_FACE('',(#1248),#128,.F.);
#1248 = FACE_BOUND('',#1249,.F.);
#1249 = EDGE_LOOP('',(#1250,#1273,#1274,#1275));
#1250 = ORIENTED_EDGE('',*,*,#1251,.T.);
#1251 = EDGE_CURVE('',#1252,#1200,#1254,.T.);
#1252 = VERTEX_POINT('',#1253);
#1253 = CARTESIAN_POINT('',(0.318694949077,-1.5873015E-02,
    -0.395238101555));
#1254 = SURFACE_CURVE('',#1255,(#1259,#1266),.PCURVE_S1.);
#1255 = LINE('',#1256,#1257);
#1256 = CARTESIAN_POINT('',(0.318694949077,-1.5873015E-02,
    -0.395238101555));
#1257 = VECTOR('',#1258,1.);
#1258 = DIRECTION('',(0.,-1.,0.));
#1259 = PCURVE('',#128,#1260);
#1260 = DEFINITIONAL_REPRESENTATION('',(#1261),#1265);
#1261 = LINE('',#1262,#1263);
#1262 = CARTESIAN_POINT('',(0.,0.));
#1263 = VECTOR('',#1264,1.);
#1264 = DIRECTION('',(0.,-1.));
#1265 = ( GEOMETRIC_REPRESENTATION_CONTEXT(2) 
PARAMETRIC_REPRESENTATION_CONTEXT() REPRESENTATION_CONTEXT('2D SPACE',''
  ) );
#1266 = PCURVE('',#1215,#1267);
#1267 = DEFINITIONAL_REPRESENTATION('',(#1268),#1272);
#1268 = LINE('',#1269,#1270);
#1269 = CARTESIAN_POINT('',(0.178483247757,0.));
#1270 = VECTOR('',#1271,1.);
#1271 = DIRECTION('',(0.,-1.));
#1272 = ( GEOMETRIC_REPRESENTATION_CONTEXT(2) 
PARAMETRIC_REPRESENTATION_CONTEXT() REPRESENTATION_CONTEXT('2D SPACE',''
  ) );
#1273 = ORIENTED_EDGE('',*,*,#1227,.T.);
#1274 = ORIENTED_EDGE('',*,*,#112,.F.);
#1275 = ORIENTED_EDGE('',*,*,#1276,.F.);
#1276 = EDGE_CURVE('',#1252,#78,#1277,.T.);
#1277 = SURFACE_CURVE('',#1278,(#1282,#1289),.PCURVE_S1.);
#1278 = LINE('',#1279,#1280);
#1279 = CARTESIAN_POINT('',(0.318694949077,-1.5873015E-02,
    -0.395238101555));
#1280 = VECTOR('',#1281,1.);
#1281 = DIRECTION('',(0.,0.,1.));
#1282 = PCURVE('',#128,#1283);
#1283 = DEFINITIONAL_REPRESENTATION('',(#1284),#1288);
#1284 = LINE('',#1285,#1286);
#1285 = CARTESIAN_POINT('',(0.,0.));
#1286 = VECTOR('',#1287,1.);
#1287 = DIRECTION('',(1.,0.));
#1288 = ( GEOMETRIC_REPRESENTATION_CONTEXT(2) 
PARAMETRIC_REPRESENTATION_CONTEXT() REPRESENTATION_CONTEXT('2D SPACE',''
  ) );
#1289 = PCURVE('',#382,#1290);
#1290 = DEFINITIONAL_REPRESENTATION('',(#1291),#1295);
#1291 = LINE('',#1292,#1293);
#1292 = CARTESIAN_POINT('',(0.,0.));
#1293 = VECTOR('',#1294,1.);
#1294 = DIRECTION('',(1.,0.));
#1295 = ( GEOMETRIC_REPRESENTATION_CONTEXT(2) 
PARAMETRIC_REPRESENTATION_CONTEXT() REPRESENTATION_CONTEXT('2D SPACE',''
  ) );
#1296 = ADVANCED_FACE('',(#1297),#436,.T.);
#1297 = FACE_BOUND('',#1298,.T.);
#1298 = EDGE_LOOP('',(#1299,#1300,#1323,#1349));
#1299 = ORIENTED_EDGE('',*,*,#422,.T.);
#1300 = ORIENTED_EDGE('',*,*,#1301,.T.);
#1301 = EDGE_CURVE('',#395,#1302,#1304,.T.);
#1302 = VERTEX_POINT('',#1303);
#1303 = CARTESIAN_POINT('',(-0.395238101555,0.190476185,-0.395238101555)
  );
#1304 = SURFACE_CURVE('',#1305,(#1309,#1316),.PCURVE_S1.);
#1305 = LINE('',#1306,#1307);
#1306 = CARTESIAN_POINT('',(-0.395238101555,0.190476185,0.318694949077)
  );
#1307 = VECTOR('',#1308,1.);
#1308 = DIRECTION('',(0.,0.,-1.));
#1309 = PCURVE('',#436,#1310);
#1310 = DEFINITIONAL_REPRESENTATION('',(#1311),#1315);
#1311 = LINE('',#1312,#1313);
#1312 = CARTESIAN_POINT('',(0.,-0.2063492));
#1313 = VECTOR('',#1314,1.);
#1314 = DIRECTION('',(1.,0.));
#1315 = ( GEOMETRIC_REPRESENTATION_CONTEXT(2) 
PARAMETRIC_REPRESENTATION_CONTEXT() REPRESENTATION_CONTEXT('2D SPACE',''
  ) );
#1316 = PCURVE('',#410,#1317);
#1317 = DEFINITIONAL_REPRESENTATION('',(#1318),#1322);
#1318 = LINE('',#1319,#1320);
#1319 = CARTESIAN_POINT('',(-0.379365086555,0.334567964077));
#1320 = VECTOR('',#1321,1.);
#1321 = DIRECTION('',(0.,-1.));
#1322 = ( GEOMETRIC_REPRESENTATION_CONTEXT(2) 
PARAMETRIC_REPRESENTATION_CONTEXT() REPRESENTATION_CONTEXT('2D SPACE',''
  ) );
#1323 = ORIENTED_EDGE('',*,*,#1324,.F.);
#1324 = EDGE_CURVE('',#957,#1302,#1325,.T.);
#1325 = SURFACE_CURVE('',#1326,(#1330,#1337),.PCURVE_S1.);
#1326 = LINE('',#1327,#1328);
#1327 = CARTESIAN_POINT('',(-0.395238101555,-1.5873015E-02,
    -0.395238101555));
#1328 = VECTOR('',#1329,1.);
#1329 = DIRECTION('',(-0.,1.,-0.));
#1330 = PCURVE('',#436,#1331);
#1331 = DEFINITIONAL_REPRESENTATION('',(#1332),#1336);
#1332 = LINE('',#1333,#1334);
#1333 = CARTESIAN_POINT('',(0.713933050632,0.));
#1334 = VECTOR('',#1335,1.);
#1335 = DIRECTION('',(0.,-1.));
#1336 = ( GEOMETRIC_REPRESENTATION_CONTEXT(2) 
PARAMETRIC_REPRESENTATION_CONTEXT() REPRESENTATION_CONTEXT('2D SPACE',''
  ) );
#1337 = PCURVE('',#1338,#1343);
#1338 = PLANE('',#1339);
#1339 = AXIS2_PLACEMENT_3D('',#1340,#1341,#1342);
#1340 = CARTESIAN_POINT('',(-0.395238101555,-1.5873015E-02,
    -0.395238101555));
#1341 = DIRECTION('',(0.,0.,-1.));
#1342 = DIRECTION('',(1.,0.,0.));
#1343 = DEFINITIONAL_REPRESENTATION('',(#1344),#1348);
#1344 = LINE('',#1345,#1346);
#1345 = CARTESIAN_POINT('',(0.,0.));
#1346 = VECTOR('',#1347,1.);
#1347 = DIRECTION('',(0.,-1.));
#1348 = ( GEOMETRIC_REPRESENTATION_CONTEXT(2) 
PARAMETRIC_REPRESENTATION_CONTEXT() REPRESENTATION_CONTEXT('2D SPACE',''
  ) );
#1349 = ORIENTED_EDGE('',*,*,#984,.F.);
#1350 = ADVANCED_FACE('',(#1351),#410,.F.);
#1351 = FACE_BOUND('',#1352,.F.);
#1352 = EDGE_LOOP('',(#1353,#1354,#1355,#1378,#1406,#1435,#1463,#1492,
    #1516,#1544,#1572));
#1353 = ORIENTED_EDGE('',*,*,#394,.T.);
#1354 = ORIENTED_EDGE('',*,*,#1301,.T.);
#1355 = ORIENTED_EDGE('',*,*,#1356,.T.);
#1356 = EDGE_CURVE('',#1302,#1357,#1359,.T.);
#1357 = VERTEX_POINT('',#1358);
#1358 = CARTESIAN_POINT('',(-0.216754823996,0.190476185,-0.395238101555)
  );
#1359 = SURFACE_CURVE('',#1360,(#1364,#1371),.PCURVE_S1.);
#1360 = LINE('',#1361,#1362);
#1361 = CARTESIAN_POINT('',(-0.395238101555,0.190476185,-0.395238101555)
  );
#1362 = VECTOR('',#1363,1.);
#1363 = DIRECTION('',(1.,0.,0.));
#1364 = PCURVE('',#410,#1365);
#1365 = DEFINITIONAL_REPRESENTATION('',(#1366),#1370);
#1366 = LINE('',#1367,#1368);
#1367 = CARTESIAN_POINT('',(-0.379365086555,-0.379365086555));
#1368 = VECTOR('',#1369,1.);
#1369 = DIRECTION('',(1.,0.));
#1370 = ( GEOMETRIC_REPRESENTATION_CONTEXT(2) 
PARAMETRIC_REPRESENTATION_CONTEXT() REPRESENTATION_CONTEXT('2D SPACE',''
  ) );
#1371 = PCURVE('',#1338,#1372);
#1372 = DEFINITIONAL_REPRESENTATION('',(#1373),#1377);
#1373 = LINE('',#1374,#1375);
#1374 = CARTESIAN_POINT('',(0.,-0.2063492));
#1375 = VECTOR('',#1376,1.);
#1376 = DIRECTION('',(1.,0.));
#1377 = ( GEOMETRIC_REPRESENTATION_CONTEXT(2) 
PARAMETRIC_REPRESENTATION_CONTEXT() REPRESENTATION_CONTEXT('2D SPACE',''
  ) );
#1378 = ORIENTED_EDGE('',*,*,#1379,.T.);
#1379 = EDGE_CURVE('',#1357,#1380,#1382,.T.);
#1380 = VERTEX_POINT('',#1381);
#1381 = CARTESIAN_POINT('',(-0.216754823996,0.190476185,-0.265432053215)
  );
#1382 = SURFACE_CURVE('',#1383,(#1387,#1394),.PCURVE_S1.);
#1383 = LINE('',#1384,#1385);
#1384 = CARTESIAN_POINT('',(-0.216754823996,0.190476185,-0.395238101555)
  );
#1385 = VECTOR('',#1386,1.);
#1386 = DIRECTION('',(0.,0.,1.));
#1387 = PCURVE('',#410,#1388);
#1388 = DEFINITIONAL_REPRESENTATION('',(#1389),#1393);
#1389 = LINE('',#1390,#1391);
#1390 = CARTESIAN_POINT('',(-0.200881808996,-0.379365086555));
#1391 = VECTOR('',#1392,1.);
#1392 = DIRECTION('',(0.,1.));
#1393 = ( GEOMETRIC_REPRESENTATION_CONTEXT(2) 
PARAMETRIC_REPRESENTATION_CONTEXT() REPRESENTATION_CONTEXT('2D SPACE',''
  ) );
#1394 = PCURVE('',#1395,#1400);
#1395 = PLANE('',#1396);
#1396 = AXIS2_PLACEMENT_3D('',#1397,#1398,#1399);
#1397 = CARTESIAN_POINT('',(-0.216754823996,-1.5873015E-02,
    -0.395238101555));
#1398 = DIRECTION('',(1.,0.,-0.));
#1399 = DIRECTION('',(0.,0.,1.));
#1400 = DEFINITIONAL_REPRESENTATION('',(#1401),#1405);
#1401 = LINE('',#1402,#1403);
#1402 = CARTESIAN_POINT('',(0.,-0.2063492));
#1403 = VECTOR('',#1404,1.);
#1404 = DIRECTION('',(1.,0.));
#1405 = ( GEOMETRIC_REPRESENTATION_CONTEXT(2) 
PARAMETRIC_REPRESENTATION_CONTEXT() REPRESENTATION_CONTEXT('2D SPACE',''
  ) );
#1406 = ORIENTED_EDGE('',*,*,#1407,.F.);
#1407 = EDGE_CURVE('',#1408,#1380,#1410,.T.);
#1408 = VERTEX_POINT('',#1409);
#1409 = CARTESIAN_POINT('',(-0.210117010692,0.190476185,-0.168532261772)
  );
#1410 = SURFACE_CURVE('',#1411,(#1416,#1423),.PCURVE_S1.);
#1411 = CIRCLE('',#1412,4.867724577586E-02);
#1412 = AXIS2_PLACEMENT_3D('',#1413,#1414,#1415);
#1413 = CARTESIAN_POINT('',(-0.216754807439,0.190476185,-0.216754807439)
  );
#1414 = DIRECTION('',(0.,-1.,0.));
#1415 = DIRECTION('',(1.,0.,0.));
#1416 = PCURVE('',#410,#1417);
#1417 = DEFINITIONAL_REPRESENTATION('',(#1418),#1422);
#1418 = CIRCLE('',#1419,4.867724577586E-02);
#1419 = AXIS2_PLACEMENT_2D('',#1420,#1421);
#1420 = CARTESIAN_POINT('',(-0.200881792439,-0.200881792439));
#1421 = DIRECTION('',(1.,0.));
#1422 = ( GEOMETRIC_REPRESENTATION_CONTEXT(2) 
PARAMETRIC_REPRESENTATION_CONTEXT() REPRESENTATION_CONTEXT('2D SPACE',''
  ) );
#1423 = PCURVE('',#1424,#1429);
#1424 = PLANE('',#1425);
#1425 = AXIS2_PLACEMENT_3D('',#1426,#1427,#1428);
#1426 = CARTESIAN_POINT('',(-1.5873015E-02,0.190476185,-1.5873015E-02));
#1427 = DIRECTION('',(0.,-1.,0.));
#1428 = DIRECTION('',(1.,0.,0.));
#1429 = DEFINITIONAL_REPRESENTATION('',(#1430),#1434);
#1430 = CIRCLE('',#1431,4.867724577586E-02);
#1431 = AXIS2_PLACEMENT_2D('',#1432,#1433);
#1432 = CARTESIAN_POINT('',(-0.200881792439,-0.200881792439));
#1433 = DIRECTION('',(1.,0.));
#1434 = ( GEOMETRIC_REPRESENTATION_CONTEXT(2) 
PARAMETRIC_REPRESENTATION_CONTEXT() REPRESENTATION_CONTEXT('2D SPACE',''
  ) );
#1435 = ORIENTED_EDGE('',*,*,#1436,.T.);
#1436 = EDGE_CURVE('',#1408,#1437,#1439,.T.);
#1437 = VERTEX_POINT('',#1438);
#1438 = CARTESIAN_POINT('',(0.133573888287,0.190476185,-0.168532262737)
  );
#1439 = SURFACE_CURVE('',#1440,(#1445,#1456),.PCURVE_S1.);
#1440 = CIRCLE('',#1441,0.178483262658);
#1441 = AXIS2_PLACEMENT_3D('',#1442,#1443,#1444);
#1442 = CARTESIAN_POINT('',(-3.827156133808E-02,0.190476185,
    -0.216754835172));
#1443 = DIRECTION('',(-0.,1.,0.));
#1444 = DIRECTION('',(-1.,-0.,6.261579225383E-08));
#1445 = PCURVE('',#410,#1446);
#1446 = DEFINITIONAL_REPRESENTATION('',(#1447),#1455);
#1447 = ( BOUNDED_CURVE() B_SPLINE_CURVE(2,(#1448,#1449,#1450,#1451,
#1452,#1453,#1454),.UNSPECIFIED.,.T.,.F.) B_SPLINE_CURVE_WITH_KNOTS((1,2
    ,2,2,2,1),(-2.094395102393,0.,2.094395102393,4.188790204786,
6.28318530718,8.377580409573),.UNSPECIFIED.) CURVE() 
GEOMETRIC_REPRESENTATION_ITEM() RATIONAL_B_SPLINE_CURVE((1.,0.5,1.,0.5,
1.,0.5,1.)) REPRESENTATION_ITEM('') );
#1448 = CARTESIAN_POINT('',(-0.200881808996,-0.200881808996));
#1449 = CARTESIAN_POINT('',(-0.200881789639,0.108260270228));
#1450 = CARTESIAN_POINT('',(6.684309466957E-02,-4.631078614775E-02));
#1451 = CARTESIAN_POINT('',(0.334567978978,-0.200881842524));
#1452 = CARTESIAN_POINT('',(6.684307531239E-02,-0.355452865372));
#1453 = CARTESIAN_POINT('',(-0.200881828353,-0.510023888221));
#1454 = CARTESIAN_POINT('',(-0.200881808996,-0.200881808996));
#1455 = ( GEOMETRIC_REPRESENTATION_CONTEXT(2) 
PARAMETRIC_REPRESENTATION_CONTEXT() REPRESENTATION_CONTEXT('2D SPACE',''
  ) );
#1456 = PCURVE('',#591,#1457);
#1457 = DEFINITIONAL_REPRESENTATION('',(#1458),#1462);
#1458 = LINE('',#1459,#1460);
#1459 = CARTESIAN_POINT('',(-0.,-0.2063492));
#1460 = VECTOR('',#1461,1.);
#1461 = DIRECTION('',(-1.,0.));
#1462 = ( GEOMETRIC_REPRESENTATION_CONTEXT(2) 
PARAMETRIC_REPRESENTATION_CONTEXT() REPRESENTATION_CONTEXT('2D SPACE',''
  ) );
#1463 = ORIENTED_EDGE('',*,*,#1464,.F.);
#1464 = EDGE_CURVE('',#1465,#1437,#1467,.T.);
#1465 = VERTEX_POINT('',#1466);
#1466 = CARTESIAN_POINT('',(0.188888937824,0.190476185,-0.216754807439)
  );
#1467 = SURFACE_CURVE('',#1468,(#1473,#1480),.PCURVE_S1.);
#1468 = CIRCLE('',#1469,4.867724577586E-02);
#1469 = AXIS2_PLACEMENT_3D('',#1470,#1471,#1472);
#1470 = CARTESIAN_POINT('',(0.140211692048,0.190476185,-0.216754807439)
  );
#1471 = DIRECTION('',(0.,-1.,0.));
#1472 = DIRECTION('',(1.,0.,0.));
#1473 = PCURVE('',#410,#1474);
#1474 = DEFINITIONAL_REPRESENTATION('',(#1475),#1479);
#1475 = CIRCLE('',#1476,4.867724577586E-02);
#1476 = AXIS2_PLACEMENT_2D('',#1477,#1478);
#1477 = CARTESIAN_POINT('',(0.156084707048,-0.200881792439));
#1478 = DIRECTION('',(1.,0.));
#1479 = ( GEOMETRIC_REPRESENTATION_CONTEXT(2) 
PARAMETRIC_REPRESENTATION_CONTEXT() REPRESENTATION_CONTEXT('2D SPACE',''
  ) );
#1480 = PCURVE('',#1481,#1486);
#1481 = PLANE('',#1482);
#1482 = AXIS2_PLACEMENT_3D('',#1483,#1484,#1485);
#1483 = CARTESIAN_POINT('',(-1.5873015E-02,0.190476185,-1.5873015E-02));
#1484 = DIRECTION('',(0.,-1.,0.));
#1485 = DIRECTION('',(1.,0.,0.));
#1486 = DEFINITIONAL_REPRESENTATION('',(#1487),#1491);
#1487 = CIRCLE('',#1488,4.867724577586E-02);
#1488 = AXIS2_PLACEMENT_2D('',#1489,#1490);
#1489 = CARTESIAN_POINT('',(0.156084707048,-0.200881792439));
#1490 = DIRECTION('',(1.,0.));
#1491 = ( GEOMETRIC_REPRESENTATION_CONTEXT(2) 
PARAMETRIC_REPRESENTATION_CONTEXT() REPRESENTATION_CONTEXT('2D SPACE',''
  ) );
#1492 = ORIENTED_EDGE('',*,*,#1493,.F.);
#1493 = EDGE_CURVE('',#1494,#1465,#1496,.T.);
#1494 = VERTEX_POINT('',#1495);
#1495 = CARTESIAN_POINT('',(0.14021170132,0.190476185,-0.265432053215));
#1496 = SURFACE_CURVE('',#1497,(#1502,#1509),.PCURVE_S1.);
#1497 = CIRCLE('',#1498,4.867724577586E-02);
#1498 = AXIS2_PLACEMENT_3D('',#1499,#1500,#1501);
#1499 = CARTESIAN_POINT('',(0.140211692048,0.190476185,-0.216754807439)
  );
#1500 = DIRECTION('',(0.,-1.,0.));
#1501 = DIRECTION('',(1.,0.,0.));
#1502 = PCURVE('',#410,#1503);
#1503 = DEFINITIONAL_REPRESENTATION('',(#1504),#1508);
#1504 = CIRCLE('',#1505,4.867724577586E-02);
#1505 = AXIS2_PLACEMENT_2D('',#1506,#1507);
#1506 = CARTESIAN_POINT('',(0.156084707048,-0.200881792439));
#1507 = DIRECTION('',(1.,0.));
#1508 = ( GEOMETRIC_REPRESENTATION_CONTEXT(2) 
PARAMETRIC_REPRESENTATION_CONTEXT() REPRESENTATION_CONTEXT('2D SPACE',''
  ) );
#1509 = PCURVE('',#1481,#1510);
#1510 = DEFINITIONAL_REPRESENTATION('',(#1511),#1515);
#1511 = CIRCLE('',#1512,4.867724577586E-02);
#1512 = AXIS2_PLACEMENT_2D('',#1513,#1514);
#1513 = CARTESIAN_POINT('',(0.156084707048,-0.200881792439));
#1514 = DIRECTION('',(1.,0.));
#1515 = ( GEOMETRIC_REPRESENTATION_CONTEXT(2) 
PARAMETRIC_REPRESENTATION_CONTEXT() REPRESENTATION_CONTEXT('2D SPACE',''
  ) );
#1516 = ORIENTED_EDGE('',*,*,#1517,.T.);
#1517 = EDGE_CURVE('',#1494,#1518,#1520,.T.);
#1518 = VERTEX_POINT('',#1519);
#1519 = CARTESIAN_POINT('',(0.14021170132,0.190476185,-0.395238101555));
#1520 = SURFACE_CURVE('',#1521,(#1525,#1532),.PCURVE_S1.);
#1521 = LINE('',#1522,#1523);
#1522 = CARTESIAN_POINT('',(0.14021170132,0.190476185,-0.216754823996));
#1523 = VECTOR('',#1524,1.);
#1524 = DIRECTION('',(0.,0.,-1.));
#1525 = PCURVE('',#410,#1526);
#1526 = DEFINITIONAL_REPRESENTATION('',(#1527),#1531);
#1527 = LINE('',#1528,#1529);
#1528 = CARTESIAN_POINT('',(0.15608471632,-0.200881808996));
#1529 = VECTOR('',#1530,1.);
#1530 = DIRECTION('',(0.,-1.));
#1531 = ( GEOMETRIC_REPRESENTATION_CONTEXT(2) 
PARAMETRIC_REPRESENTATION_CONTEXT() REPRESENTATION_CONTEXT('2D SPACE',''
  ) );
#1532 = PCURVE('',#1533,#1538);
#1533 = PLANE('',#1534);
#1534 = AXIS2_PLACEMENT_3D('',#1535,#1536,#1537);
#1535 = CARTESIAN_POINT('',(0.14021170132,-1.5873015E-02,-0.265432053215
    ));
#1536 = DIRECTION('',(-1.,-0.,-0.));
#1537 = DIRECTION('',(0.,0.,-1.));
#1538 = DEFINITIONAL_REPRESENTATION('',(#1539),#1543);
#1539 = LINE('',#1540,#1541);
#1540 = CARTESIAN_POINT('',(-4.867722921901E-02,-0.2063492));
#1541 = VECTOR('',#1542,1.);
#1542 = DIRECTION('',(1.,0.));
#1543 = ( GEOMETRIC_REPRESENTATION_CONTEXT(2) 
PARAMETRIC_REPRESENTATION_CONTEXT() REPRESENTATION_CONTEXT('2D SPACE',''
  ) );
#1544 = ORIENTED_EDGE('',*,*,#1545,.T.);
#1545 = EDGE_CURVE('',#1518,#1546,#1548,.T.);
#1546 = VERTEX_POINT('',#1547);
#1547 = CARTESIAN_POINT('',(0.318694949077,0.190476185,-0.395238101555)
  );
#1548 = SURFACE_CURVE('',#1549,(#1553,#1560),.PCURVE_S1.);
#1549 = LINE('',#1550,#1551);
#1550 = CARTESIAN_POINT('',(0.14021170132,0.190476185,-0.395238101555));
#1551 = VECTOR('',#1552,1.);
#1552 = DIRECTION('',(1.,0.,0.));
#1553 = PCURVE('',#410,#1554);
#1554 = DEFINITIONAL_REPRESENTATION('',(#1555),#1559);
#1555 = LINE('',#1556,#1557);
#1556 = CARTESIAN_POINT('',(0.15608471632,-0.379365086555));
#1557 = VECTOR('',#1558,1.);
#1558 = DIRECTION('',(1.,0.));
#1559 = ( GEOMETRIC_REPRESENTATION_CONTEXT(2) 
PARAMETRIC_REPRESENTATION_CONTEXT() REPRESENTATION_CONTEXT('2D SPACE',''
  ) );
#1560 = PCURVE('',#1561,#1566);
#1561 = PLANE('',#1562);
#1562 = AXIS2_PLACEMENT_3D('',#1563,#1564,#1565);
#1563 = CARTESIAN_POINT('',(0.14021170132,-1.5873015E-02,-0.395238101555
    ));
#1564 = DIRECTION('',(0.,0.,-1.));
#1565 = DIRECTION('',(1.,0.,0.));
#1566 = DEFINITIONAL_REPRESENTATION('',(#1567),#1571);
#1567 = LINE('',#1568,#1569);
#1568 = CARTESIAN_POINT('',(0.,-0.2063492));
#1569 = VECTOR('',#1570,1.);
#1570 = DIRECTION('',(1.,0.));
#1571 = ( GEOMETRIC_REPRESENTATION_CONTEXT(2) 
PARAMETRIC_REPRESENTATION_CONTEXT() REPRESENTATION_CONTEXT('2D SPACE',''
  ) );
#1572 = ORIENTED_EDGE('',*,*,#1573,.T.);
#1573 = EDGE_CURVE('',#1546,#367,#1574,.T.);
#1574 = SURFACE_CURVE('',#1575,(#1579,#1586),.PCURVE_S1.);
#1575 = LINE('',#1576,#1577);
#1576 = CARTESIAN_POINT('',(0.318694949077,0.190476185,-0.395238101555)
  );
#1577 = VECTOR('',#1578,1.);
#1578 = DIRECTION('',(0.,0.,1.));
#1579 = PCURVE('',#410,#1580);
#1580 = DEFINITIONAL_REPRESENTATION('',(#1581),#1585);
#1581 = LINE('',#1582,#1583);
#1582 = CARTESIAN_POINT('',(0.334567964077,-0.379365086555));
#1583 = VECTOR('',#1584,1.);
#1584 = DIRECTION('',(0.,1.));
#1585 = ( GEOMETRIC_REPRESENTATION_CONTEXT(2) 
PARAMETRIC_REPRESENTATION_CONTEXT() REPRESENTATION_CONTEXT('2D SPACE',''
  ) );
#1586 = PCURVE('',#382,#1587);
#1587 = DEFINITIONAL_REPRESENTATION('',(#1588),#1592);
#1588 = LINE('',#1589,#1590);
#1589 = CARTESIAN_POINT('',(0.,-0.2063492));
#1590 = VECTOR('',#1591,1.);
#1591 = DIRECTION('',(1.,0.));
#1592 = ( GEOMETRIC_REPRESENTATION_CONTEXT(2) 
PARAMETRIC_REPRESENTATION_CONTEXT() REPRESENTATION_CONTEXT('2D SPACE',''
  ) );
#1593 = ADVANCED_FACE('',(#1594),#382,.T.);
#1594 = FACE_BOUND('',#1595,.T.);
#1595 = EDGE_LOOP('',(#1596,#1617,#1618,#1619));
#1596 = ORIENTED_EDGE('',*,*,#1597,.T.);
#1597 = EDGE_CURVE('',#1252,#1546,#1598,.T.);
#1598 = SURFACE_CURVE('',#1599,(#1603,#1610),.PCURVE_S1.);
#1599 = LINE('',#1600,#1601);
#1600 = CARTESIAN_POINT('',(0.318694949077,-1.5873015E-02,
    -0.395238101555));
#1601 = VECTOR('',#1602,1.);
#1602 = DIRECTION('',(-0.,1.,-0.));
#1603 = PCURVE('',#382,#1604);
#1604 = DEFINITIONAL_REPRESENTATION('',(#1605),#1609);
#1605 = LINE('',#1606,#1607);
#1606 = CARTESIAN_POINT('',(0.,0.));
#1607 = VECTOR('',#1608,1.);
#1608 = DIRECTION('',(0.,-1.));
#1609 = ( GEOMETRIC_REPRESENTATION_CONTEXT(2) 
PARAMETRIC_REPRESENTATION_CONTEXT() REPRESENTATION_CONTEXT('2D SPACE',''
  ) );
#1610 = PCURVE('',#1561,#1611);
#1611 = DEFINITIONAL_REPRESENTATION('',(#1612),#1616);
#1612 = LINE('',#1613,#1614);
#1613 = CARTESIAN_POINT('',(0.178483247757,0.));
#1614 = VECTOR('',#1615,1.);
#1615 = DIRECTION('',(0.,-1.));
#1616 = ( GEOMETRIC_REPRESENTATION_CONTEXT(2) 
PARAMETRIC_REPRESENTATION_CONTEXT() REPRESENTATION_CONTEXT('2D SPACE',''
  ) );
#1617 = ORIENTED_EDGE('',*,*,#1573,.T.);
#1618 = ORIENTED_EDGE('',*,*,#366,.F.);
#1619 = ORIENTED_EDGE('',*,*,#1276,.F.);
#1620 = ADVANCED_FACE('',(#1621),#545,.F.);
#1621 = FACE_BOUND('',#1622,.F.);
#1622 = EDGE_LOOP('',(#1623,#1647,#1673,#1674,#1702,#1724,#1725,#1726,
    #1748,#1749));
#1623 = ORIENTED_EDGE('',*,*,#1624,.F.);
#1624 = EDGE_CURVE('',#1625,#757,#1627,.T.);
#1625 = VERTEX_POINT('',#1626);
#1626 = CARTESIAN_POINT('',(-0.210117010692,-1.5873015E-02,
    -0.168532261772));
#1627 = SURFACE_CURVE('',#1628,(#1633,#1640),.PCURVE_S1.);
#1628 = CIRCLE('',#1629,0.178483262658);
#1629 = AXIS2_PLACEMENT_3D('',#1630,#1631,#1632);
#1630 = CARTESIAN_POINT('',(-3.827156133808E-02,-1.5873015E-02,
    -0.216754835172));
#1631 = DIRECTION('',(-0.,1.,0.));
#1632 = DIRECTION('',(-1.,-0.,6.261579225383E-08));
#1633 = PCURVE('',#545,#1634);
#1634 = DEFINITIONAL_REPRESENTATION('',(#1635),#1639);
#1635 = LINE('',#1636,#1637);
#1636 = CARTESIAN_POINT('',(0.,0.));
#1637 = VECTOR('',#1638,1.);
#1638 = DIRECTION('',(1.,0.));
#1639 = ( GEOMETRIC_REPRESENTATION_CONTEXT(2) 
PARAMETRIC_REPRESENTATION_CONTEXT() REPRESENTATION_CONTEXT('2D SPACE',''
  ) );
#1640 = PCURVE('',#591,#1641);
#1641 = DEFINITIONAL_REPRESENTATION('',(#1642),#1646);
#1642 = LINE('',#1643,#1644);
#1643 = CARTESIAN_POINT('',(-0.,0.));
#1644 = VECTOR('',#1645,1.);
#1645 = DIRECTION('',(-1.,0.));
#1646 = ( GEOMETRIC_REPRESENTATION_CONTEXT(2) 
PARAMETRIC_REPRESENTATION_CONTEXT() REPRESENTATION_CONTEXT('2D SPACE',''
  ) );
#1647 = ORIENTED_EDGE('',*,*,#1648,.T.);
#1648 = EDGE_CURVE('',#1625,#1062,#1649,.T.);
#1649 = SURFACE_CURVE('',#1650,(#1654,#1661),.PCURVE_S1.);
#1650 = LINE('',#1651,#1652);
#1651 = CARTESIAN_POINT('',(-0.210117010692,-1.5873015E-02,
    -0.168532261772));
#1652 = VECTOR('',#1653,1.);
#1653 = DIRECTION('',(0.,-1.,0.));
#1654 = PCURVE('',#545,#1655);
#1655 = DEFINITIONAL_REPRESENTATION('',(#1656),#1660);
#1656 = LINE('',#1657,#1658);
#1657 = CARTESIAN_POINT('',(0.273579715967,0.));
#1658 = VECTOR('',#1659,1.);
#1659 = DIRECTION('',(0.,-1.));
#1660 = ( GEOMETRIC_REPRESENTATION_CONTEXT(2) 
PARAMETRIC_REPRESENTATION_CONTEXT() REPRESENTATION_CONTEXT('2D SPACE',''
  ) );
#1661 = PCURVE('',#1662,#1667);
#1662 = CYLINDRICAL_SURFACE('',#1663,4.867724577586E-02);
#1663 = AXIS2_PLACEMENT_3D('',#1664,#1665,#1666);
#1664 = CARTESIAN_POINT('',(-0.216754807439,-1.5873015E-02,
    -0.216754807439));
#1665 = DIRECTION('',(-0.,1.,-0.));
#1666 = DIRECTION('',(1.,0.,0.));
#1667 = DEFINITIONAL_REPRESENTATION('',(#1668),#1672);
#1668 = LINE('',#1669,#1670);
#1669 = CARTESIAN_POINT('',(-1.434006696771,0.));
#1670 = VECTOR('',#1671,1.);
#1671 = DIRECTION('',(-0.,-1.));
#1672 = ( GEOMETRIC_REPRESENTATION_CONTEXT(2) 
PARAMETRIC_REPRESENTATION_CONTEXT() REPRESENTATION_CONTEXT('2D SPACE',''
  ) );
#1673 = ORIENTED_EDGE('',*,*,#1090,.T.);
#1674 = ORIENTED_EDGE('',*,*,#1675,.F.);
#1675 = EDGE_CURVE('',#1676,#1091,#1678,.T.);
#1676 = VERTEX_POINT('',#1677);
#1677 = CARTESIAN_POINT('',(0.133573888287,-1.5873015E-02,
    -0.168532262737));
#1678 = SURFACE_CURVE('',#1679,(#1683,#1690),.PCURVE_S1.);
#1679 = LINE('',#1680,#1681);
#1680 = CARTESIAN_POINT('',(0.133573888287,-1.5873015E-02,
    -0.168532262737));
#1681 = VECTOR('',#1682,1.);
#1682 = DIRECTION('',(0.,-1.,0.));
#1683 = PCURVE('',#545,#1684);
#1684 = DEFINITIONAL_REPRESENTATION('',(#1685),#1689);
#1685 = LINE('',#1686,#1687);
#1686 = CARTESIAN_POINT('',(2.868012818009,0.));
#1687 = VECTOR('',#1688,1.);
#1688 = DIRECTION('',(0.,-1.));
#1689 = ( GEOMETRIC_REPRESENTATION_CONTEXT(2) 
PARAMETRIC_REPRESENTATION_CONTEXT() REPRESENTATION_CONTEXT('2D SPACE',''
  ) );
#1690 = PCURVE('',#1691,#1696);
#1691 = CYLINDRICAL_SURFACE('',#1692,4.867724577586E-02);
#1692 = AXIS2_PLACEMENT_3D('',#1693,#1694,#1695);
#1693 = CARTESIAN_POINT('',(0.140211692048,-1.5873015E-02,
    -0.216754807439));
#1694 = DIRECTION('',(-0.,1.,-0.));
#1695 = DIRECTION('',(1.,0.,0.));
#1696 = DEFINITIONAL_REPRESENTATION('',(#1697),#1701);
#1697 = LINE('',#1698,#1699);
#1698 = CARTESIAN_POINT('',(-1.707586102271,0.));
#1699 = VECTOR('',#1700,1.);
#1700 = DIRECTION('',(-0.,-1.));
#1701 = ( GEOMETRIC_REPRESENTATION_CONTEXT(2) 
PARAMETRIC_REPRESENTATION_CONTEXT() REPRESENTATION_CONTEXT('2D SPACE',''
  ) );
#1702 = ORIENTED_EDGE('',*,*,#1703,.F.);
#1703 = EDGE_CURVE('',#522,#1676,#1704,.T.);
#1704 = SURFACE_CURVE('',#1705,(#1710,#1717),.PCURVE_S1.);
#1705 = CIRCLE('',#1706,0.178483262658);
#1706 = AXIS2_PLACEMENT_3D('',#1707,#1708,#1709);
#1707 = CARTESIAN_POINT('',(-3.827156133808E-02,-1.5873015E-02,
    -0.216754835172));
#1708 = DIRECTION('',(-0.,1.,0.));
#1709 = DIRECTION('',(-1.,-0.,6.261579225383E-08));
#1710 = PCURVE('',#545,#1711);
#1711 = DEFINITIONAL_REPRESENTATION('',(#1712),#1716);
#1712 = LINE('',#1713,#1714);
#1713 = CARTESIAN_POINT('',(0.,0.));
#1714 = VECTOR('',#1715,1.);
#1715 = DIRECTION('',(1.,0.));
#1716 = ( GEOMETRIC_REPRESENTATION_CONTEXT(2) 
PARAMETRIC_REPRESENTATION_CONTEXT() REPRESENTATION_CONTEXT('2D SPACE',''
  ) );
#1717 = PCURVE('',#591,#1718);
#1718 = DEFINITIONAL_REPRESENTATION('',(#1719),#1723);
#1719 = LINE('',#1720,#1721);
#1720 = CARTESIAN_POINT('',(-0.,0.));
#1721 = VECTOR('',#1722,1.);
#1722 = DIRECTION('',(-1.,0.));
#1723 = ( GEOMETRIC_REPRESENTATION_CONTEXT(2) 
PARAMETRIC_REPRESENTATION_CONTEXT() REPRESENTATION_CONTEXT('2D SPACE',''
  ) );
#1724 = ORIENTED_EDGE('',*,*,#521,.F.);
#1725 = ORIENTED_EDGE('',*,*,#610,.F.);
#1726 = ORIENTED_EDGE('',*,*,#1727,.F.);
#1727 = EDGE_CURVE('',#722,#562,#1728,.T.);
#1728 = SURFACE_CURVE('',#1729,(#1734,#1741),.PCURVE_S1.);
#1729 = CIRCLE('',#1730,0.178483262658);
#1730 = AXIS2_PLACEMENT_3D('',#1731,#1732,#1733);
#1731 = CARTESIAN_POINT('',(-3.827156133808E-02,-1.5873015E-02,
    -0.216754835172));
#1732 = DIRECTION('',(-0.,1.,0.));
#1733 = DIRECTION('',(-1.,-0.,6.261579225383E-08));
#1734 = PCURVE('',#545,#1735);
#1735 = DEFINITIONAL_REPRESENTATION('',(#1736),#1740);
#1736 = LINE('',#1737,#1738);
#1737 = CARTESIAN_POINT('',(0.,0.));
#1738 = VECTOR('',#1739,1.);
#1739 = DIRECTION('',(1.,0.));
#1740 = ( GEOMETRIC_REPRESENTATION_CONTEXT(2) 
PARAMETRIC_REPRESENTATION_CONTEXT() REPRESENTATION_CONTEXT('2D SPACE',''
  ) );
#1741 = PCURVE('',#591,#1742);
#1742 = DEFINITIONAL_REPRESENTATION('',(#1743),#1747);
#1743 = LINE('',#1744,#1745);
#1744 = CARTESIAN_POINT('',(-0.,0.));
#1745 = VECTOR('',#1746,1.);
#1746 = DIRECTION('',(-1.,0.));
#1747 = ( GEOMETRIC_REPRESENTATION_CONTEXT(2) 
PARAMETRIC_REPRESENTATION_CONTEXT() REPRESENTATION_CONTEXT('2D SPACE',''
  ) );
#1748 = ORIENTED_EDGE('',*,*,#721,.F.);
#1749 = ORIENTED_EDGE('',*,*,#800,.F.);
#1750 = ADVANCED_FACE('',(#1751),#591,.F.);
#1751 = FACE_BOUND('',#1752,.T.);
#1752 = EDGE_LOOP('',(#1753,#1754,#1780,#1781,#1807,#1808,#1809,#1810));
#1753 = ORIENTED_EDGE('',*,*,#1624,.F.);
#1754 = ORIENTED_EDGE('',*,*,#1755,.T.);
#1755 = EDGE_CURVE('',#1625,#1408,#1756,.T.);
#1756 = SURFACE_CURVE('',#1757,(#1761,#1768),.PCURVE_S1.);
#1757 = LINE('',#1758,#1759);
#1758 = CARTESIAN_POINT('',(-0.210117010692,-1.5873015E-02,
    -0.168532261772));
#1759 = VECTOR('',#1760,1.);
#1760 = DIRECTION('',(-0.,1.,-0.));
#1761 = PCURVE('',#591,#1762);
#1762 = DEFINITIONAL_REPRESENTATION('',(#1763),#1767);
#1763 = LINE('',#1764,#1765);
#1764 = CARTESIAN_POINT('',(-0.273579715967,0.));
#1765 = VECTOR('',#1766,1.);
#1766 = DIRECTION('',(-0.,-1.));
#1767 = ( GEOMETRIC_REPRESENTATION_CONTEXT(2) 
PARAMETRIC_REPRESENTATION_CONTEXT() REPRESENTATION_CONTEXT('2D SPACE',''
  ) );
#1768 = PCURVE('',#1769,#1774);
#1769 = CYLINDRICAL_SURFACE('',#1770,4.867724577586E-02);
#1770 = AXIS2_PLACEMENT_3D('',#1771,#1772,#1773);
#1771 = CARTESIAN_POINT('',(-0.216754807439,-1.5873015E-02,
    -0.216754807439));
#1772 = DIRECTION('',(0.,-1.,0.));
#1773 = DIRECTION('',(1.,0.,0.));
#1774 = DEFINITIONAL_REPRESENTATION('',(#1775),#1779);
#1775 = LINE('',#1776,#1777);
#1776 = CARTESIAN_POINT('',(1.434006696771,0.));
#1777 = VECTOR('',#1778,1.);
#1778 = DIRECTION('',(0.,-1.));
#1779 = ( GEOMETRIC_REPRESENTATION_CONTEXT(2) 
PARAMETRIC_REPRESENTATION_CONTEXT() REPRESENTATION_CONTEXT('2D SPACE',''
  ) );
#1780 = ORIENTED_EDGE('',*,*,#1436,.T.);
#1781 = ORIENTED_EDGE('',*,*,#1782,.F.);
#1782 = EDGE_CURVE('',#1676,#1437,#1783,.T.);
#1783 = SURFACE_CURVE('',#1784,(#1788,#1795),.PCURVE_S1.);
#1784 = LINE('',#1785,#1786);
#1785 = CARTESIAN_POINT('',(0.133573888287,-1.5873015E-02,
    -0.168532262737));
#1786 = VECTOR('',#1787,1.);
#1787 = DIRECTION('',(-0.,1.,-0.));
#1788 = PCURVE('',#591,#1789);
#1789 = DEFINITIONAL_REPRESENTATION('',(#1790),#1794);
#1790 = LINE('',#1791,#1792);
#1791 = CARTESIAN_POINT('',(-2.868012818009,0.));
#1792 = VECTOR('',#1793,1.);
#1793 = DIRECTION('',(-0.,-1.));
#1794 = ( GEOMETRIC_REPRESENTATION_CONTEXT(2) 
PARAMETRIC_REPRESENTATION_CONTEXT() REPRESENTATION_CONTEXT('2D SPACE',''
  ) );
#1795 = PCURVE('',#1796,#1801);
#1796 = CYLINDRICAL_SURFACE('',#1797,4.867724577586E-02);
#1797 = AXIS2_PLACEMENT_3D('',#1798,#1799,#1800);
#1798 = CARTESIAN_POINT('',(0.140211692048,-1.5873015E-02,
    -0.216754807439));
#1799 = DIRECTION('',(0.,-1.,0.));
#1800 = DIRECTION('',(1.,0.,0.));
#1801 = DEFINITIONAL_REPRESENTATION('',(#1802),#1806);
#1802 = LINE('',#1803,#1804);
#1803 = CARTESIAN_POINT('',(1.707586102271,0.));
#1804 = VECTOR('',#1805,1.);
#1805 = DIRECTION('',(0.,-1.));
#1806 = ( GEOMETRIC_REPRESENTATION_CONTEXT(2) 
PARAMETRIC_REPRESENTATION_CONTEXT() REPRESENTATION_CONTEXT('2D SPACE',''
  ) );
#1807 = ORIENTED_EDGE('',*,*,#1703,.F.);
#1808 = ORIENTED_EDGE('',*,*,#561,.T.);
#1809 = ORIENTED_EDGE('',*,*,#1727,.F.);
#1810 = ORIENTED_EDGE('',*,*,#756,.T.);
#1811 = ADVANCED_FACE('',(#1812),#972,.F.);
#1812 = FACE_BOUND('',#1813,.F.);
#1813 = EDGE_LOOP('',(#1814,#1815,#1816,#1839));
#1814 = ORIENTED_EDGE('',*,*,#956,.T.);
#1815 = ORIENTED_EDGE('',*,*,#1010,.T.);
#1816 = ORIENTED_EDGE('',*,*,#1817,.F.);
#1817 = EDGE_CURVE('',#1818,#1011,#1820,.T.);
#1818 = VERTEX_POINT('',#1819);
#1819 = CARTESIAN_POINT('',(-0.216754823996,-1.5873015E-02,
    -0.395238101555));
#1820 = SURFACE_CURVE('',#1821,(#1825,#1832),.PCURVE_S1.);
#1821 = LINE('',#1822,#1823);
#1822 = CARTESIAN_POINT('',(-0.216754823996,-1.5873015E-02,
    -0.395238101555));
#1823 = VECTOR('',#1824,1.);
#1824 = DIRECTION('',(0.,-1.,0.));
#1825 = PCURVE('',#972,#1826);
#1826 = DEFINITIONAL_REPRESENTATION('',(#1827),#1831);
#1827 = LINE('',#1828,#1829);
#1828 = CARTESIAN_POINT('',(0.178483277559,0.));
#1829 = VECTOR('',#1830,1.);
#1830 = DIRECTION('',(0.,-1.));
#1831 = ( GEOMETRIC_REPRESENTATION_CONTEXT(2) 
PARAMETRIC_REPRESENTATION_CONTEXT() REPRESENTATION_CONTEXT('2D SPACE',''
  ) );
#1832 = PCURVE('',#1049,#1833);
#1833 = DEFINITIONAL_REPRESENTATION('',(#1834),#1838);
#1834 = LINE('',#1835,#1836);
#1835 = CARTESIAN_POINT('',(0.,0.));
#1836 = VECTOR('',#1837,1.);
#1837 = DIRECTION('',(0.,-1.));
#1838 = ( GEOMETRIC_REPRESENTATION_CONTEXT(2) 
PARAMETRIC_REPRESENTATION_CONTEXT() REPRESENTATION_CONTEXT('2D SPACE',''
  ) );
#1839 = ORIENTED_EDGE('',*,*,#1840,.F.);
#1840 = EDGE_CURVE('',#957,#1818,#1841,.T.);
#1841 = SURFACE_CURVE('',#1842,(#1846,#1853),.PCURVE_S1.);
#1842 = LINE('',#1843,#1844);
#1843 = CARTESIAN_POINT('',(-0.395238101555,-1.5873015E-02,
    -0.395238101555));
#1844 = VECTOR('',#1845,1.);
#1845 = DIRECTION('',(1.,0.,0.));
#1846 = PCURVE('',#972,#1847);
#1847 = DEFINITIONAL_REPRESENTATION('',(#1848),#1852);
#1848 = LINE('',#1849,#1850);
#1849 = CARTESIAN_POINT('',(0.,0.));
#1850 = VECTOR('',#1851,1.);
#1851 = DIRECTION('',(1.,0.));
#1852 = ( GEOMETRIC_REPRESENTATION_CONTEXT(2) 
PARAMETRIC_REPRESENTATION_CONTEXT() REPRESENTATION_CONTEXT('2D SPACE',''
  ) );
#1853 = PCURVE('',#1338,#1854);
#1854 = DEFINITIONAL_REPRESENTATION('',(#1855),#1859);
#1855 = LINE('',#1856,#1857);
#1856 = CARTESIAN_POINT('',(0.,0.));
#1857 = VECTOR('',#1858,1.);
#1858 = DIRECTION('',(1.,0.));
#1859 = ( GEOMETRIC_REPRESENTATION_CONTEXT(2) 
PARAMETRIC_REPRESENTATION_CONTEXT() REPRESENTATION_CONTEXT('2D SPACE',''
  ) );
#1860 = ADVANCED_FACE('',(#1861),#1215,.F.);
#1861 = FACE_BOUND('',#1862,.F.);
#1862 = EDGE_LOOP('',(#1863,#1886,#1887,#1888));
#1863 = ORIENTED_EDGE('',*,*,#1864,.T.);
#1864 = EDGE_CURVE('',#1865,#1172,#1867,.T.);
#1865 = VERTEX_POINT('',#1866);
#1866 = CARTESIAN_POINT('',(0.14021170132,-1.5873015E-02,-0.395238101555
    ));
#1867 = SURFACE_CURVE('',#1868,(#1872,#1879),.PCURVE_S1.);
#1868 = LINE('',#1869,#1870);
#1869 = CARTESIAN_POINT('',(0.14021170132,-1.5873015E-02,-0.395238101555
    ));
#1870 = VECTOR('',#1871,1.);
#1871 = DIRECTION('',(0.,-1.,0.));
#1872 = PCURVE('',#1215,#1873);
#1873 = DEFINITIONAL_REPRESENTATION('',(#1874),#1878);
#1874 = LINE('',#1875,#1876);
#1875 = CARTESIAN_POINT('',(0.,0.));
#1876 = VECTOR('',#1877,1.);
#1877 = DIRECTION('',(0.,-1.));
#1878 = ( GEOMETRIC_REPRESENTATION_CONTEXT(2) 
PARAMETRIC_REPRESENTATION_CONTEXT() REPRESENTATION_CONTEXT('2D SPACE',''
  ) );
#1879 = PCURVE('',#1187,#1880);
#1880 = DEFINITIONAL_REPRESENTATION('',(#1881),#1885);
#1881 = LINE('',#1882,#1883);
#1882 = CARTESIAN_POINT('',(0.12980604834,0.));
#1883 = VECTOR('',#1884,1.);
#1884 = DIRECTION('',(0.,-1.));
#1885 = ( GEOMETRIC_REPRESENTATION_CONTEXT(2) 
PARAMETRIC_REPRESENTATION_CONTEXT() REPRESENTATION_CONTEXT('2D SPACE',''
  ) );
#1886 = ORIENTED_EDGE('',*,*,#1199,.T.);
#1887 = ORIENTED_EDGE('',*,*,#1251,.F.);
#1888 = ORIENTED_EDGE('',*,*,#1889,.F.);
#1889 = EDGE_CURVE('',#1865,#1252,#1890,.T.);
#1890 = SURFACE_CURVE('',#1891,(#1895,#1902),.PCURVE_S1.);
#1891 = LINE('',#1892,#1893);
#1892 = CARTESIAN_POINT('',(0.14021170132,-1.5873015E-02,-0.395238101555
    ));
#1893 = VECTOR('',#1894,1.);
#1894 = DIRECTION('',(1.,0.,0.));
#1895 = PCURVE('',#1215,#1896);
#1896 = DEFINITIONAL_REPRESENTATION('',(#1897),#1901);
#1897 = LINE('',#1898,#1899);
#1898 = CARTESIAN_POINT('',(0.,0.));
#1899 = VECTOR('',#1900,1.);
#1900 = DIRECTION('',(1.,0.));
#1901 = ( GEOMETRIC_REPRESENTATION_CONTEXT(2) 
PARAMETRIC_REPRESENTATION_CONTEXT() REPRESENTATION_CONTEXT('2D SPACE',''
  ) );
#1902 = PCURVE('',#1561,#1903);
#1903 = DEFINITIONAL_REPRESENTATION('',(#1904),#1908);
#1904 = LINE('',#1905,#1906);
#1905 = CARTESIAN_POINT('',(0.,0.));
#1906 = VECTOR('',#1907,1.);
#1907 = DIRECTION('',(1.,0.));
#1908 = ( GEOMETRIC_REPRESENTATION_CONTEXT(2) 
PARAMETRIC_REPRESENTATION_CONTEXT() REPRESENTATION_CONTEXT('2D SPACE',''
  ) );
#1909 = ADVANCED_FACE('',(#1910),#1187,.F.);
#1910 = FACE_BOUND('',#1911,.F.);
#1911 = EDGE_LOOP('',(#1912,#1935,#1936,#1937));
#1912 = ORIENTED_EDGE('',*,*,#1913,.T.);
#1913 = EDGE_CURVE('',#1914,#1148,#1916,.T.);
#1914 = VERTEX_POINT('',#1915);
#1915 = CARTESIAN_POINT('',(0.14021170132,-1.5873015E-02,-0.265432053215
    ));
#1916 = SURFACE_CURVE('',#1917,(#1921,#1928),.PCURVE_S1.);
#1917 = LINE('',#1918,#1919);
#1918 = CARTESIAN_POINT('',(0.14021170132,-1.5873015E-02,-0.265432053215
    ));
#1919 = VECTOR('',#1920,1.);
#1920 = DIRECTION('',(0.,-1.,0.));
#1921 = PCURVE('',#1187,#1922);
#1922 = DEFINITIONAL_REPRESENTATION('',(#1923),#1927);
#1923 = LINE('',#1924,#1925);
#1924 = CARTESIAN_POINT('',(0.,0.));
#1925 = VECTOR('',#1926,1.);
#1926 = DIRECTION('',(0.,-1.));
#1927 = ( GEOMETRIC_REPRESENTATION_CONTEXT(2) 
PARAMETRIC_REPRESENTATION_CONTEXT() REPRESENTATION_CONTEXT('2D SPACE',''
  ) );
#1928 = PCURVE('',#1691,#1929);
#1929 = DEFINITIONAL_REPRESENTATION('',(#1930),#1934);
#1930 = LINE('',#1931,#1932);
#1931 = CARTESIAN_POINT('',(-4.71238917086,0.));
#1932 = VECTOR('',#1933,1.);
#1933 = DIRECTION('',(-0.,-1.));
#1934 = ( GEOMETRIC_REPRESENTATION_CONTEXT(2) 
PARAMETRIC_REPRESENTATION_CONTEXT() REPRESENTATION_CONTEXT('2D SPACE',''
  ) );
#1935 = ORIENTED_EDGE('',*,*,#1171,.T.);
#1936 = ORIENTED_EDGE('',*,*,#1864,.F.);
#1937 = ORIENTED_EDGE('',*,*,#1938,.F.);
#1938 = EDGE_CURVE('',#1914,#1865,#1939,.T.);
#1939 = SURFACE_CURVE('',#1940,(#1944,#1951),.PCURVE_S1.);
#1940 = LINE('',#1941,#1942);
#1941 = CARTESIAN_POINT('',(0.14021170132,-1.5873015E-02,-0.216754823996
    ));
#1942 = VECTOR('',#1943,1.);
#1943 = DIRECTION('',(0.,0.,-1.));
#1944 = PCURVE('',#1187,#1945);
#1945 = DEFINITIONAL_REPRESENTATION('',(#1946),#1950);
#1946 = LINE('',#1947,#1948);
#1947 = CARTESIAN_POINT('',(-4.867722921901E-02,0.));
#1948 = VECTOR('',#1949,1.);
#1949 = DIRECTION('',(1.,0.));
#1950 = ( GEOMETRIC_REPRESENTATION_CONTEXT(2) 
PARAMETRIC_REPRESENTATION_CONTEXT() REPRESENTATION_CONTEXT('2D SPACE',''
  ) );
#1951 = PCURVE('',#1533,#1952);
#1952 = DEFINITIONAL_REPRESENTATION('',(#1953),#1957);
#1953 = LINE('',#1954,#1955);
#1954 = CARTESIAN_POINT('',(-4.867722921901E-02,0.));
#1955 = VECTOR('',#1956,1.);
#1956 = DIRECTION('',(1.,0.));
#1957 = ( GEOMETRIC_REPRESENTATION_CONTEXT(2) 
PARAMETRIC_REPRESENTATION_CONTEXT() REPRESENTATION_CONTEXT('2D SPACE',''
  ) );
#1958 = ADVANCED_FACE('',(#1959),#1135,.T.);
#1959 = FACE_BOUND('',#1960,.T.);
#1960 = EDGE_LOOP('',(#1961,#1962,#1984));
#1961 = ORIENTED_EDGE('',*,*,#1118,.T.);
#1962 = ORIENTED_EDGE('',*,*,#1963,.T.);
#1963 = EDGE_CURVE('',#1091,#1148,#1964,.T.);
#1964 = SURFACE_CURVE('',#1965,(#1970,#1977),.PCURVE_S1.);
#1965 = CIRCLE('',#1966,4.867724577586E-02);
#1966 = AXIS2_PLACEMENT_3D('',#1967,#1968,#1969);
#1967 = CARTESIAN_POINT('',(0.140211692048,-0.190476235,-0.216754807439)
  );
#1968 = DIRECTION('',(0.,-1.,0.));
#1969 = DIRECTION('',(1.,0.,0.));
#1970 = PCURVE('',#1135,#1971);
#1971 = DEFINITIONAL_REPRESENTATION('',(#1972),#1976);
#1972 = CIRCLE('',#1973,4.867724577586E-02);
#1973 = AXIS2_PLACEMENT_2D('',#1974,#1975);
#1974 = CARTESIAN_POINT('',(0.156084707048,-0.200881792439));
#1975 = DIRECTION('',(1.,0.));
#1976 = ( GEOMETRIC_REPRESENTATION_CONTEXT(2) 
PARAMETRIC_REPRESENTATION_CONTEXT() REPRESENTATION_CONTEXT('2D SPACE',''
  ) );
#1977 = PCURVE('',#1691,#1978);
#1978 = DEFINITIONAL_REPRESENTATION('',(#1979),#1983);
#1979 = LINE('',#1980,#1981);
#1980 = CARTESIAN_POINT('',(-0.,-0.17460322));
#1981 = VECTOR('',#1982,1.);
#1982 = DIRECTION('',(-1.,0.));
#1983 = ( GEOMETRIC_REPRESENTATION_CONTEXT(2) 
PARAMETRIC_REPRESENTATION_CONTEXT() REPRESENTATION_CONTEXT('2D SPACE',''
  ) );
#1984 = ORIENTED_EDGE('',*,*,#1147,.T.);
#1985 = ADVANCED_FACE('',(#1986),#1078,.T.);
#1986 = FACE_BOUND('',#1987,.T.);
#1987 = EDGE_LOOP('',(#1988,#2012,#2013));
#1988 = ORIENTED_EDGE('',*,*,#1989,.T.);
#1989 = EDGE_CURVE('',#1990,#1062,#1992,.T.);
#1990 = VERTEX_POINT('',#1991);
#1991 = CARTESIAN_POINT('',(-0.168077561663,-0.190476235,-0.216754807439
    ));
#1992 = SURFACE_CURVE('',#1993,(#1998,#2005),.PCURVE_S1.);
#1993 = CIRCLE('',#1994,4.867724577586E-02);
#1994 = AXIS2_PLACEMENT_3D('',#1995,#1996,#1997);
#1995 = CARTESIAN_POINT('',(-0.216754807439,-0.190476235,-0.216754807439
    ));
#1996 = DIRECTION('',(0.,-1.,0.));
#1997 = DIRECTION('',(1.,0.,0.));
#1998 = PCURVE('',#1078,#1999);
#1999 = DEFINITIONAL_REPRESENTATION('',(#2000),#2004);
#2000 = CIRCLE('',#2001,4.867724577586E-02);
#2001 = AXIS2_PLACEMENT_2D('',#2002,#2003);
#2002 = CARTESIAN_POINT('',(-0.200881792439,-0.200881792439));
#2003 = DIRECTION('',(1.,0.));
#2004 = ( GEOMETRIC_REPRESENTATION_CONTEXT(2) 
PARAMETRIC_REPRESENTATION_CONTEXT() REPRESENTATION_CONTEXT('2D SPACE',''
  ) );
#2005 = PCURVE('',#1662,#2006);
#2006 = DEFINITIONAL_REPRESENTATION('',(#2007),#2011);
#2007 = LINE('',#2008,#2009);
#2008 = CARTESIAN_POINT('',(-0.,-0.17460322));
#2009 = VECTOR('',#2010,1.);
#2010 = DIRECTION('',(-1.,0.));
#2011 = ( GEOMETRIC_REPRESENTATION_CONTEXT(2) 
PARAMETRIC_REPRESENTATION_CONTEXT() REPRESENTATION_CONTEXT('2D SPACE',''
  ) );
#2012 = ORIENTED_EDGE('',*,*,#1061,.T.);
#2013 = ORIENTED_EDGE('',*,*,#2014,.T.);
#2014 = EDGE_CURVE('',#1034,#1990,#2015,.T.);
#2015 = SURFACE_CURVE('',#2016,(#2021,#2028),.PCURVE_S1.);
#2016 = CIRCLE('',#2017,4.867724577586E-02);
#2017 = AXIS2_PLACEMENT_3D('',#2018,#2019,#2020);
#2018 = CARTESIAN_POINT('',(-0.216754807439,-0.190476235,-0.216754807439
    ));
#2019 = DIRECTION('',(0.,-1.,0.));
#2020 = DIRECTION('',(1.,0.,0.));
#2021 = PCURVE('',#1078,#2022);
#2022 = DEFINITIONAL_REPRESENTATION('',(#2023),#2027);
#2023 = CIRCLE('',#2024,4.867724577586E-02);
#2024 = AXIS2_PLACEMENT_2D('',#2025,#2026);
#2025 = CARTESIAN_POINT('',(-0.200881792439,-0.200881792439));
#2026 = DIRECTION('',(1.,0.));
#2027 = ( GEOMETRIC_REPRESENTATION_CONTEXT(2) 
PARAMETRIC_REPRESENTATION_CONTEXT() REPRESENTATION_CONTEXT('2D SPACE',''
  ) );
#2028 = PCURVE('',#2029,#2034);
#2029 = CYLINDRICAL_SURFACE('',#2030,4.867724577586E-02);
#2030 = AXIS2_PLACEMENT_3D('',#2031,#2032,#2033);
#2031 = CARTESIAN_POINT('',(-0.216754807439,-1.5873015E-02,
    -0.216754807439));
#2032 = DIRECTION('',(-0.,1.,-0.));
#2033 = DIRECTION('',(1.,0.,0.));
#2034 = DEFINITIONAL_REPRESENTATION('',(#2035),#2039);
#2035 = LINE('',#2036,#2037);
#2036 = CARTESIAN_POINT('',(-0.,-0.17460322));
#2037 = VECTOR('',#2038,1.);
#2038 = DIRECTION('',(-1.,0.));
#2039 = ( GEOMETRIC_REPRESENTATION_CONTEXT(2) 
PARAMETRIC_REPRESENTATION_CONTEXT() REPRESENTATION_CONTEXT('2D SPACE',''
  ) );
#2040 = ADVANCED_FACE('',(#2041),#1049,.F.);
#2041 = FACE_BOUND('',#2042,.F.);
#2042 = EDGE_LOOP('',(#2043,#2044,#2045,#2068));
#2043 = ORIENTED_EDGE('',*,*,#1817,.T.);
#2044 = ORIENTED_EDGE('',*,*,#1033,.T.);
#2045 = ORIENTED_EDGE('',*,*,#2046,.F.);
#2046 = EDGE_CURVE('',#2047,#1034,#2049,.T.);
#2047 = VERTEX_POINT('',#2048);
#2048 = CARTESIAN_POINT('',(-0.216754823996,-1.5873015E-02,
    -0.265432053215));
#2049 = SURFACE_CURVE('',#2050,(#2054,#2061),.PCURVE_S1.);
#2050 = LINE('',#2051,#2052);
#2051 = CARTESIAN_POINT('',(-0.216754823996,-1.5873015E-02,
    -0.265432053215));
#2052 = VECTOR('',#2053,1.);
#2053 = DIRECTION('',(0.,-1.,0.));
#2054 = PCURVE('',#1049,#2055);
#2055 = DEFINITIONAL_REPRESENTATION('',(#2056),#2060);
#2056 = LINE('',#2057,#2058);
#2057 = CARTESIAN_POINT('',(0.12980604834,0.));
#2058 = VECTOR('',#2059,1.);
#2059 = DIRECTION('',(0.,-1.));
#2060 = ( GEOMETRIC_REPRESENTATION_CONTEXT(2) 
PARAMETRIC_REPRESENTATION_CONTEXT() REPRESENTATION_CONTEXT('2D SPACE',''
  ) );
#2061 = PCURVE('',#2029,#2062);
#2062 = DEFINITIONAL_REPRESENTATION('',(#2063),#2067);
#2063 = LINE('',#2064,#2065);
#2064 = CARTESIAN_POINT('',(-4.712388640249,0.));
#2065 = VECTOR('',#2066,1.);
#2066 = DIRECTION('',(-0.,-1.));
#2067 = ( GEOMETRIC_REPRESENTATION_CONTEXT(2) 
PARAMETRIC_REPRESENTATION_CONTEXT() REPRESENTATION_CONTEXT('2D SPACE',''
  ) );
#2068 = ORIENTED_EDGE('',*,*,#2069,.F.);
#2069 = EDGE_CURVE('',#1818,#2047,#2070,.T.);
#2070 = SURFACE_CURVE('',#2071,(#2075,#2082),.PCURVE_S1.);
#2071 = LINE('',#2072,#2073);
#2072 = CARTESIAN_POINT('',(-0.216754823996,-1.5873015E-02,
    -0.395238101555));
#2073 = VECTOR('',#2074,1.);
#2074 = DIRECTION('',(0.,0.,1.));
#2075 = PCURVE('',#1049,#2076);
#2076 = DEFINITIONAL_REPRESENTATION('',(#2077),#2081);
#2077 = LINE('',#2078,#2079);
#2078 = CARTESIAN_POINT('',(0.,0.));
#2079 = VECTOR('',#2080,1.);
#2080 = DIRECTION('',(1.,0.));
#2081 = ( GEOMETRIC_REPRESENTATION_CONTEXT(2) 
PARAMETRIC_REPRESENTATION_CONTEXT() REPRESENTATION_CONTEXT('2D SPACE',''
  ) );
#2082 = PCURVE('',#1395,#2083);
#2083 = DEFINITIONAL_REPRESENTATION('',(#2084),#2088);
#2084 = LINE('',#2085,#2086);
#2085 = CARTESIAN_POINT('',(0.,0.));
#2086 = VECTOR('',#2087,1.);
#2087 = DIRECTION('',(1.,0.));
#2088 = ( GEOMETRIC_REPRESENTATION_CONTEXT(2) 
PARAMETRIC_REPRESENTATION_CONTEXT() REPRESENTATION_CONTEXT('2D SPACE',''
  ) );
#2089 = ADVANCED_FACE('',(#2090),#1338,.T.);
#2090 = FACE_BOUND('',#2091,.T.);
#2091 = EDGE_LOOP('',(#2092,#2093,#2094,#2115));
#2092 = ORIENTED_EDGE('',*,*,#1324,.T.);
#2093 = ORIENTED_EDGE('',*,*,#1356,.T.);
#2094 = ORIENTED_EDGE('',*,*,#2095,.F.);
#2095 = EDGE_CURVE('',#1818,#1357,#2096,.T.);
#2096 = SURFACE_CURVE('',#2097,(#2101,#2108),.PCURVE_S1.);
#2097 = LINE('',#2098,#2099);
#2098 = CARTESIAN_POINT('',(-0.216754823996,-1.5873015E-02,
    -0.395238101555));
#2099 = VECTOR('',#2100,1.);
#2100 = DIRECTION('',(-0.,1.,-0.));
#2101 = PCURVE('',#1338,#2102);
#2102 = DEFINITIONAL_REPRESENTATION('',(#2103),#2107);
#2103 = LINE('',#2104,#2105);
#2104 = CARTESIAN_POINT('',(0.178483277559,0.));
#2105 = VECTOR('',#2106,1.);
#2106 = DIRECTION('',(0.,-1.));
#2107 = ( GEOMETRIC_REPRESENTATION_CONTEXT(2) 
PARAMETRIC_REPRESENTATION_CONTEXT() REPRESENTATION_CONTEXT('2D SPACE',''
  ) );
#2108 = PCURVE('',#1395,#2109);
#2109 = DEFINITIONAL_REPRESENTATION('',(#2110),#2114);
#2110 = LINE('',#2111,#2112);
#2111 = CARTESIAN_POINT('',(0.,0.));
#2112 = VECTOR('',#2113,1.);
#2113 = DIRECTION('',(0.,-1.));
#2114 = ( GEOMETRIC_REPRESENTATION_CONTEXT(2) 
PARAMETRIC_REPRESENTATION_CONTEXT() REPRESENTATION_CONTEXT('2D SPACE',''
  ) );
#2115 = ORIENTED_EDGE('',*,*,#1840,.F.);
#2116 = ADVANCED_FACE('',(#2117),#1561,.T.);
#2117 = FACE_BOUND('',#2118,.T.);
#2118 = EDGE_LOOP('',(#2119,#2140,#2141,#2142));
#2119 = ORIENTED_EDGE('',*,*,#2120,.T.);
#2120 = EDGE_CURVE('',#1865,#1518,#2121,.T.);
#2121 = SURFACE_CURVE('',#2122,(#2126,#2133),.PCURVE_S1.);
#2122 = LINE('',#2123,#2124);
#2123 = CARTESIAN_POINT('',(0.14021170132,-1.5873015E-02,-0.395238101555
    ));
#2124 = VECTOR('',#2125,1.);
#2125 = DIRECTION('',(-0.,1.,-0.));
#2126 = PCURVE('',#1561,#2127);
#2127 = DEFINITIONAL_REPRESENTATION('',(#2128),#2132);
#2128 = LINE('',#2129,#2130);
#2129 = CARTESIAN_POINT('',(0.,0.));
#2130 = VECTOR('',#2131,1.);
#2131 = DIRECTION('',(0.,-1.));
#2132 = ( GEOMETRIC_REPRESENTATION_CONTEXT(2) 
PARAMETRIC_REPRESENTATION_CONTEXT() REPRESENTATION_CONTEXT('2D SPACE',''
  ) );
#2133 = PCURVE('',#1533,#2134);
#2134 = DEFINITIONAL_REPRESENTATION('',(#2135),#2139);
#2135 = LINE('',#2136,#2137);
#2136 = CARTESIAN_POINT('',(0.12980604834,0.));
#2137 = VECTOR('',#2138,1.);
#2138 = DIRECTION('',(0.,-1.));
#2139 = ( GEOMETRIC_REPRESENTATION_CONTEXT(2) 
PARAMETRIC_REPRESENTATION_CONTEXT() REPRESENTATION_CONTEXT('2D SPACE',''
  ) );
#2140 = ORIENTED_EDGE('',*,*,#1545,.T.);
#2141 = ORIENTED_EDGE('',*,*,#1597,.F.);
#2142 = ORIENTED_EDGE('',*,*,#1889,.F.);
#2143 = ADVANCED_FACE('',(#2144),#1533,.T.);
#2144 = FACE_BOUND('',#2145,.T.);
#2145 = EDGE_LOOP('',(#2146,#2167,#2168,#2169));
#2146 = ORIENTED_EDGE('',*,*,#2147,.T.);
#2147 = EDGE_CURVE('',#1914,#1494,#2148,.T.);
#2148 = SURFACE_CURVE('',#2149,(#2153,#2160),.PCURVE_S1.);
#2149 = LINE('',#2150,#2151);
#2150 = CARTESIAN_POINT('',(0.14021170132,-1.5873015E-02,-0.265432053215
    ));
#2151 = VECTOR('',#2152,1.);
#2152 = DIRECTION('',(-0.,1.,-0.));
#2153 = PCURVE('',#1533,#2154);
#2154 = DEFINITIONAL_REPRESENTATION('',(#2155),#2159);
#2155 = LINE('',#2156,#2157);
#2156 = CARTESIAN_POINT('',(0.,0.));
#2157 = VECTOR('',#2158,1.);
#2158 = DIRECTION('',(0.,-1.));
#2159 = ( GEOMETRIC_REPRESENTATION_CONTEXT(2) 
PARAMETRIC_REPRESENTATION_CONTEXT() REPRESENTATION_CONTEXT('2D SPACE',''
  ) );
#2160 = PCURVE('',#1796,#2161);
#2161 = DEFINITIONAL_REPRESENTATION('',(#2162),#2166);
#2162 = LINE('',#2163,#2164);
#2163 = CARTESIAN_POINT('',(4.71238917086,0.));
#2164 = VECTOR('',#2165,1.);
#2165 = DIRECTION('',(0.,-1.));
#2166 = ( GEOMETRIC_REPRESENTATION_CONTEXT(2) 
PARAMETRIC_REPRESENTATION_CONTEXT() REPRESENTATION_CONTEXT('2D SPACE',''
  ) );
#2167 = ORIENTED_EDGE('',*,*,#1517,.T.);
#2168 = ORIENTED_EDGE('',*,*,#2120,.F.);
#2169 = ORIENTED_EDGE('',*,*,#1938,.F.);
#2170 = ADVANCED_FACE('',(#2171),#1481,.F.);
#2171 = FACE_BOUND('',#2172,.F.);
#2172 = EDGE_LOOP('',(#2173,#2174,#2196));
#2173 = ORIENTED_EDGE('',*,*,#1464,.T.);
#2174 = ORIENTED_EDGE('',*,*,#2175,.T.);
#2175 = EDGE_CURVE('',#1437,#1494,#2176,.T.);
#2176 = SURFACE_CURVE('',#2177,(#2182,#2189),.PCURVE_S1.);
#2177 = CIRCLE('',#2178,4.867724577586E-02);
#2178 = AXIS2_PLACEMENT_3D('',#2179,#2180,#2181);
#2179 = CARTESIAN_POINT('',(0.140211692048,0.190476185,-0.216754807439)
  );
#2180 = DIRECTION('',(0.,-1.,0.));
#2181 = DIRECTION('',(1.,0.,0.));
#2182 = PCURVE('',#1481,#2183);
#2183 = DEFINITIONAL_REPRESENTATION('',(#2184),#2188);
#2184 = CIRCLE('',#2185,4.867724577586E-02);
#2185 = AXIS2_PLACEMENT_2D('',#2186,#2187);
#2186 = CARTESIAN_POINT('',(0.156084707048,-0.200881792439));
#2187 = DIRECTION('',(1.,0.));
#2188 = ( GEOMETRIC_REPRESENTATION_CONTEXT(2) 
PARAMETRIC_REPRESENTATION_CONTEXT() REPRESENTATION_CONTEXT('2D SPACE',''
  ) );
#2189 = PCURVE('',#1796,#2190);
#2190 = DEFINITIONAL_REPRESENTATION('',(#2191),#2195);
#2191 = LINE('',#2192,#2193);
#2192 = CARTESIAN_POINT('',(0.,-0.2063492));
#2193 = VECTOR('',#2194,1.);
#2194 = DIRECTION('',(1.,0.));
#2195 = ( GEOMETRIC_REPRESENTATION_CONTEXT(2) 
PARAMETRIC_REPRESENTATION_CONTEXT() REPRESENTATION_CONTEXT('2D SPACE',''
  ) );
#2196 = ORIENTED_EDGE('',*,*,#1493,.T.);
#2197 = ADVANCED_FACE('',(#2198),#1424,.F.);
#2198 = FACE_BOUND('',#2199,.F.);
#2199 = EDGE_LOOP('',(#2200,#2224,#2225));
#2200 = ORIENTED_EDGE('',*,*,#2201,.T.);
#2201 = EDGE_CURVE('',#2202,#1408,#2204,.T.);
#2202 = VERTEX_POINT('',#2203);
#2203 = CARTESIAN_POINT('',(-0.168077561663,0.190476185,-0.216754807439)
  );
#2204 = SURFACE_CURVE('',#2205,(#2210,#2217),.PCURVE_S1.);
#2205 = CIRCLE('',#2206,4.867724577586E-02);
#2206 = AXIS2_PLACEMENT_3D('',#2207,#2208,#2209);
#2207 = CARTESIAN_POINT('',(-0.216754807439,0.190476185,-0.216754807439)
  );
#2208 = DIRECTION('',(0.,-1.,0.));
#2209 = DIRECTION('',(1.,0.,0.));
#2210 = PCURVE('',#1424,#2211);
#2211 = DEFINITIONAL_REPRESENTATION('',(#2212),#2216);
#2212 = CIRCLE('',#2213,4.867724577586E-02);
#2213 = AXIS2_PLACEMENT_2D('',#2214,#2215);
#2214 = CARTESIAN_POINT('',(-0.200881792439,-0.200881792439));
#2215 = DIRECTION('',(1.,0.));
#2216 = ( GEOMETRIC_REPRESENTATION_CONTEXT(2) 
PARAMETRIC_REPRESENTATION_CONTEXT() REPRESENTATION_CONTEXT('2D SPACE',''
  ) );
#2217 = PCURVE('',#1769,#2218);
#2218 = DEFINITIONAL_REPRESENTATION('',(#2219),#2223);
#2219 = LINE('',#2220,#2221);
#2220 = CARTESIAN_POINT('',(0.,-0.2063492));
#2221 = VECTOR('',#2222,1.);
#2222 = DIRECTION('',(1.,0.));
#2223 = ( GEOMETRIC_REPRESENTATION_CONTEXT(2) 
PARAMETRIC_REPRESENTATION_CONTEXT() REPRESENTATION_CONTEXT('2D SPACE',''
  ) );
#2224 = ORIENTED_EDGE('',*,*,#1407,.T.);
#2225 = ORIENTED_EDGE('',*,*,#2226,.T.);
#2226 = EDGE_CURVE('',#1380,#2202,#2227,.T.);
#2227 = SURFACE_CURVE('',#2228,(#2233,#2240),.PCURVE_S1.);
#2228 = CIRCLE('',#2229,4.867724577586E-02);
#2229 = AXIS2_PLACEMENT_3D('',#2230,#2231,#2232);
#2230 = CARTESIAN_POINT('',(-0.216754807439,0.190476185,-0.216754807439)
  );
#2231 = DIRECTION('',(0.,-1.,0.));
#2232 = DIRECTION('',(1.,0.,0.));
#2233 = PCURVE('',#1424,#2234);
#2234 = DEFINITIONAL_REPRESENTATION('',(#2235),#2239);
#2235 = CIRCLE('',#2236,4.867724577586E-02);
#2236 = AXIS2_PLACEMENT_2D('',#2237,#2238);
#2237 = CARTESIAN_POINT('',(-0.200881792439,-0.200881792439));
#2238 = DIRECTION('',(1.,0.));
#2239 = ( GEOMETRIC_REPRESENTATION_CONTEXT(2) 
PARAMETRIC_REPRESENTATION_CONTEXT() REPRESENTATION_CONTEXT('2D SPACE',''
  ) );
#2240 = PCURVE('',#2241,#2246);
#2241 = CYLINDRICAL_SURFACE('',#2242,4.867724577586E-02);
#2242 = AXIS2_PLACEMENT_3D('',#2243,#2244,#2245);
#2243 = CARTESIAN_POINT('',(-0.216754807439,-1.5873015E-02,
    -0.216754807439));
#2244 = DIRECTION('',(0.,-1.,0.));
#2245 = DIRECTION('',(1.,0.,0.));
#2246 = DEFINITIONAL_REPRESENTATION('',(#2247),#2251);
#2247 = LINE('',#2248,#2249);
#2248 = CARTESIAN_POINT('',(0.,-0.2063492));
#2249 = VECTOR('',#2250,1.);
#2250 = DIRECTION('',(1.,0.));
#2251 = ( GEOMETRIC_REPRESENTATION_CONTEXT(2) 
PARAMETRIC_REPRESENTATION_CONTEXT() REPRESENTATION_CONTEXT('2D SPACE',''
  ) );
#2252 = ADVANCED_FACE('',(#2253),#1395,.T.);
#2253 = FACE_BOUND('',#2254,.T.);
#2254 = EDGE_LOOP('',(#2255,#2256,#2257,#2278));
#2255 = ORIENTED_EDGE('',*,*,#2095,.T.);
#2256 = ORIENTED_EDGE('',*,*,#1379,.T.);
#2257 = ORIENTED_EDGE('',*,*,#2258,.F.);
#2258 = EDGE_CURVE('',#2047,#1380,#2259,.T.);
#2259 = SURFACE_CURVE('',#2260,(#2264,#2271),.PCURVE_S1.);
#2260 = LINE('',#2261,#2262);
#2261 = CARTESIAN_POINT('',(-0.216754823996,-1.5873015E-02,
    -0.265432053215));
#2262 = VECTOR('',#2263,1.);
#2263 = DIRECTION('',(-0.,1.,-0.));
#2264 = PCURVE('',#1395,#2265);
#2265 = DEFINITIONAL_REPRESENTATION('',(#2266),#2270);
#2266 = LINE('',#2267,#2268);
#2267 = CARTESIAN_POINT('',(0.12980604834,0.));
#2268 = VECTOR('',#2269,1.);
#2269 = DIRECTION('',(0.,-1.));
#2270 = ( GEOMETRIC_REPRESENTATION_CONTEXT(2) 
PARAMETRIC_REPRESENTATION_CONTEXT() REPRESENTATION_CONTEXT('2D SPACE',''
  ) );
#2271 = PCURVE('',#2241,#2272);
#2272 = DEFINITIONAL_REPRESENTATION('',(#2273),#2277);
#2273 = LINE('',#2274,#2275);
#2274 = CARTESIAN_POINT('',(4.712388640249,0.));
#2275 = VECTOR('',#2276,1.);
#2276 = DIRECTION('',(0.,-1.));
#2277 = ( GEOMETRIC_REPRESENTATION_CONTEXT(2) 
PARAMETRIC_REPRESENTATION_CONTEXT() REPRESENTATION_CONTEXT('2D SPACE',''
  ) );
#2278 = ORIENTED_EDGE('',*,*,#2069,.F.);
#2279 = ADVANCED_FACE('',(#2280),#1691,.T.);
#2280 = FACE_BOUND('',#2281,.F.);
#2281 = EDGE_LOOP('',(#2282,#2283,#2284,#2285));
#2282 = ORIENTED_EDGE('',*,*,#1675,.T.);
#2283 = ORIENTED_EDGE('',*,*,#1963,.T.);
#2284 = ORIENTED_EDGE('',*,*,#1913,.F.);
#2285 = ORIENTED_EDGE('',*,*,#2286,.F.);
#2286 = EDGE_CURVE('',#1676,#1914,#2287,.T.);
#2287 = SURFACE_CURVE('',#2288,(#2293,#2300),.PCURVE_S1.);
#2288 = CIRCLE('',#2289,4.867724577586E-02);
#2289 = AXIS2_PLACEMENT_3D('',#2290,#2291,#2292);
#2290 = CARTESIAN_POINT('',(0.140211692048,-1.5873015E-02,
    -0.216754807439));
#2291 = DIRECTION('',(0.,-1.,0.));
#2292 = DIRECTION('',(1.,0.,0.));
#2293 = PCURVE('',#1691,#2294);
#2294 = DEFINITIONAL_REPRESENTATION('',(#2295),#2299);
#2295 = LINE('',#2296,#2297);
#2296 = CARTESIAN_POINT('',(-0.,0.));
#2297 = VECTOR('',#2298,1.);
#2298 = DIRECTION('',(-1.,0.));
#2299 = ( GEOMETRIC_REPRESENTATION_CONTEXT(2) 
PARAMETRIC_REPRESENTATION_CONTEXT() REPRESENTATION_CONTEXT('2D SPACE',''
  ) );
#2300 = PCURVE('',#1796,#2301);
#2301 = DEFINITIONAL_REPRESENTATION('',(#2302),#2306);
#2302 = LINE('',#2303,#2304);
#2303 = CARTESIAN_POINT('',(0.,0.));
#2304 = VECTOR('',#2305,1.);
#2305 = DIRECTION('',(1.,0.));
#2306 = ( GEOMETRIC_REPRESENTATION_CONTEXT(2) 
PARAMETRIC_REPRESENTATION_CONTEXT() REPRESENTATION_CONTEXT('2D SPACE',''
  ) );
#2307 = ADVANCED_FACE('',(#2308),#1662,.T.);
#2308 = FACE_BOUND('',#2309,.F.);
#2309 = EDGE_LOOP('',(#2310,#2334,#2357,#2526,#2547,#2548));
#2310 = ORIENTED_EDGE('',*,*,#2311,.F.);
#2311 = EDGE_CURVE('',#2312,#1625,#2314,.T.);
#2312 = VERTEX_POINT('',#2313);
#2313 = CARTESIAN_POINT('',(-0.168077561663,-1.5873015E-02,
    -0.216754807439));
#2314 = SURFACE_CURVE('',#2315,(#2320,#2327),.PCURVE_S1.);
#2315 = CIRCLE('',#2316,4.867724577586E-02);
#2316 = AXIS2_PLACEMENT_3D('',#2317,#2318,#2319);
#2317 = CARTESIAN_POINT('',(-0.216754807439,-1.5873015E-02,
    -0.216754807439));
#2318 = DIRECTION('',(0.,-1.,0.));
#2319 = DIRECTION('',(1.,0.,0.));
#2320 = PCURVE('',#1662,#2321);
#2321 = DEFINITIONAL_REPRESENTATION('',(#2322),#2326);
#2322 = LINE('',#2323,#2324);
#2323 = CARTESIAN_POINT('',(-0.,0.));
#2324 = VECTOR('',#2325,1.);
#2325 = DIRECTION('',(-1.,0.));
#2326 = ( GEOMETRIC_REPRESENTATION_CONTEXT(2) 
PARAMETRIC_REPRESENTATION_CONTEXT() REPRESENTATION_CONTEXT('2D SPACE',''
  ) );
#2327 = PCURVE('',#1769,#2328);
#2328 = DEFINITIONAL_REPRESENTATION('',(#2329),#2333);
#2329 = LINE('',#2330,#2331);
#2330 = CARTESIAN_POINT('',(0.,0.));
#2331 = VECTOR('',#2332,1.);
#2332 = DIRECTION('',(1.,0.));
#2333 = ( GEOMETRIC_REPRESENTATION_CONTEXT(2) 
PARAMETRIC_REPRESENTATION_CONTEXT() REPRESENTATION_CONTEXT('2D SPACE',''
  ) );
#2334 = ORIENTED_EDGE('',*,*,#2335,.T.);
#2335 = EDGE_CURVE('',#2312,#2336,#2338,.T.);
#2336 = VERTEX_POINT('',#2337);
#2337 = CARTESIAN_POINT('',(-0.168077561663,-2.423469748496E-02,
    -0.216754807439));
#2338 = SURFACE_CURVE('',#2339,(#2343,#2350),.PCURVE_S1.);
#2339 = LINE('',#2340,#2341);
#2340 = CARTESIAN_POINT('',(-0.168077561663,-1.5873015E-02,
    -0.216754807439));
#2341 = VECTOR('',#2342,1.);
#2342 = DIRECTION('',(0.,-1.,0.));
#2343 = PCURVE('',#1662,#2344);
#2344 = DEFINITIONAL_REPRESENTATION('',(#2345),#2349);
#2345 = LINE('',#2346,#2347);
#2346 = CARTESIAN_POINT('',(-0.,0.));
#2347 = VECTOR('',#2348,1.);
#2348 = DIRECTION('',(-0.,-1.));
#2349 = ( GEOMETRIC_REPRESENTATION_CONTEXT(2) 
PARAMETRIC_REPRESENTATION_CONTEXT() REPRESENTATION_CONTEXT('2D SPACE',''
  ) );
#2350 = PCURVE('',#2029,#2351);
#2351 = DEFINITIONAL_REPRESENTATION('',(#2352),#2356);
#2352 = LINE('',#2353,#2354);
#2353 = CARTESIAN_POINT('',(-6.28318530718,0.));
#2354 = VECTOR('',#2355,1.);
#2355 = DIRECTION('',(-0.,-1.));
#2356 = ( GEOMETRIC_REPRESENTATION_CONTEXT(2) 
PARAMETRIC_REPRESENTATION_CONTEXT() REPRESENTATION_CONTEXT('2D SPACE',''
  ) );
#2357 = ORIENTED_EDGE('',*,*,#2358,.T.);
#2358 = EDGE_CURVE('',#2336,#2359,#2361,.T.);
#2359 = VERTEX_POINT('',#2360);
#2360 = CARTESIAN_POINT('',(-0.168077561663,-3.961003642925E-02,
    -0.216754807439));
#2361 = SURFACE_CURVE('',#2362,(#2413,#2467),.PCURVE_S1.);
#2362 = B_SPLINE_CURVE_WITH_KNOTS('',5,(#2363,#2364,#2365,#2366,#2367,
    #2368,#2369,#2370,#2371,#2372,#2373,#2374,#2375,#2376,#2377,#2378,
    #2379,#2380,#2381,#2382,#2383,#2384,#2385,#2386,#2387,#2388,#2389,
    #2390,#2391,#2392,#2393,#2394,#2395,#2396,#2397,#2398,#2399,#2400,
    #2401,#2402,#2403,#2404,#2405,#2406,#2407,#2408,#2409,#2410,#2411,
    #2412),.UNSPECIFIED.,.F.,.F.,(6,4,4,4,4,4,4,4,4,4,4,4,6),(0.,
    6.810254353113E-02,0.115200926001,0.187197053174,0.252770601961,
    0.312747208038,0.499998869212,0.686997100518,0.746806316436,
    0.812098077577,0.882954448668,0.930702130075,1.),.UNSPECIFIED.);
#2363 = CARTESIAN_POINT('',(-0.168077561663,-2.423469748496E-02,
    -0.216754807439));
#2364 = CARTESIAN_POINT('',(-0.168077561663,-2.423469748496E-02,
    -0.215991398934));
#2365 = CARTESIAN_POINT('',(-0.168092565452,-2.426558217245E-02,
    -0.21523069947));
#2366 = CARTESIAN_POINT('',(-0.168122219484,-2.432695489731E-02,
    -0.214485382807));
#2367 = CARTESIAN_POINT('',(-0.168164542752,-2.441594234267E-02,
    -0.213767244731));
#2368 = CARTESIAN_POINT('',(-0.168251462987,-2.460413435059E-02,
    -0.212616899576));
#2369 = CARTESIAN_POINT('',(-0.168291450005,-2.469191595738E-02,
    -0.212163551141));
#2370 = CARTESIAN_POINT('',(-0.168335014547,-2.478935572832E-02,
    -0.211727880368));
#2371 = CARTESIAN_POINT('',(-0.168381322838,-2.48952809406E-02,
    -0.211310375184));
#2372 = CARTESIAN_POINT('',(-0.16850334906,-2.518164562148E-02,
    -0.210301232364));
#2373 = CARTESIAN_POINT('',(-0.168581732299,-2.537200205802E-02,
    -0.209733762389));
#2374 = CARTESIAN_POINT('',(-0.16866231745,-2.557631629238E-02,
    -0.209206992203));
#2375 = CARTESIAN_POINT('',(-0.168743290414,-2.579210294972E-02,
    -0.208718657487));
#2376 = CARTESIAN_POINT('',(-0.168896431795,-2.622312259199E-02,
    -0.207853945093));
#2377 = CARTESIAN_POINT('',(-0.16896872992,-2.643668199695E-02,
    -0.207471476482));
#2378 = CARTESIAN_POINT('',(-0.169039415876,-2.665710299688E-02,
    -0.207116789423));
#2379 = CARTESIAN_POINT('',(-0.169107792511,-2.688341307306E-02,
    -0.206788220497));
#2380 = CARTESIAN_POINT('',(-0.169233369175,-2.732666020198E-02,
    -0.206206442611));
#2381 = CARTESIAN_POINT('',(-0.169291014382,-2.75427286585E-02,
    -0.205949206839));
#2382 = CARTESIAN_POINT('',(-0.169345935197,-2.77625656695E-02,
    -0.205711604249));
#2383 = CARTESIAN_POINT('',(-0.16939783035,-2.798570029241E-02,
    -0.205492762616));
#2384 = CARTESIAN_POINT('',(-0.16959835826,-2.891748174579E-02,
    -0.204665161514));
#2385 = CARTESIAN_POINT('',(-0.169718827046,-2.965295994357E-02,
    -0.204213211242));
#2386 = CARTESIAN_POINT('',(-0.169800285593,-3.040379398144E-02,
    -0.203918391291));
#2387 = CARTESIAN_POINT('',(-0.169841238267,-3.116252274341E-02,
    -0.203770536807));
#2388 = CARTESIAN_POINT('',(-0.169841238267,-3.268118278356E-02,
    -0.203770536807));
#2389 = CARTESIAN_POINT('',(-0.169800396445,-3.343889484379E-02,
    -0.20391799136));
#2390 = CARTESIAN_POINT('',(-0.16971915566,-3.418873249448E-02,
    -0.204212021438));
#2391 = CARTESIAN_POINT('',(-0.169599010201,-3.49232707898E-02,
    -0.204662716273));
#2392 = CARTESIAN_POINT('',(-0.169399046882,-3.585368109582E-02,
    -0.205487664464));
#2393 = CARTESIAN_POINT('',(-0.169347356679,-3.607625816682E-02,
    -0.205705535248));
#2394 = CARTESIAN_POINT('',(-0.169292653625,-3.629556241654E-02,
    -0.205942050927));
#2395 = CARTESIAN_POINT('',(-0.169235235597,-3.651112775975E-02,
    -0.206198074451));
#2396 = CARTESIAN_POINT('',(-0.16911024344,-3.695304777577E-02,
    -0.206776571532));
#2397 = CARTESIAN_POINT('',(-0.169042233194,-3.717855695417E-02,
    -0.207102971602));
#2398 = CARTESIAN_POINT('',(-0.168971919994,-3.739824635143E-02,
    -0.207455230303));
#2399 = CARTESIAN_POINT('',(-0.168899988368,-3.761116054347E-02,
    -0.207834985412));
#2400 = CARTESIAN_POINT('',(-0.168748489711,-3.803845172794E-02,
    -0.208688142747));
#2401 = CARTESIAN_POINT('',(-0.168668828073,-3.825134615918E-02,
    -0.209166625656));
#2402 = CARTESIAN_POINT('',(-0.16858946741,-3.845324751645E-02,
    -0.209682297986));
#2403 = CARTESIAN_POINT('',(-0.168512114707,-3.864181970382E-02,
    -0.210237335144));
#2404 = CARTESIAN_POINT('',(-0.16838984206,-3.892985964837E-02,
    -0.211235013717));
#2405 = CARTESIAN_POINT('',(-0.16834253624,-3.903841142726E-02,
    -0.211655541991));
#2406 = CARTESIAN_POINT('',(-0.168297962088,-3.913836719806E-02,
    -0.212094750647));
#2407 = CARTESIAN_POINT('',(-0.168256980323,-3.922851730707E-02,
    -0.212552193458));
#2408 = CARTESIAN_POINT('',(-0.168167553562,-3.942245136115E-02,
    -0.213716544218));
#2409 = CARTESIAN_POINT('',(-0.168123790634,-3.951451589638E-02,
    -0.214446029227));
#2410 = CARTESIAN_POINT('',(-0.168093088466,-3.957806788376E-02,
    -0.215204057891));
#2411 = CARTESIAN_POINT('',(-0.168077561663,-3.961003642925E-02,
    -0.215978127056));
#2412 = CARTESIAN_POINT('',(-0.168077561663,-3.961003642925E-02,
    -0.216754807439));
#2413 = PCURVE('',#1662,#2414);
#2414 = DEFINITIONAL_REPRESENTATION('',(#2415),#2466);
#2415 = B_SPLINE_CURVE_WITH_KNOTS('',5,(#2416,#2417,#2418,#2419,#2420,
    #2421,#2422,#2423,#2424,#2425,#2426,#2427,#2428,#2429,#2430,#2431,
    #2432,#2433,#2434,#2435,#2436,#2437,#2438,#2439,#2440,#2441,#2442,
    #2443,#2444,#2445,#2446,#2447,#2448,#2449,#2450,#2451,#2452,#2453,
    #2454,#2455,#2456,#2457,#2458,#2459,#2460,#2461,#2462,#2463,#2464,
    #2465),.UNSPECIFIED.,.F.,.F.,(6,4,4,4,4,4,4,4,4,4,4,4,6),(0.,
    6.810254353113E-02,0.115200926001,0.187197053174,0.252770601961,
    0.312747208038,0.499998869212,0.686997100518,0.746806316436,
    0.812098077577,0.882954448668,0.930702130075,1.),.UNSPECIFIED.);
#2416 = CARTESIAN_POINT('',(0.,-8.361682484964E-03));
#2417 = CARTESIAN_POINT('',(-1.568306695858E-02,-8.361682484964E-03));
#2418 = CARTESIAN_POINT('',(-3.13101673664E-02,-8.392567172449E-03));
#2419 = CARTESIAN_POINT('',(-4.663024128114E-02,-8.453939897307E-03));
#2420 = CARTESIAN_POINT('',(-6.140658008418E-02,-8.542927342665E-03));
#2421 = CARTESIAN_POINT('',(-8.510603791173E-02,-8.731119350593E-03));
#2422 = CARTESIAN_POINT('',(-9.445482306183E-02,-8.818900957375E-03));
#2423 = CARTESIAN_POINT('',(-0.103448884065,-8.916340728321E-03));
#2424 = CARTESIAN_POINT('',(-0.112078079354,-9.022265940601E-03));
#2425 = CARTESIAN_POINT('',(-0.132960398743,-9.30863062148E-03));
#2426 = CARTESIAN_POINT('',(-0.144727330337,-9.498987058023E-03));
#2427 = CARTESIAN_POINT('',(-0.155673433538,-9.703301292378E-03));
#2428 = CARTESIAN_POINT('',(-0.165842010575,-9.919087949724E-03));
#2429 = CARTESIAN_POINT('',(-0.183882645876,-1.035010759199E-02));
#2430 = CARTESIAN_POINT('',(-0.191878535941,-1.056366699695E-02));
#2431 = CARTESIAN_POINT('',(-0.199307865382,-1.078408799688E-02));
#2432 = CARTESIAN_POINT('',(-0.206202276567,-1.101039807306E-02));
#2433 = CARTESIAN_POINT('',(-0.218429271782,-1.145364520198E-02));
#2434 = CARTESIAN_POINT('',(-0.223844699726,-1.16697136585E-02));
#2435 = CARTESIAN_POINT('',(-0.228854440121,-1.18895506695E-02));
#2436 = CARTESIAN_POINT('',(-0.233474843298,-1.211268529241E-02));
#2437 = CARTESIAN_POINT('',(-0.250968614607,-1.304446674579E-02));
#2438 = CARTESIAN_POINT('',(-0.260575127757,-1.377994494357E-02));
#2439 = CARTESIAN_POINT('',(-0.266859432993,-1.453077898144E-02));
#2440 = CARTESIAN_POINT('',(-0.270011061435,-1.528950774341E-02));
#2441 = CARTESIAN_POINT('',(-0.270011061435,-1.680816778356E-02));
#2442 = CARTESIAN_POINT('',(-0.26686795728,-1.756587984379E-02));
#2443 = CARTESIAN_POINT('',(-0.260600490524,-1.831571749448E-02));
#2444 = CARTESIAN_POINT('',(-0.251020589632,-1.90502557898E-02));
#2445 = CARTESIAN_POINT('',(-0.233582516934,-1.998066609582E-02));
#2446 = CARTESIAN_POINT('',(-0.228982491174,-2.020324316682E-02));
#2447 = CARTESIAN_POINT('',(-0.223995511531,-2.042254741654E-02));
#2448 = CARTESIAN_POINT('',(-0.218605402952,-2.063811275975E-02));
#2449 = CARTESIAN_POINT('',(-0.206446822893,-2.108003277577E-02));
#2450 = CARTESIAN_POINT('',(-0.199597563851,-2.130554195417E-02));
#2451 = CARTESIAN_POINT('',(-0.192218645837,-2.152523135143E-02));
#2452 = CARTESIAN_POINT('',(-0.184278917905,-2.173814554347E-02));
#2453 = CARTESIAN_POINT('',(-0.166477909576,-2.216543672794E-02));
#2454 = CARTESIAN_POINT('',(-0.156513378899,-2.237833115918E-02));
#2455 = CARTESIAN_POINT('',(-0.145796347891,-2.258023251645E-02));
#2456 = CARTESIAN_POINT('',(-0.134285211413,-2.276880470382E-02));
#2457 = CARTESIAN_POINT('',(-0.113636069814,-2.305684464837E-02));
#2458 = CARTESIAN_POINT('',(-0.104942885401,-2.316539642726E-02));
#2459 = CARTESIAN_POINT('',(-9.587445131205E-02,-2.326535219806E-02));
#2460 = CARTESIAN_POINT('',(-8.644009606956E-02,-2.335550230707E-02));
#2461 = CARTESIAN_POINT('',(-6.244983414585E-02,-2.354943636115E-02));
#2462 = CARTESIAN_POINT('',(-4.743919980441E-02,-2.364150089638E-02));
#2463 = CARTESIAN_POINT('',(-3.185748991474E-02,-2.370505288376E-02));
#2464 = CARTESIAN_POINT('',(-1.595571752865E-02,-2.373702142925E-02));
#2465 = CARTESIAN_POINT('',(0.,-2.373702142925E-02));
#2466 = ( GEOMETRIC_REPRESENTATION_CONTEXT(2) 
PARAMETRIC_REPRESENTATION_CONTEXT() REPRESENTATION_CONTEXT('2D SPACE',''
  ) );
#2467 = PCURVE('',#2468,#2473);
#2468 = CYLINDRICAL_SURFACE('',#2469,1.763668490781E-02);
#2469 = AXIS2_PLACEMENT_3D('',#2470,#2471,#2472);
#2470 = CARTESIAN_POINT('',(-0.152204553359,-3.192236695711E-02,
    0.49206352));
#2471 = DIRECTION('',(0.,0.,1.));
#2472 = DIRECTION('',(1.,0.,-0.));
#2473 = DEFINITIONAL_REPRESENTATION('',(#2474),#2525);
#2474 = B_SPLINE_CURVE_WITH_KNOTS('',5,(#2475,#2476,#2477,#2478,#2479,
    #2480,#2481,#2482,#2483,#2484,#2485,#2486,#2487,#2488,#2489,#2490,
    #2491,#2492,#2493,#2494,#2495,#2496,#2497,#2498,#2499,#2500,#2501,
    #2502,#2503,#2504,#2505,#2506,#2507,#2508,#2509,#2510,#2511,#2512,
    #2513,#2514,#2515,#2516,#2517,#2518,#2519,#2520,#2521,#2522,#2523,
    #2524),.UNSPECIFIED.,.F.,.F.,(6,4,4,4,4,4,4,4,4,4,4,4,6),(0.,
    6.810254353113E-02,0.115200926001,0.187197053174,0.252770601961,
    0.312747208038,0.499998869212,0.686997100518,0.746806316436,
    0.812098077577,0.882954448668,0.930702130075,1.),.UNSPECIFIED.);
#2475 = CARTESIAN_POINT('',(2.690564786485,-0.708818327439));
#2476 = CARTESIAN_POINT('',(2.690564786485,-0.708054918934));
#2477 = CARTESIAN_POINT('',(2.69251175596,-0.70729421947));
#2478 = CARTESIAN_POINT('',(2.696376331089,-0.706548902807));
#2479 = CARTESIAN_POINT('',(2.701963304869,-0.705830764731));
#2480 = CARTESIAN_POINT('',(2.713716950408,-0.704680419576));
#2481 = CARTESIAN_POINT('',(2.719186172564,-0.704227071141));
#2482 = CARTESIAN_POINT('',(2.725237816872,-0.703791400368));
#2483 = CARTESIAN_POINT('',(2.731792363257,-0.703373895184));
#2484 = CARTESIAN_POINT('',(2.749441928719,-0.702364752364));
#2485 = CARTESIAN_POINT('',(2.761113415657,-0.701797282389));
#2486 = CARTESIAN_POINT('',(2.773564623353,-0.701270512203));
#2487 = CARTESIAN_POINT('',(2.786630663511,-0.700782177487));
#2488 = CARTESIAN_POINT('',(2.812566200491,-0.699917465093));
#2489 = CARTESIAN_POINT('',(2.825348613676,-0.699534996482));
#2490 = CARTESIAN_POINT('',(2.838471092272,-0.699180309423));
#2491 = CARTESIAN_POINT('',(2.851873701829,-0.698851740497));
#2492 = CARTESIAN_POINT('',(2.877994961759,-0.698269962611));
#2493 = CARTESIAN_POINT('',(2.890673034012,-0.698012726839));
#2494 = CARTESIAN_POINT('',(2.903518698894,-0.697775124249));
#2495 = CARTESIAN_POINT('',(2.916506293826,-0.697556282616));
#2496 = CARTESIAN_POINT('',(2.97054790998,-0.696728681514));
#2497 = CARTESIAN_POINT('',(3.012752778871,-0.696276731242));
#2498 = CARTESIAN_POINT('',(3.055488892794,-0.695981911291));
#2499 = CARTESIAN_POINT('',(3.09850948815,-0.695834056807));
#2500 = CARTESIAN_POINT('',(3.184617509475,-0.695834056807));
#2501 = CARTESIAN_POINT('',(3.227580450023,-0.69598151136));
#2502 = CARTESIAN_POINT('',(3.270259427672,-0.696275541438));
#2503 = CARTESIAN_POINT('',(3.312408927125,-0.696726236273));
#2504 = CARTESIAN_POINT('',(3.366367806307,-0.697551184464));
#2505 = CARTESIAN_POINT('',(3.379321992472,-0.697769055248));
#2506 = CARTESIAN_POINT('',(3.392135374978,-0.698005570927));
#2507 = CARTESIAN_POINT('',(3.404782575969,-0.698261594451));
#2508 = CARTESIAN_POINT('',(3.430822406725,-0.698840091532));
#2509 = CARTESIAN_POINT('',(3.444175564066,-0.699166491602));
#2510 = CARTESIAN_POINT('',(3.457252113793,-0.699518750303));
#2511 = CARTESIAN_POINT('',(3.469993226837,-0.699898505412));
#2512 = CARTESIAN_POINT('',(3.495698382119,-0.700751662747));
#2513 = CARTESIAN_POINT('',(3.508584864477,-0.701230145656));
#2514 = CARTESIAN_POINT('',(3.520883405711,-0.701745817986));
#2515 = CARTESIAN_POINT('',(3.532439126813,-0.702300855144));
#2516 = CARTESIAN_POINT('',(3.550181570917,-0.703298533717));
#2517 = CARTESIAN_POINT('',(3.556895213785,-0.703719061991));
#2518 = CARTESIAN_POINT('',(3.563100441628,-0.704158270647));
#2519 = CARTESIAN_POINT('',(3.568715251236,-0.704615713458));
#2520 = CARTESIAN_POINT('',(3.580824061583,-0.705780064218));
#2521 = CARTESIAN_POINT('',(3.586603650322,-0.706509549227));
#2522 = CARTESIAN_POINT('',(3.590605320975,-0.707267577891));
#2523 = CARTESIAN_POINT('',(3.592620520695,-0.708041647056));
#2524 = CARTESIAN_POINT('',(3.592620520695,-0.708818327439));
#2525 = ( GEOMETRIC_REPRESENTATION_CONTEXT(2) 
PARAMETRIC_REPRESENTATION_CONTEXT() REPRESENTATION_CONTEXT('2D SPACE',''
  ) );
#2526 = ORIENTED_EDGE('',*,*,#2527,.T.);
#2527 = EDGE_CURVE('',#2359,#1990,#2528,.T.);
#2528 = SURFACE_CURVE('',#2529,(#2533,#2540),.PCURVE_S1.);
#2529 = LINE('',#2530,#2531);
#2530 = CARTESIAN_POINT('',(-0.168077561663,-1.5873015E-02,
    -0.216754807439));
#2531 = VECTOR('',#2532,1.);
#2532 = DIRECTION('',(0.,-1.,0.));
#2533 = PCURVE('',#1662,#2534);
#2534 = DEFINITIONAL_REPRESENTATION('',(#2535),#2539);
#2535 = LINE('',#2536,#2537);
#2536 = CARTESIAN_POINT('',(-0.,0.));
#2537 = VECTOR('',#2538,1.);
#2538 = DIRECTION('',(-0.,-1.));
#2539 = ( GEOMETRIC_REPRESENTATION_CONTEXT(2) 
PARAMETRIC_REPRESENTATION_CONTEXT() REPRESENTATION_CONTEXT('2D SPACE',''
  ) );
#2540 = PCURVE('',#2029,#2541);
#2541 = DEFINITIONAL_REPRESENTATION('',(#2542),#2546);
#2542 = LINE('',#2543,#2544);
#2543 = CARTESIAN_POINT('',(-6.28318530718,0.));
#2544 = VECTOR('',#2545,1.);
#2545 = DIRECTION('',(-0.,-1.));
#2546 = ( GEOMETRIC_REPRESENTATION_CONTEXT(2) 
PARAMETRIC_REPRESENTATION_CONTEXT() REPRESENTATION_CONTEXT('2D SPACE',''
  ) );
#2547 = ORIENTED_EDGE('',*,*,#1989,.T.);
#2548 = ORIENTED_EDGE('',*,*,#1648,.F.);
#2549 = ADVANCED_FACE('',(#2550),#1796,.T.);
#2550 = FACE_BOUND('',#2551,.T.);
#2551 = EDGE_LOOP('',(#2552,#2553,#2554,#2555));
#2552 = ORIENTED_EDGE('',*,*,#1782,.T.);
#2553 = ORIENTED_EDGE('',*,*,#2175,.T.);
#2554 = ORIENTED_EDGE('',*,*,#2147,.F.);
#2555 = ORIENTED_EDGE('',*,*,#2286,.F.);
#2556 = ADVANCED_FACE('',(#2557),#1769,.T.);
#2557 = FACE_BOUND('',#2558,.T.);
#2558 = EDGE_LOOP('',(#2559,#2580,#2581,#2582));
#2559 = ORIENTED_EDGE('',*,*,#2560,.T.);
#2560 = EDGE_CURVE('',#2312,#2202,#2561,.T.);
#2561 = SURFACE_CURVE('',#2562,(#2566,#2573),.PCURVE_S1.);
#2562 = LINE('',#2563,#2564);
#2563 = CARTESIAN_POINT('',(-0.168077561663,-1.5873015E-02,
    -0.216754807439));
#2564 = VECTOR('',#2565,1.);
#2565 = DIRECTION('',(-0.,1.,-0.));
#2566 = PCURVE('',#1769,#2567);
#2567 = DEFINITIONAL_REPRESENTATION('',(#2568),#2572);
#2568 = LINE('',#2569,#2570);
#2569 = CARTESIAN_POINT('',(0.,0.));
#2570 = VECTOR('',#2571,1.);
#2571 = DIRECTION('',(0.,-1.));
#2572 = ( GEOMETRIC_REPRESENTATION_CONTEXT(2) 
PARAMETRIC_REPRESENTATION_CONTEXT() REPRESENTATION_CONTEXT('2D SPACE',''
  ) );
#2573 = PCURVE('',#2241,#2574);
#2574 = DEFINITIONAL_REPRESENTATION('',(#2575),#2579);
#2575 = LINE('',#2576,#2577);
#2576 = CARTESIAN_POINT('',(6.28318530718,0.));
#2577 = VECTOR('',#2578,1.);
#2578 = DIRECTION('',(0.,-1.));
#2579 = ( GEOMETRIC_REPRESENTATION_CONTEXT(2) 
PARAMETRIC_REPRESENTATION_CONTEXT() REPRESENTATION_CONTEXT('2D SPACE',''
  ) );
#2580 = ORIENTED_EDGE('',*,*,#2201,.T.);
#2581 = ORIENTED_EDGE('',*,*,#1755,.F.);
#2582 = ORIENTED_EDGE('',*,*,#2311,.F.);
#2583 = ADVANCED_FACE('',(#2584),#2029,.T.);
#2584 = FACE_BOUND('',#2585,.F.);
#2585 = EDGE_LOOP('',(#2586,#2608,#2609,#2610,#2611,#2773));
#2586 = ORIENTED_EDGE('',*,*,#2587,.F.);
#2587 = EDGE_CURVE('',#2047,#2312,#2588,.T.);
#2588 = SURFACE_CURVE('',#2589,(#2594,#2601),.PCURVE_S1.);
#2589 = CIRCLE('',#2590,4.867724577586E-02);
#2590 = AXIS2_PLACEMENT_3D('',#2591,#2592,#2593);
#2591 = CARTESIAN_POINT('',(-0.216754807439,-1.5873015E-02,
    -0.216754807439));
#2592 = DIRECTION('',(0.,-1.,0.));
#2593 = DIRECTION('',(1.,0.,0.));
#2594 = PCURVE('',#2029,#2595);
#2595 = DEFINITIONAL_REPRESENTATION('',(#2596),#2600);
#2596 = LINE('',#2597,#2598);
#2597 = CARTESIAN_POINT('',(-0.,0.));
#2598 = VECTOR('',#2599,1.);
#2599 = DIRECTION('',(-1.,0.));
#2600 = ( GEOMETRIC_REPRESENTATION_CONTEXT(2) 
PARAMETRIC_REPRESENTATION_CONTEXT() REPRESENTATION_CONTEXT('2D SPACE',''
  ) );
#2601 = PCURVE('',#2241,#2602);
#2602 = DEFINITIONAL_REPRESENTATION('',(#2603),#2607);
#2603 = LINE('',#2604,#2605);
#2604 = CARTESIAN_POINT('',(0.,0.));
#2605 = VECTOR('',#2606,1.);
#2606 = DIRECTION('',(1.,0.));
#2607 = ( GEOMETRIC_REPRESENTATION_CONTEXT(2) 
PARAMETRIC_REPRESENTATION_CONTEXT() REPRESENTATION_CONTEXT('2D SPACE',''
  ) );
#2608 = ORIENTED_EDGE('',*,*,#2046,.T.);
#2609 = ORIENTED_EDGE('',*,*,#2014,.T.);
#2610 = ORIENTED_EDGE('',*,*,#2527,.F.);
#2611 = ORIENTED_EDGE('',*,*,#2612,.F.);
#2612 = EDGE_CURVE('',#2336,#2359,#2613,.T.);
#2613 = SURFACE_CURVE('',#2614,(#2665,#2719),.PCURVE_S1.);
#2614 = B_SPLINE_CURVE_WITH_KNOTS('',5,(#2615,#2616,#2617,#2618,#2619,
    #2620,#2621,#2622,#2623,#2624,#2625,#2626,#2627,#2628,#2629,#2630,
    #2631,#2632,#2633,#2634,#2635,#2636,#2637,#2638,#2639,#2640,#2641,
    #2642,#2643,#2644,#2645,#2646,#2647,#2648,#2649,#2650,#2651,#2652,
    #2653,#2654,#2655,#2656,#2657,#2658,#2659,#2660,#2661,#2662,#2663,
    #2664),.UNSPECIFIED.,.F.,.F.,(6,4,4,4,4,4,4,4,4,4,4,4,6),(0.,
    6.81026223416E-02,0.115201029454,0.18719714818,0.252770689314,
    0.312747288392,0.499998927714,0.686997137196,0.746806346135,
    0.812098099657,0.882954462478,0.930702138315,1.),.UNSPECIFIED.);
#2615 = CARTESIAN_POINT('',(-0.168077561663,-2.423469748496E-02,
    -0.216754807439));
#2616 = CARTESIAN_POINT('',(-0.168077561663,-2.423469748496E-02,
    -0.217518215944));
#2617 = CARTESIAN_POINT('',(-0.168092565452,-2.426558217245E-02,
    -0.218278915409));
#2618 = CARTESIAN_POINT('',(-0.168122219484,-2.432695489731E-02,
    -0.219024232072));
#2619 = CARTESIAN_POINT('',(-0.168164542752,-2.441594234267E-02,
    -0.219742370147));
#2620 = CARTESIAN_POINT('',(-0.168251462965,-2.460413430181E-02,
    -0.220892715004));
#2621 = CARTESIAN_POINT('',(-0.16829145003,-2.469191601401E-02,
    -0.221346063959));
#2622 = CARTESIAN_POINT('',(-0.168335014567,-2.478935577304E-02,
    -0.221781734753));
#2623 = CARTESIAN_POINT('',(-0.168381322807,-2.489528086799E-02,
    -0.222199239438));
#2624 = CARTESIAN_POINT('',(-0.16850334906,-2.518164562159E-02,
    -0.223208382516));
#2625 = CARTESIAN_POINT('',(-0.168581732299,-2.537200205791E-02,
    -0.223775852489));
#2626 = CARTESIAN_POINT('',(-0.16866231745,-2.557631629228E-02,
    -0.224302622676));
#2627 = CARTESIAN_POINT('',(-0.168743290414,-2.579210294987E-02,
    -0.224790957392));
#2628 = CARTESIAN_POINT('',(-0.168896431795,-2.622312259199E-02,
    -0.225655669785));
#2629 = CARTESIAN_POINT('',(-0.16896872992,-2.643668199695E-02,
    -0.226038138396));
#2630 = CARTESIAN_POINT('',(-0.169039415876,-2.665710299688E-02,
    -0.226392825455));
#2631 = CARTESIAN_POINT('',(-0.169107792511,-2.688341307306E-02,
    -0.226721394381));
#2632 = CARTESIAN_POINT('',(-0.169233369175,-2.732666020198E-02,
    -0.227303172268));
#2633 = CARTESIAN_POINT('',(-0.169291014382,-2.75427286585E-02,
    -0.22756040804));
#2634 = CARTESIAN_POINT('',(-0.169345935197,-2.77625656695E-02,
    -0.227798010629));
#2635 = CARTESIAN_POINT('',(-0.16939783035,-2.798570029241E-02,
    -0.228016852262));
#2636 = CARTESIAN_POINT('',(-0.16959835826,-2.891748174579E-02,
    -0.228844453365));
#2637 = CARTESIAN_POINT('',(-0.169718827046,-2.965295994357E-02,
    -0.229296403636));
#2638 = CARTESIAN_POINT('',(-0.169800285593,-3.040379398144E-02,
    -0.229591223588));
#2639 = CARTESIAN_POINT('',(-0.169841238267,-3.116252274341E-02,
    -0.229739078071));
#2640 = CARTESIAN_POINT('',(-0.169841238267,-3.268118278356E-02,
    -0.229739078071));
#2641 = CARTESIAN_POINT('',(-0.169800396445,-3.343889484379E-02,
    -0.229591623519));
#2642 = CARTESIAN_POINT('',(-0.16971915566,-3.418873249448E-02,
    -0.229297593441));
#2643 = CARTESIAN_POINT('',(-0.169599010201,-3.49232707898E-02,
    -0.228846898606));
#2644 = CARTESIAN_POINT('',(-0.169399046882,-3.585368109582E-02,
    -0.228021950415));
#2645 = CARTESIAN_POINT('',(-0.169347356679,-3.607625816682E-02,
    -0.227804079631));
#2646 = CARTESIAN_POINT('',(-0.169292653625,-3.629556241654E-02,
    -0.227567563952));
#2647 = CARTESIAN_POINT('',(-0.169235235597,-3.651112775975E-02,
    -0.227311540428));
#2648 = CARTESIAN_POINT('',(-0.16911024344,-3.695304777577E-02,
    -0.226733043347));
#2649 = CARTESIAN_POINT('',(-0.169042233194,-3.717855695417E-02,
    -0.226406643277));
#2650 = CARTESIAN_POINT('',(-0.168971919994,-3.739824635143E-02,
    -0.226054384575));
#2651 = CARTESIAN_POINT('',(-0.168899988368,-3.761116054347E-02,
    -0.225674629467));
#2652 = CARTESIAN_POINT('',(-0.168748489711,-3.803845172794E-02,
    -0.224821472132));
#2653 = CARTESIAN_POINT('',(-0.168668828073,-3.825134615918E-02,
    -0.224342989223));
#2654 = CARTESIAN_POINT('',(-0.16858946741,-3.845324751645E-02,
    -0.223827316893));
#2655 = CARTESIAN_POINT('',(-0.168512114707,-3.864181970382E-02,
    -0.223272279735));
#2656 = CARTESIAN_POINT('',(-0.16838984206,-3.892985964837E-02,
    -0.222274601162));
#2657 = CARTESIAN_POINT('',(-0.16834253624,-3.903841142726E-02,
    -0.221854072888));
#2658 = CARTESIAN_POINT('',(-0.168297962088,-3.913836719805E-02,
    -0.221414864231));
#2659 = CARTESIAN_POINT('',(-0.168256980323,-3.922851730707E-02,
    -0.220957421421));
#2660 = CARTESIAN_POINT('',(-0.168167553562,-3.942245136089E-02,
    -0.219793070662));
#2661 = CARTESIAN_POINT('',(-0.168123790634,-3.951451589642E-02,
    -0.21906358565));
#2662 = CARTESIAN_POINT('',(-0.168093088466,-3.957806788394E-02,
    -0.218305556986));
#2663 = CARTESIAN_POINT('',(-0.168077561663,-3.961003642925E-02,
    -0.217531487824));
#2664 = CARTESIAN_POINT('',(-0.168077561663,-3.961003642925E-02,
    -0.216754807439));
#2665 = PCURVE('',#2029,#2666);
#2666 = DEFINITIONAL_REPRESENTATION('',(#2667),#2718);
#2667 = B_SPLINE_CURVE_WITH_KNOTS('',5,(#2668,#2669,#2670,#2671,#2672,
    #2673,#2674,#2675,#2676,#2677,#2678,#2679,#2680,#2681,#2682,#2683,
    #2684,#2685,#2686,#2687,#2688,#2689,#2690,#2691,#2692,#2693,#2694,
    #2695,#2696,#2697,#2698,#2699,#2700,#2701,#2702,#2703,#2704,#2705,
    #2706,#2707,#2708,#2709,#2710,#2711,#2712,#2713,#2714,#2715,#2716,
    #2717),.UNSPECIFIED.,.F.,.F.,(6,4,4,4,4,4,4,4,4,4,4,4,6),(0.,
    6.81026223416E-02,0.115201029454,0.18719714818,0.252770689314,
    0.312747288392,0.499998927714,0.686997137196,0.746806346135,
    0.812098099657,0.882954462478,0.930702138315,1.),.UNSPECIFIED.);
#2668 = CARTESIAN_POINT('',(-6.28318530718,-8.361682484964E-03));
#2669 = CARTESIAN_POINT('',(-6.267502240221,-8.361682484964E-03));
#2670 = CARTESIAN_POINT('',(-6.251875139813,-8.392567172449E-03));
#2671 = CARTESIAN_POINT('',(-6.236555065898,-8.453939897307E-03));
#2672 = CARTESIAN_POINT('',(-6.221778727095,-8.542927342665E-03));
#2673 = CARTESIAN_POINT('',(-6.198079275411,-8.731119301811E-03));
#2674 = CARTESIAN_POINT('',(-6.188730479534,-8.818901014009E-03));
#2675 = CARTESIAN_POINT('',(-6.179736418107,-8.916340773039E-03));
#2676 = CARTESIAN_POINT('',(-6.171107233121,-9.022265867987E-03));
#2677 = CARTESIAN_POINT('',(-6.150224908428,-9.308630621594E-03));
#2678 = CARTESIAN_POINT('',(-6.138457976848,-9.498987057907E-03));
#2679 = CARTESIAN_POINT('',(-6.127511873648,-9.703301292276E-03));
#2680 = CARTESIAN_POINT('',(-6.117343296599,-9.919087949865E-03));
#2681 = CARTESIAN_POINT('',(-6.099302661303,-1.035010759199E-02));
#2682 = CARTESIAN_POINT('',(-6.091306771239,-1.056366699695E-02));
#2683 = CARTESIAN_POINT('',(-6.083877441797,-1.078408799688E-02));
#2684 = CARTESIAN_POINT('',(-6.076983030613,-1.101039807306E-02));
#2685 = CARTESIAN_POINT('',(-6.064756035397,-1.145364520198E-02));
#2686 = CARTESIAN_POINT('',(-6.059340607454,-1.16697136585E-02));
#2687 = CARTESIAN_POINT('',(-6.054330867058,-1.18895506695E-02));
#2688 = CARTESIAN_POINT('',(-6.049710463882,-1.211268529241E-02));
#2689 = CARTESIAN_POINT('',(-6.032216692573,-1.304446674579E-02));
#2690 = CARTESIAN_POINT('',(-6.022610179422,-1.377994494357E-02));
#2691 = CARTESIAN_POINT('',(-6.016325874186,-1.453077898144E-02));
#2692 = CARTESIAN_POINT('',(-6.013174245744,-1.528950774341E-02));
#2693 = CARTESIAN_POINT('',(-6.013174245744,-1.680816778356E-02));
#2694 = CARTESIAN_POINT('',(-6.0163173499,-1.756587984379E-02));
#2695 = CARTESIAN_POINT('',(-6.022584816656,-1.831571749448E-02));
#2696 = CARTESIAN_POINT('',(-6.032164717548,-1.90502557898E-02));
#2697 = CARTESIAN_POINT('',(-6.049602790246,-1.998066609582E-02));
#2698 = CARTESIAN_POINT('',(-6.054202816006,-2.020324316682E-02));
#2699 = CARTESIAN_POINT('',(-6.059189795649,-2.042254741654E-02));
#2700 = CARTESIAN_POINT('',(-6.064579904228,-2.063811275975E-02));
#2701 = CARTESIAN_POINT('',(-6.076738484287,-2.108003277577E-02));
#2702 = CARTESIAN_POINT('',(-6.083587743328,-2.130554195417E-02));
#2703 = CARTESIAN_POINT('',(-6.090966661342,-2.152523135143E-02));
#2704 = CARTESIAN_POINT('',(-6.098906389275,-2.173814554347E-02));
#2705 = CARTESIAN_POINT('',(-6.116707397604,-2.216543672794E-02));
#2706 = CARTESIAN_POINT('',(-6.12667192828,-2.237833115918E-02));
#2707 = CARTESIAN_POINT('',(-6.137388959289,-2.258023251645E-02));
#2708 = CARTESIAN_POINT('',(-6.148900095767,-2.276880470382E-02));
#2709 = CARTESIAN_POINT('',(-6.169549237366,-2.305684464837E-02));
#2710 = CARTESIAN_POINT('',(-6.178242421779,-2.316539642726E-02));
#2711 = CARTESIAN_POINT('',(-6.187310855867,-2.326535219805E-02));
#2712 = CARTESIAN_POINT('',(-6.19674521111,-2.335550230707E-02));
#2713 = CARTESIAN_POINT('',(-6.220735473001,-2.354943636089E-02));
#2714 = CARTESIAN_POINT('',(-6.235746107406,-2.364150089642E-02));
#2715 = CARTESIAN_POINT('',(-6.251327817297,-2.370505288394E-02));
#2716 = CARTESIAN_POINT('',(-6.267229589621,-2.373702142925E-02));
#2717 = CARTESIAN_POINT('',(-6.28318530718,-2.373702142925E-02));
#2718 = ( GEOMETRIC_REPRESENTATION_CONTEXT(2) 
PARAMETRIC_REPRESENTATION_CONTEXT() REPRESENTATION_CONTEXT('2D SPACE',''
  ) );
#2719 = PCURVE('',#2468,#2720);
#2720 = DEFINITIONAL_REPRESENTATION('',(#2721),#2772);
#2721 = B_SPLINE_CURVE_WITH_KNOTS('',5,(#2722,#2723,#2724,#2725,#2726,
    #2727,#2728,#2729,#2730,#2731,#2732,#2733,#2734,#2735,#2736,#2737,
    #2738,#2739,#2740,#2741,#2742,#2743,#2744,#2745,#2746,#2747,#2748,
    #2749,#2750,#2751,#2752,#2753,#2754,#2755,#2756,#2757,#2758,#2759,
    #2760,#2761,#2762,#2763,#2764,#2765,#2766,#2767,#2768,#2769,#2770,
    #2771),.UNSPECIFIED.,.F.,.F.,(6,4,4,4,4,4,4,4,4,4,4,4,6),(0.,
    6.81026223416E-02,0.115201029454,0.18719714818,0.252770689314,
    0.312747288392,0.499998927714,0.686997137196,0.746806346135,
    0.812098099657,0.882954462478,0.930702138315,1.),.UNSPECIFIED.);
#2722 = CARTESIAN_POINT('',(2.690564786485,-0.708818327439));
#2723 = CARTESIAN_POINT('',(2.690564786485,-0.709581735944));
#2724 = CARTESIAN_POINT('',(2.69251175596,-0.710342435409));
#2725 = CARTESIAN_POINT('',(2.696376331089,-0.711087752072));
#2726 = CARTESIAN_POINT('',(2.701963304869,-0.711805890147));
#2727 = CARTESIAN_POINT('',(2.713716947361,-0.712956235004));
#2728 = CARTESIAN_POINT('',(2.719186176063,-0.713409583959));
#2729 = CARTESIAN_POINT('',(2.725237819656,-0.713845254753));
#2730 = CARTESIAN_POINT('',(2.731792358782,-0.714262759438));
#2731 = CARTESIAN_POINT('',(2.749441928726,-0.715271902516));
#2732 = CARTESIAN_POINT('',(2.76111341565,-0.715839372489));
#2733 = CARTESIAN_POINT('',(2.773564623347,-0.716366142676));
#2734 = CARTESIAN_POINT('',(2.78663066352,-0.716854477392));
#2735 = CARTESIAN_POINT('',(2.812566200491,-0.717719189785));
#2736 = CARTESIAN_POINT('',(2.825348613676,-0.718101658396));
#2737 = CARTESIAN_POINT('',(2.838471092272,-0.718456345455));
#2738 = CARTESIAN_POINT('',(2.851873701829,-0.718784914381));
#2739 = CARTESIAN_POINT('',(2.877994961759,-0.719366692268));
#2740 = CARTESIAN_POINT('',(2.890673034012,-0.71962392804));
#2741 = CARTESIAN_POINT('',(2.903518698894,-0.719861530629));
#2742 = CARTESIAN_POINT('',(2.916506293826,-0.720080372262));
#2743 = CARTESIAN_POINT('',(2.97054790998,-0.720907973365));
#2744 = CARTESIAN_POINT('',(3.012752778871,-0.721359923636));
#2745 = CARTESIAN_POINT('',(3.055488892794,-0.721654743588));
#2746 = CARTESIAN_POINT('',(3.09850948815,-0.721802598071));
#2747 = CARTESIAN_POINT('',(3.184617509475,-0.721802598071));
#2748 = CARTESIAN_POINT('',(3.227580450023,-0.721655143519));
#2749 = CARTESIAN_POINT('',(3.270259427672,-0.721361113441));
#2750 = CARTESIAN_POINT('',(3.312408927125,-0.720910418606));
#2751 = CARTESIAN_POINT('',(3.366367806307,-0.720085470415));
#2752 = CARTESIAN_POINT('',(3.379321992472,-0.719867599631));
#2753 = CARTESIAN_POINT('',(3.392135374978,-0.719631083952));
#2754 = CARTESIAN_POINT('',(3.404782575969,-0.719375060428));
#2755 = CARTESIAN_POINT('',(3.430822406725,-0.718796563347));
#2756 = CARTESIAN_POINT('',(3.444175564066,-0.718470163277));
#2757 = CARTESIAN_POINT('',(3.457252113793,-0.718117904575));
#2758 = CARTESIAN_POINT('',(3.469993226837,-0.717738149467));
#2759 = CARTESIAN_POINT('',(3.495698382119,-0.716884992132));
#2760 = CARTESIAN_POINT('',(3.508584864477,-0.716406509223));
#2761 = CARTESIAN_POINT('',(3.520883405711,-0.715890836893));
#2762 = CARTESIAN_POINT('',(3.532439126813,-0.715335799735));
#2763 = CARTESIAN_POINT('',(3.550181570917,-0.714338121162));
#2764 = CARTESIAN_POINT('',(3.556895213784,-0.713917592888));
#2765 = CARTESIAN_POINT('',(3.563100441628,-0.713478384231));
#2766 = CARTESIAN_POINT('',(3.568715251236,-0.713020941421));
#2767 = CARTESIAN_POINT('',(3.580824061566,-0.711856590662));
#2768 = CARTESIAN_POINT('',(3.586603650325,-0.71112710565));
#2769 = CARTESIAN_POINT('',(3.590605320986,-0.710369076986));
#2770 = CARTESIAN_POINT('',(3.592620520695,-0.709595007824));
#2771 = CARTESIAN_POINT('',(3.592620520695,-0.708818327439));
#2772 = ( GEOMETRIC_REPRESENTATION_CONTEXT(2) 
PARAMETRIC_REPRESENTATION_CONTEXT() REPRESENTATION_CONTEXT('2D SPACE',''
  ) );
#2773 = ORIENTED_EDGE('',*,*,#2335,.F.);
#2774 = ADVANCED_FACE('',(#2775),#2241,.T.);
#2775 = FACE_BOUND('',#2776,.T.);
#2776 = EDGE_LOOP('',(#2777,#2778,#2779,#2780));
#2777 = ORIENTED_EDGE('',*,*,#2258,.T.);
#2778 = ORIENTED_EDGE('',*,*,#2226,.T.);
#2779 = ORIENTED_EDGE('',*,*,#2560,.F.);
#2780 = ORIENTED_EDGE('',*,*,#2587,.F.);
#2781 = ADVANCED_FACE('',(#2782),#2468,.F.);
#2782 = FACE_BOUND('',#2783,.F.);
#2783 = EDGE_LOOP('',(#2784,#2785));
#2784 = ORIENTED_EDGE('',*,*,#2358,.F.);
#2785 = ORIENTED_EDGE('',*,*,#2612,.T.);
#2786 = ( GEOMETRIC_REPRESENTATION_CONTEXT(3) 
GLOBAL_UNCERTAINTY_ASSIGNED_CONTEXT((#2790)) 
GLOBAL_UNIT_ASSIGNED_CONTEXT((#2787,#2788,#2789)) REPRESENTATION_CONTEXT
('Context #1','3D Context with UNIT and UNCERTAINTY') );
#2787 = ( LENGTH_UNIT() NAMED_UNIT(*) SI_UNIT(.MILLI.,.METRE.) );
#2788 = ( NAMED_UNIT(*) PLANE_ANGLE_UNIT() SI_UNIT($,.RADIAN.) );
#2789 = ( NAMED_UNIT(*) SI_UNIT($,.STERADIAN.) SOLID_ANGLE_UNIT() );
#2790 = UNCERTAINTY_MEASURE_WITH_UNIT(LENGTH_MEASURE(2.E-07),#2787,
  'distance_accuracy_value','confusion accuracy');
#2791 = CONTEXT_DEPENDENT_SHAPE_REPRESENTATION(#2792,#2794);
#2792 = ( REPRESENTATION_RELATIONSHIP('','',#70,#10) 
REPRESENTATION_RELATIONSHIP_WITH_TRANSFORMATION(#2793) 
SHAPE_REPRESENTATION_RELATIONSHIP() );
#2793 = ITEM_DEFINED_TRANSFORMATION('','',#11,#15);
#2794 = PRODUCT_DEFINITION_SHAPE('Placement','Placement of an item',
  #2795);
#2795 = NEXT_ASSEMBLY_USAGE_OCCURRENCE('23','','',#5,#65,$);
#2796 = CC_DESIGN_SECURITY_CLASSIFICATION(#2797,(#2795));
#2797 = SECURITY_CLASSIFICATION('','',#47);
#2798 = CC_DESIGN_PERSON_AND_ORGANIZATION_ASSIGNMENT(#36,#45,(#2797));
#2799 = CC_DESIGN_DATE_AND_TIME_ASSIGNMENT(#50,#56,(#2797));
#2800 = CC_DESIGN_APPROVAL(#58,(#2797));
#2801 = PRODUCT_RELATED_PRODUCT_CATEGORY('detail',$,(#67));
#2802 = PRODUCT_CATEGORY_RELATIONSHIP('','',#2803,#2801);
#2803 = PRODUCT_CATEGORY('part',$);
#2804 = CC_DESIGN_PERSON_AND_ORGANIZATION_ASSIGNMENT(#36,#39,(#66,#65));
#2805 = CC_DESIGN_PERSON_AND_ORGANIZATION_ASSIGNMENT(#36,#41,(#67));
#2806 = CC_DESIGN_PERSON_AND_ORGANIZATION_ASSIGNMENT(#36,#43,(#66));
#2807 = CC_DESIGN_PERSON_AND_ORGANIZATION_ASSIGNMENT(#36,#45,(#2808));
#2808 = SECURITY_CLASSIFICATION('','',#47);
#2809 = CC_DESIGN_SECURITY_CLASSIFICATION(#2808,(#66));
#2810 = CC_DESIGN_DATE_AND_TIME_ASSIGNMENT(#50,#54,(#65));
#2811 = CC_DESIGN_DATE_AND_TIME_ASSIGNMENT(#50,#56,(#2808));
#2812 = CC_DESIGN_APPROVAL(#58,(#66,#65,#2808));
#2813 = SHAPE_DEFINITION_REPRESENTATION(#2814,#2820);
#2814 = PRODUCT_DEFINITION_SHAPE('','',#2815);
#2815 = PRODUCT_DEFINITION('design','',#2816,#2819);
#2816 = PRODUCT_DEFINITION_FORMATION_WITH_SPECIFIED_SOURCE('','',#2817,
  .NOT_KNOWN.);
#2817 = PRODUCT('Open CASCADE STEP translator 7.7 147.2',
  'Open CASCADE STEP translator 7.7 147.2','',(#2818));
#2818 = MECHANICAL_CONTEXT('',#2,'mechanical');
#2819 = DESIGN_CONTEXT('',#2,'design');
#2820 = ADVANCED_BREP_SHAPE_REPRESENTATION('',(#11,#2821),#3003);
#2821 = MANIFOLD_SOLID_BREP('',#2822);
#2822 = CLOSED_SHELL('',(#2823,#2864,#2999));
#2823 = ADVANCED_FACE('',(#2824),#2837,.F.);
#2824 = FACE_BOUND('',#2825,.F.);
#2825 = EDGE_LOOP('',(#2826));
#2826 = ORIENTED_EDGE('',*,*,#2827,.F.);
#2827 = EDGE_CURVE('',#2828,#2828,#2830,.T.);
#2828 = VERTEX_POINT('',#2829);
#2829 = CARTESIAN_POINT('',(4.179897731519E-02,-3.192236695711E-02,
    0.318694949077));
#2830 = SURFACE_CURVE('',#2831,(#2836,#2852),.PCURVE_S1.);
#2831 = CIRCLE('',#2832,1.058201160696E-02);
#2832 = AXIS2_PLACEMENT_3D('',#2833,#2834,#2835);
#2833 = CARTESIAN_POINT('',(3.121696570823E-02,-3.192236695711E-02,
    0.318694949077));
#2834 = DIRECTION('',(0.,0.,1.));
#2835 = DIRECTION('',(1.,0.,-0.));
#2836 = PCURVE('',#2837,#2842);
#2837 = PLANE('',#2838);
#2838 = AXIS2_PLACEMENT_3D('',#2839,#2840,#2841);
#2839 = CARTESIAN_POINT('',(0.318694949077,-1.5873015E-02,0.318694949077
    ));
#2840 = DIRECTION('',(-0.,-0.,-1.));
#2841 = DIRECTION('',(-1.,0.,0.));
#2842 = DEFINITIONAL_REPRESENTATION('',(#2843),#2851);
#2843 = ( BOUNDED_CURVE() B_SPLINE_CURVE(2,(#2844,#2845,#2846,#2847,
#2848,#2849,#2850),.UNSPECIFIED.,.T.,.F.) B_SPLINE_CURVE_WITH_KNOTS((1,2
    ,2,2,2,1),(-2.094395102393,0.,2.094395102393,4.188790204786,
6.28318530718,8.377580409573),.UNSPECIFIED.) CURVE() 
GEOMETRIC_REPRESENTATION_ITEM() RATIONAL_B_SPLINE_CURVE((1.,0.5,1.,0.5,
1.,0.5,1.)) REPRESENTATION_ITEM('') );
#2844 = CARTESIAN_POINT('',(0.276895971762,-1.604935195711E-02));
#2845 = CARTESIAN_POINT('',(0.276895971762,2.279229792426E-03));
#2846 = CARTESIAN_POINT('',(0.292768989172,-6.885061082342E-03));
#2847 = CARTESIAN_POINT('',(0.308642006583,-1.604935195711E-02));
#2848 = CARTESIAN_POINT('',(0.292768989172,-2.521364283188E-02));
#2849 = CARTESIAN_POINT('',(0.276895971762,-3.437793370664E-02));
#2850 = CARTESIAN_POINT('',(0.276895971762,-1.604935195711E-02));
#2851 = ( GEOMETRIC_REPRESENTATION_CONTEXT(2) 
PARAMETRIC_REPRESENTATION_CONTEXT() REPRESENTATION_CONTEXT('2D SPACE',''
  ) );
#2852 = PCURVE('',#2853,#2858);
#2853 = CYLINDRICAL_SURFACE('',#2854,1.058201160696E-02);
#2854 = AXIS2_PLACEMENT_3D('',#2855,#2856,#2857);
#2855 = CARTESIAN_POINT('',(3.121696570823E-02,-3.192236695711E-02,
    0.49206352));
#2856 = DIRECTION('',(0.,0.,1.));
#2857 = DIRECTION('',(1.,0.,-0.));
#2858 = DEFINITIONAL_REPRESENTATION('',(#2859),#2863);
#2859 = LINE('',#2860,#2861);
#2860 = CARTESIAN_POINT('',(0.,-0.173368570923));
#2861 = VECTOR('',#2862,1.);
#2862 = DIRECTION('',(1.,0.));
#2863 = ( GEOMETRIC_REPRESENTATION_CONTEXT(2) 
PARAMETRIC_REPRESENTATION_CONTEXT() REPRESENTATION_CONTEXT('2D SPACE',''
  ) );
#2864 = ADVANCED_FACE('',(#2865),#2853,.T.);
#2865 = FACE_BOUND('',#2866,.T.);
#2866 = EDGE_LOOP('',(#2867,#2868,#2891,#2998));
#2867 = ORIENTED_EDGE('',*,*,#2827,.F.);
#2868 = ORIENTED_EDGE('',*,*,#2869,.T.);
#2869 = EDGE_CURVE('',#2828,#2870,#2872,.T.);
#2870 = VERTEX_POINT('',#2871);
#2871 = CARTESIAN_POINT('',(4.179897731519E-02,-3.192236695711E-02,
    -5.723999608535E-02));
#2872 = SEAM_CURVE('',#2873,(#2877,#2884),.PCURVE_S1.);
#2873 = LINE('',#2874,#2875);
#2874 = CARTESIAN_POINT('',(4.179897731519E-02,-3.192236695711E-02,
    0.49206352));
#2875 = VECTOR('',#2876,1.);
#2876 = DIRECTION('',(-0.,-0.,-1.));
#2877 = PCURVE('',#2853,#2878);
#2878 = DEFINITIONAL_REPRESENTATION('',(#2879),#2883);
#2879 = LINE('',#2880,#2881);
#2880 = CARTESIAN_POINT('',(6.28318530718,0.));
#2881 = VECTOR('',#2882,1.);
#2882 = DIRECTION('',(0.,-1.));
#2883 = ( GEOMETRIC_REPRESENTATION_CONTEXT(2) 
PARAMETRIC_REPRESENTATION_CONTEXT() REPRESENTATION_CONTEXT('2D SPACE',''
  ) );
#2884 = PCURVE('',#2853,#2885);
#2885 = DEFINITIONAL_REPRESENTATION('',(#2886),#2890);
#2886 = LINE('',#2887,#2888);
#2887 = CARTESIAN_POINT('',(0.,0.));
#2888 = VECTOR('',#2889,1.);
#2889 = DIRECTION('',(0.,-1.));
#2890 = ( GEOMETRIC_REPRESENTATION_CONTEXT(2) 
PARAMETRIC_REPRESENTATION_CONTEXT() REPRESENTATION_CONTEXT('2D SPACE',''
  ) );
#2891 = ORIENTED_EDGE('',*,*,#2892,.T.);
#2892 = EDGE_CURVE('',#2870,#2870,#2893,.T.);
#2893 = SURFACE_CURVE('',#2894,(#2925,#2959),.PCURVE_S1.);
#2894 = B_SPLINE_CURVE_WITH_KNOTS('',8,(#2895,#2896,#2897,#2898,#2899,
    #2900,#2901,#2902,#2903,#2904,#2905,#2906,#2907,#2908,#2909,#2910,
    #2911,#2912,#2913,#2914,#2915,#2916,#2917,#2918,#2919,#2920,#2921,
    #2922,#2923,#2924),.UNSPECIFIED.,.T.,.F.,(9,7,7,7,9),(0.,
    0.249397304283,0.49999999998,0.750602695652,1.),.UNSPECIFIED.);
#2895 = CARTESIAN_POINT('',(4.179897740904E-02,-3.192236695711E-02,
    -5.723999617957E-02));
#2896 = CARTESIAN_POINT('',(4.179897740904E-02,-2.982680941787E-02,
    -5.723999617957E-02));
#2897 = CARTESIAN_POINT('',(4.132476898472E-02,-2.775251526811E-02,
    -5.700195387785E-02));
#2898 = CARTESIAN_POINT('',(4.03927849911E-02,-2.581181259486E-02,
    -5.653417511998E-02));
#2899 = CARTESIAN_POINT('',(3.904398627144E-02,-2.410778763711E-02,
    -5.586688909702E-02));
#2900 = CARTESIAN_POINT('',(3.733849883541E-02,-2.274474398156E-02,
    -5.504883540762E-02));
#2901 = CARTESIAN_POINT('',(3.537429754335E-02,-2.179499701273E-02,
    -5.414573360862E-02));
#2902 = CARTESIAN_POINT('',(3.326806576914E-02,-2.134035535015E-02,
    -5.322099950117E-02));
#2903 = CARTESIAN_POINT('',(2.915595242854E-02,-2.134035535015E-02,
    -5.14829014049E-02));
#2904 = CARTESIAN_POINT('',(2.706228173642E-02,-2.179910744533E-02,
    -5.06327569536E-02));
#2905 = CARTESIAN_POINT('',(2.510120210643E-02,-2.274205843023E-02,
    -4.987467082405E-02));
#2906 = CARTESIAN_POINT('',(2.339464895533E-02,-2.410111748027E-02,
    -4.924563911941E-02));
#2907 = CARTESIAN_POINT('',(2.203864984641E-02,-2.581027792898E-02,
    -4.876327144753E-02));
#2908 = CARTESIAN_POINT('',(2.110617700973E-02,-2.775635029863E-02,
    -4.843725480775E-02));
#2909 = CARTESIAN_POINT('',(2.06349542004E-02,-2.983393072487E-02,
    -4.827249940798E-02));
#2910 = CARTESIAN_POINT('',(2.06349542004E-02,-3.401080318913E-02,
    -4.827249940798E-02));
#2911 = CARTESIAN_POINT('',(2.110617700966E-02,-3.608838361623E-02,
    -4.843725480772E-02));
#2912 = CARTESIAN_POINT('',(2.203864984682E-02,-3.803445598461E-02,
    -4.876327144769E-02));
#2913 = CARTESIAN_POINT('',(2.339464895463E-02,-3.974361643422E-02,
    -4.924563911913E-02));
#2914 = CARTESIAN_POINT('',(2.510120210698E-02,-4.110267548379E-02,
    -4.987467082428E-02));
#2915 = CARTESIAN_POINT('',(2.706228173594E-02,-4.2045626469E-02,
    -5.063275695339E-02));
#2916 = CARTESIAN_POINT('',(2.915595242889E-02,-4.250437856407E-02,
    -5.148290140504E-02));
#2917 = CARTESIAN_POINT('',(3.326806576954E-02,-4.250437856407E-02,
    -5.322099950135E-02));
#2918 = CARTESIAN_POINT('',(3.537429754278E-02,-4.204973690081E-02,
    -5.414573360839E-02));
#2919 = CARTESIAN_POINT('',(3.733849883514E-02,-4.109998993548E-02,
    -5.504883540745E-02));
#2920 = CARTESIAN_POINT('',(3.904398627254E-02,-3.97369462719E-02,
    -5.586688909756E-02));
#2921 = CARTESIAN_POINT('',(4.039278499013E-02,-3.803292132481E-02,
    -5.653417511952E-02));
#2922 = CARTESIAN_POINT('',(4.132476898506E-02,-3.609221864281E-02,
    -5.700195387801E-02));
#2923 = CARTESIAN_POINT('',(4.179897740904E-02,-3.401792449727E-02,
    -5.723999617957E-02));
#2924 = CARTESIAN_POINT('',(4.179897740904E-02,-3.192236695711E-02,
    -5.723999617957E-02));
#2925 = PCURVE('',#2853,#2926);
#2926 = DEFINITIONAL_REPRESENTATION('',(#2927),#2958);
#2927 = B_SPLINE_CURVE_WITH_KNOTS('',8,(#2928,#2929,#2930,#2931,#2932,
    #2933,#2934,#2935,#2936,#2937,#2938,#2939,#2940,#2941,#2942,#2943,
    #2944,#2945,#2946,#2947,#2948,#2949,#2950,#2951,#2952,#2953,#2954,
    #2955,#2956,#2957),.UNSPECIFIED.,.F.,.F.,(9,7,7,7,9),(0.,
    0.249397304283,0.49999999998,0.750602695652,1.),.UNSPECIFIED.);
#2928 = CARTESIAN_POINT('',(0.,-0.54930351618));
#2929 = CARTESIAN_POINT('',(0.198030168277,-0.54930351618));
#2930 = CARTESIAN_POINT('',(0.394025844997,-0.549065473878));
#2931 = CARTESIAN_POINT('',(0.589397032002,-0.54859769512));
#2932 = CARTESIAN_POINT('',(0.784532278825,-0.547930409097));
#2933 = CARTESIAN_POINT('',(0.981140298487,-0.547112355408));
#2934 = CARTESIAN_POINT('',(1.177940141155,-0.546209253609));
#2935 = CARTESIAN_POINT('',(1.376967398954,-0.545284519501));
#2936 = CARTESIAN_POINT('',(1.765562072001,-0.543546421405));
#2937 = CARTESIAN_POINT('',(1.963395253586,-0.542696276954));
#2938 = CARTESIAN_POINT('',(2.160086830749,-0.541938190824));
#2939 = CARTESIAN_POINT('',(2.356284446969,-0.541309159119));
#2940 = CARTESIAN_POINT('',(2.552245571141,-0.540826791448));
#2941 = CARTESIAN_POINT('',(2.747911125446,-0.540500774808));
#2942 = CARTESIAN_POINT('',(2.944235448759,-0.540336019408));
#2943 = CARTESIAN_POINT('',(3.338949858401,-0.540336019408));
#2944 = CARTESIAN_POINT('',(3.535274181789,-0.540500774808));
#2945 = CARTESIAN_POINT('',(3.730939736004,-0.540826791448));
#2946 = CARTESIAN_POINT('',(3.926900860191,-0.541309159119));
#2947 = CARTESIAN_POINT('',(4.123098476462,-0.541938190824));
#2948 = CARTESIAN_POINT('',(4.319790053554,-0.542696276953));
#2949 = CARTESIAN_POINT('',(4.517623235211,-0.543546421405));
#2950 = CARTESIAN_POINT('',(4.906217908264,-0.545284519501));
#2951 = CARTESIAN_POINT('',(5.10524516602,-0.546209253608));
#2952 = CARTESIAN_POINT('',(5.302045008456,-0.547112355407));
#2953 = CARTESIAN_POINT('',(5.498653028868,-0.547930409098));
#2954 = CARTESIAN_POINT('',(5.693788274632,-0.54859769512));
#2955 = CARTESIAN_POINT('',(5.889159462505,-0.549065473878));
#2956 = CARTESIAN_POINT('',(6.085155138815,-0.54930351618));
#2957 = CARTESIAN_POINT('',(6.28318530718,-0.54930351618));
#2958 = ( GEOMETRIC_REPRESENTATION_CONTEXT(2) 
PARAMETRIC_REPRESENTATION_CONTEXT() REPRESENTATION_CONTEXT('2D SPACE',''
  ) );
#2959 = PCURVE('',#2960,#2965);
#2960 = CYLINDRICAL_SURFACE('',#2961,0.178483262658);
#2961 = AXIS2_PLACEMENT_3D('',#2962,#2963,#2964);
#2962 = CARTESIAN_POINT('',(-3.827156133808E-02,-1.5873015E-02,
    -0.216754835172));
#2963 = DIRECTION('',(-0.,1.,0.));
#2964 = DIRECTION('',(-1.,-0.,6.261579225383E-08));
#2965 = DEFINITIONAL_REPRESENTATION('',(#2966),#2997);
#2966 = B_SPLINE_CURVE_WITH_KNOTS('',8,(#2967,#2968,#2969,#2970,#2971,
    #2972,#2973,#2974,#2975,#2976,#2977,#2978,#2979,#2980,#2981,#2982,
    #2983,#2984,#2985,#2986,#2987,#2988,#2989,#2990,#2991,#2992,#2993,
    #2994,#2995,#2996),.UNSPECIFIED.,.T.,.F.,(9,7,7,7,9),(0.,
    0.249397304283,0.49999999998,0.750602695652,1.),.UNSPECIFIED.);
#2967 = CARTESIAN_POINT('',(2.0360129983,-1.604935195711E-02));
#2968 = CARTESIAN_POINT('',(2.0360129983,-1.395379441787E-02));
#2969 = CARTESIAN_POINT('',(2.03304015603,-1.187950026882E-02));
#2970 = CARTESIAN_POINT('',(2.027197690262,-9.938797591998E-03));
#2971 = CARTESIAN_POINT('',(2.018766454866,-8.234772642458E-03));
#2972 = CARTESIAN_POINT('',(2.008170672755,-6.871728975833E-03));
#2973 = CARTESIAN_POINT('',(1.996061152326,-5.921982016306E-03));
#2974 = CARTESIAN_POINT('',(1.983174371361,-5.467340349039E-03));
#2975 = CARTESIAN_POINT('',(1.958161636636,-5.467340351268E-03));
#2976 = CARTESIAN_POINT('',(1.945502384051,-5.926092441733E-03));
#2977 = CARTESIAN_POINT('',(1.933725250667,-6.869043435978E-03));
#2978 = CARTESIAN_POINT('',(1.923536733442,-8.228102474904E-03));
#2979 = CARTESIAN_POINT('',(1.915472986686,-9.937262931859E-03));
#2980 = CARTESIAN_POINT('',(1.909938496158,-1.188333529791E-02));
#2981 = CARTESIAN_POINT('',(1.907141617654,-1.396091572487E-02));
#2982 = CARTESIAN_POINT('',(1.907141617654,-1.813778818913E-02));
#2983 = CARTESIAN_POINT('',(1.909938496157,-2.021536861551E-02));
#2984 = CARTESIAN_POINT('',(1.915472986688,-2.216144098748E-02));
#2985 = CARTESIAN_POINT('',(1.923536733437,-2.387060142885E-02));
#2986 = CARTESIAN_POINT('',(1.93372525067,-2.522966048954E-02));
#2987 = CARTESIAN_POINT('',(1.945502384048,-2.617261146541E-02));
#2988 = CARTESIAN_POINT('',(1.958161636638,-2.663136356518E-02));
#2989 = CARTESIAN_POINT('',(1.983174371364,-2.663136356296E-02));
#2990 = CARTESIAN_POINT('',(1.996061152322,-2.617672190439E-02));
#2991 = CARTESIAN_POINT('',(2.008170672754,-2.522697492976E-02));
#2992 = CARTESIAN_POINT('',(2.018766454873,-2.386393127724E-02));
#2993 = CARTESIAN_POINT('',(2.027197690256,-2.215990632194E-02));
#2994 = CARTESIAN_POINT('',(2.033040156032,-2.021920364352E-02));
#2995 = CARTESIAN_POINT('',(2.0360129983,-1.814490949727E-02));
#2996 = CARTESIAN_POINT('',(2.0360129983,-1.604935195711E-02));
#2997 = ( GEOMETRIC_REPRESENTATION_CONTEXT(2) 
PARAMETRIC_REPRESENTATION_CONTEXT() REPRESENTATION_CONTEXT('2D SPACE',''
  ) );
#2998 = ORIENTED_EDGE('',*,*,#2869,.F.);
#2999 = ADVANCED_FACE('',(#3000),#2960,.F.);
#3000 = FACE_BOUND('',#3001,.F.);
#3001 = EDGE_LOOP('',(#3002));
#3002 = ORIENTED_EDGE('',*,*,#2892,.T.);
#3003 = ( GEOMETRIC_REPRESENTATION_CONTEXT(3) 
GLOBAL_UNCERTAINTY_ASSIGNED_CONTEXT((#3007)) 
GLOBAL_UNIT_ASSIGNED_CONTEXT((#3004,#3005,#3006)) REPRESENTATION_CONTEXT
('Context #1','3D Context with UNIT and UNCERTAINTY') );
#3004 = ( LENGTH_UNIT() NAMED_UNIT(*) SI_UNIT(.MILLI.,.METRE.) );
#3005 = ( NAMED_UNIT(*) PLANE_ANGLE_UNIT() SI_UNIT($,.RADIAN.) );
#3006 = ( NAMED_UNIT(*) SI_UNIT($,.STERADIAN.) SOLID_ANGLE_UNIT() );
#3007 = UNCERTAINTY_MEASURE_WITH_UNIT(LENGTH_MEASURE(1.E-07),#3004,
  'distance_accuracy_value','confusion accuracy');
#3008 = CONTEXT_DEPENDENT_SHAPE_REPRESENTATION(#3009,#3011);
#3009 = ( REPRESENTATION_RELATIONSHIP('','',#2820,#10) 
REPRESENTATION_RELATIONSHIP_WITH_TRANSFORMATION(#3010) 
SHAPE_REPRESENTATION_RELATIONSHIP() );
#3010 = ITEM_DEFINED_TRANSFORMATION('','',#11,#19);
#3011 = PRODUCT_DEFINITION_SHAPE('Placement','Placement of an item',
  #3012);
#3012 = NEXT_ASSEMBLY_USAGE_OCCURRENCE('24','','',#5,#2815,$);
#3013 = CC_DESIGN_SECURITY_CLASSIFICATION(#3014,(#3012));
#3014 = SECURITY_CLASSIFICATION('','',#47);
#3015 = CC_DESIGN_PERSON_AND_ORGANIZATION_ASSIGNMENT(#36,#45,(#3014));
#3016 = CC_DESIGN_DATE_AND_TIME_ASSIGNMENT(#50,#56,(#3014));
#3017 = CC_DESIGN_APPROVAL(#58,(#3014));
#3018 = PRODUCT_RELATED_PRODUCT_CATEGORY('detail',$,(#2817));
#3019 = PRODUCT_CATEGORY_RELATIONSHIP('','',#3020,#3018);
#3020 = PRODUCT_CATEGORY('part',$);
#3021 = CC_DESIGN_PERSON_AND_ORGANIZATION_ASSIGNMENT(#36,#39,(#2816,
    #2815));
#3022 = CC_DESIGN_PERSON_AND_ORGANIZATION_ASSIGNMENT(#36,#41,(#2817));
#3023 = CC_DESIGN_PERSON_AND_ORGANIZATION_ASSIGNMENT(#36,#43,(#2816));
#3024 = CC_DESIGN_PERSON_AND_ORGANIZATION_ASSIGNMENT(#36,#45,(#3025));
#3025 = SECURITY_CLASSIFICATION('','',#47);
#3026 = CC_DESIGN_SECURITY_CLASSIFICATION(#3025,(#2816));
#3027 = CC_DESIGN_DATE_AND_TIME_ASSIGNMENT(#50,#54,(#2815));
#3028 = CC_DESIGN_DATE_AND_TIME_ASSIGNMENT(#50,#56,(#3025));
#3029 = CC_DESIGN_APPROVAL(#58,(#2816,#2815,#3025));
#3030 = SHAPE_DEFINITION_REPRESENTATION(#3031,#3037);
#3031 = PRODUCT_DEFINITION_SHAPE('','',#3032);
#3032 = PRODUCT_DEFINITION('design','',#3033,#3036);
#3033 = PRODUCT_DEFINITION_FORMATION_WITH_SPECIFIED_SOURCE('','',#3034,
  .NOT_KNOWN.);
#3034 = PRODUCT('Open CASCADE STEP translator 7.7 147.3',
  'Open CASCADE STEP translator 7.7 147.3','',(#3035));
#3035 = MECHANICAL_CONTEXT('',#2,'mechanical');
#3036 = DESIGN_CONTEXT('',#2,'design');
#3037 = ADVANCED_BREP_SHAPE_REPRESENTATION('',(#11,#3038),#3280);
#3038 = MANIFOLD_SOLID_BREP('',#3039);
#3039 = CLOSED_SHELL('',(#3040,#3081,#3276));
#3040 = ADVANCED_FACE('',(#3041),#3054,.F.);
#3041 = FACE_BOUND('',#3042,.F.);
#3042 = EDGE_LOOP('',(#3043));
#3043 = ORIENTED_EDGE('',*,*,#3044,.F.);
#3044 = EDGE_CURVE('',#3045,#3045,#3047,.T.);
#3045 = VERTEX_POINT('',#3046);
#3046 = CARTESIAN_POINT('',(-0.141622541752,-3.192236695711E-02,
    0.318694949077));
#3047 = SURFACE_CURVE('',#3048,(#3053,#3069),.PCURVE_S1.);
#3048 = CIRCLE('',#3049,1.058201160696E-02);
#3049 = AXIS2_PLACEMENT_3D('',#3050,#3051,#3052);
#3050 = CARTESIAN_POINT('',(-0.152204553359,-3.192236695711E-02,
    0.318694949077));
#3051 = DIRECTION('',(0.,0.,1.));
#3052 = DIRECTION('',(1.,0.,-0.));
#3053 = PCURVE('',#3054,#3059);
#3054 = PLANE('',#3055);
#3055 = AXIS2_PLACEMENT_3D('',#3056,#3057,#3058);
#3056 = CARTESIAN_POINT('',(0.318694949077,-1.5873015E-02,0.318694949077
    ));
#3057 = DIRECTION('',(-0.,-0.,-1.));
#3058 = DIRECTION('',(-1.,0.,0.));
#3059 = DEFINITIONAL_REPRESENTATION('',(#3060),#3068);
#3060 = ( BOUNDED_CURVE() B_SPLINE_CURVE(2,(#3061,#3062,#3063,#3064,
#3065,#3066,#3067),.UNSPECIFIED.,.T.,.F.) B_SPLINE_CURVE_WITH_KNOTS((1,2
    ,2,2,2,1),(-2.094395102393,0.,2.094395102393,4.188790204786,
6.28318530718,8.377580409573),.UNSPECIFIED.) CURVE() 
GEOMETRIC_REPRESENTATION_ITEM() RATIONAL_B_SPLINE_CURVE((1.,0.5,1.,0.5,
1.,0.5,1.)) REPRESENTATION_ITEM('') );
#3061 = CARTESIAN_POINT('',(0.460317490829,-1.604935195711E-02));
#3062 = CARTESIAN_POINT('',(0.460317490829,2.279229792426E-03));
#3063 = CARTESIAN_POINT('',(0.47619050824,-6.885061082342E-03));
#3064 = CARTESIAN_POINT('',(0.49206352565,-1.604935195711E-02));
#3065 = CARTESIAN_POINT('',(0.47619050824,-2.521364283188E-02));
#3066 = CARTESIAN_POINT('',(0.460317490829,-3.437793370664E-02));
#3067 = CARTESIAN_POINT('',(0.460317490829,-1.604935195711E-02));
#3068 = ( GEOMETRIC_REPRESENTATION_CONTEXT(2) 
PARAMETRIC_REPRESENTATION_CONTEXT() REPRESENTATION_CONTEXT('2D SPACE',''
  ) );
#3069 = PCURVE('',#3070,#3075);
#3070 = CYLINDRICAL_SURFACE('',#3071,1.058201160696E-02);
#3071 = AXIS2_PLACEMENT_3D('',#3072,#3073,#3074);
#3072 = CARTESIAN_POINT('',(-0.152204553359,-3.192236695711E-02,
    0.49206352));
#3073 = DIRECTION('',(0.,0.,1.));
#3074 = DIRECTION('',(1.,0.,-0.));
#3075 = DEFINITIONAL_REPRESENTATION('',(#3076),#3080);
#3076 = LINE('',#3077,#3078);
#3077 = CARTESIAN_POINT('',(0.,-0.173368570923));
#3078 = VECTOR('',#3079,1.);
#3079 = DIRECTION('',(1.,0.));
#3080 = ( GEOMETRIC_REPRESENTATION_CONTEXT(2) 
PARAMETRIC_REPRESENTATION_CONTEXT() REPRESENTATION_CONTEXT('2D SPACE',''
  ) );
#3081 = ADVANCED_FACE('',(#3082),#3070,.T.);
#3082 = FACE_BOUND('',#3083,.T.);
#3083 = EDGE_LOOP('',(#3084,#3085,#3108,#3275));
#3084 = ORIENTED_EDGE('',*,*,#3044,.F.);
#3085 = ORIENTED_EDGE('',*,*,#3086,.T.);
#3086 = EDGE_CURVE('',#3045,#3087,#3089,.T.);
#3087 = VERTEX_POINT('',#3088);
#3088 = CARTESIAN_POINT('',(-0.141622541752,-3.192236695711E-02,
    -7.123902882619E-02));
#3089 = SEAM_CURVE('',#3090,(#3094,#3101),.PCURVE_S1.);
#3090 = LINE('',#3091,#3092);
#3091 = CARTESIAN_POINT('',(-0.141622541752,-3.192236695711E-02,
    0.49206352));
#3092 = VECTOR('',#3093,1.);
#3093 = DIRECTION('',(-0.,-0.,-1.));
#3094 = PCURVE('',#3070,#3095);
#3095 = DEFINITIONAL_REPRESENTATION('',(#3096),#3100);
#3096 = LINE('',#3097,#3098);
#3097 = CARTESIAN_POINT('',(6.28318530718,0.));
#3098 = VECTOR('',#3099,1.);
#3099 = DIRECTION('',(0.,-1.));
#3100 = ( GEOMETRIC_REPRESENTATION_CONTEXT(2) 
PARAMETRIC_REPRESENTATION_CONTEXT() REPRESENTATION_CONTEXT('2D SPACE',''
  ) );
#3101 = PCURVE('',#3070,#3102);
#3102 = DEFINITIONAL_REPRESENTATION('',(#3103),#3107);
#3103 = LINE('',#3104,#3105);
#3104 = CARTESIAN_POINT('',(0.,0.));
#3105 = VECTOR('',#3106,1.);
#3106 = DIRECTION('',(0.,-1.));
#3107 = ( GEOMETRIC_REPRESENTATION_CONTEXT(2) 
PARAMETRIC_REPRESENTATION_CONTEXT() REPRESENTATION_CONTEXT('2D SPACE',''
  ) );
#3108 = ORIENTED_EDGE('',*,*,#3109,.T.);
#3109 = EDGE_CURVE('',#3087,#3087,#3110,.T.);
#3110 = SURFACE_CURVE('',#3111,(#3162,#3216),.PCURVE_S1.);
#3111 = B_SPLINE_CURVE_WITH_KNOTS('',7,(#3112,#3113,#3114,#3115,#3116,
    #3117,#3118,#3119,#3120,#3121,#3122,#3123,#3124,#3125,#3126,#3127,
    #3128,#3129,#3130,#3131,#3132,#3133,#3134,#3135,#3136,#3137,#3138,
    #3139,#3140,#3141,#3142,#3143,#3144,#3145,#3146,#3147,#3148,#3149,
    #3150,#3151,#3152,#3153,#3154,#3155,#3156,#3157,#3158,#3159,#3160,
    #3161),.UNSPECIFIED.,.T.,.F.,(8,6,6,6,6,6,6,6,8),(0.,0.219465215055,
    0.259545620991,0.347974587678,0.499030464392,0.690142075266,
    0.739106485814,0.83776328973,1.),.UNSPECIFIED.);
#3112 = CARTESIAN_POINT('',(-0.141622541667,-3.192236695711E-02,
    -7.123902870457E-02));
#3113 = CARTESIAN_POINT('',(-0.141622541667,-2.982684661985E-02,
    -7.123902870457E-02));
#3114 = CARTESIAN_POINT('',(-0.142106563954,-2.773720766276E-02,
    -7.158278788648E-02));
#3115 = CARTESIAN_POINT('',(-0.143070547379,-2.578232686365E-02,
    -7.226750934514E-02));
#3116 = CARTESIAN_POINT('',(-0.144467206712,-2.409488033492E-02,
    -7.32745669035E-02));
#3117 = CARTESIAN_POINT('',(-0.146209845082,-2.277896592544E-02,
    -7.457290320566E-02));
#3118 = CARTESIAN_POINT('',(-0.148177894746,-2.191766514452E-02,
    -7.610008346107E-02));
#3119 = CARTESIAN_POINT('',(-0.150594934003,-2.145659024707E-02,
    -7.804663535624E-02));
#3120 = CARTESIAN_POINT('',(-0.150971148513,-2.140102944629E-02,
    -7.835154491427E-02));
#3121 = CARTESIAN_POINT('',(-0.151349538055,-2.136125559614E-02,
    -7.86602074214E-02));
#3122 = CARTESIAN_POINT('',(-0.151729312459,-2.133736580463E-02,
    -7.897203644488E-02));
#3123 = CARTESIAN_POINT('',(-0.1521096789,-2.132940815782E-02,
    -7.92864189011E-02));
#3124 = CARTESIAN_POINT('',(-0.15248984189,-2.133738171983E-02,
    -7.960271505561E-02));
#3125 = CARTESIAN_POINT('',(-0.153705542975,-2.141386714907E-02,
    -8.062085124552E-02));
#3126 = CARTESIAN_POINT('',(-0.15453847076,-2.154388523087E-02,
    -8.132856410687E-02));
#3127 = CARTESIAN_POINT('',(-0.15535787457,-2.175106507606E-02,
    -8.203518133481E-02));
#3128 = CARTESIAN_POINT('',(-0.156154774081,-2.203339277522E-02,
    -8.273249360011E-02));
#3129 = CARTESIAN_POINT('',(-0.156921123946,-2.23876613642E-02,
    -8.341245971669E-02));
#3130 = CARTESIAN_POINT('',(-0.157649817027,-2.281006597683E-02,
    -8.406736834163E-02));
#3131 = CARTESIAN_POINT('',(-0.15950459531,-2.412824468674E-02,
    -8.575358919203E-02));
#3132 = CARTESIAN_POINT('',(-0.160549241912,-2.51492617807E-02,
    -8.672536478862E-02));
#3133 = CARTESIAN_POINT('',(-0.161423952348,-2.633363507963E-02,
    -8.755706263577E-02));
#3134 = CARTESIAN_POINT('',(-0.162099170194,-2.76432680349E-02,
    -8.820940451405E-02));
#3135 = CARTESIAN_POINT('',(-0.162556600693,-2.903794722605E-02,
    -8.865486191361E-02));
#3136 = CARTESIAN_POINT('',(-0.162786564891,-3.047836024069E-02,
    -8.887876642569E-02));
#3137 = CARTESIAN_POINT('',(-0.162786564891,-3.374928329885E-02,
    -8.887876642569E-02));
#3138 = CARTESIAN_POINT('',(-0.162418706741,-3.556349592883E-02,
    -8.852056799624E-02));
#3139 = CARTESIAN_POINT('',(-0.16169133207,-3.728710715925E-02,
    -8.781235482319E-02));
#3140 = CARTESIAN_POINT('',(-0.160630456547,-3.883879236568E-02,
    -8.679225167121E-02));
#3141 = CARTESIAN_POINT('',(-0.15927681637,-4.014990257585E-02,
    -8.552464019033E-02));
#3142 = CARTESIAN_POINT('',(-0.157700494468,-4.114351068672E-02,
    -8.409730097998E-02));
#3143 = CARTESIAN_POINT('',(-0.1555860233,-4.196021313588E-02,
    -8.224118764374E-02));
#3144 = CARTESIAN_POINT('',(-0.155146312067,-4.210478841206E-02,
    -8.185806573415E-02));
#3145 = CARTESIAN_POINT('',(-0.154699496092,-4.222685711501E-02,
    -8.147174128471E-02));
#3146 = CARTESIAN_POINT('',(-0.154246949667,-4.232601200596E-02,
    -8.108353461514E-02));
#3147 = CARTESIAN_POINT('',(-0.153790069264,-4.240195091029E-02,
    -8.06947283145E-02));
#3148 = CARTESIAN_POINT('',(-0.153330273528,-4.245447671754E-02,
    -8.030656724124E-02));
#3149 = CARTESIAN_POINT('',(-0.151939604822,-4.254197017646E-02,
    -7.914189760696E-02));
#3150 = CARTESIAN_POINT('',(-0.151003205771,-4.250508532346E-02,
    -7.837019609576E-02));
#3151 = CARTESIAN_POINT('',(-0.150072578904,-4.237167808908E-02,
    -7.761592366849E-02));
#3152 = CARTESIAN_POINT('',(-0.149159964578,-4.214302136892E-02,
    -7.688829518349E-02));
#3153 = CARTESIAN_POINT('',(-0.148276850452,-4.182226995265E-02,
    -7.619506501536E-02));
#3154 = CARTESIAN_POINT('',(-0.14743375121,-4.14139047892E-02,
    -7.554262139196E-02));
#3155 = CARTESIAN_POINT('',(-0.14533468055,-4.011619772153E-02,
    -7.393865168917E-02));
#3156 = CARTESIAN_POINT('',(-0.14416341125,-3.908680708682E-02,
    -7.306601557749E-02));
#3157 = CARTESIAN_POINT('',(-0.143174436925,-3.786289249129E-02,
    -7.234556957482E-02));
#3158 = CARTESIAN_POINT('',(-0.142405699954,-3.648453301718E-02,
    -7.179508217195E-02));
#3159 = CARTESIAN_POINT('',(-0.141883729366,-3.499999548215E-02,
    -7.142471234103E-02));
#3160 = CARTESIAN_POINT('',(-0.141622541667,-3.346173023594E-02,
    -7.123902870457E-02));
#3161 = CARTESIAN_POINT('',(-0.141622541667,-3.192236695711E-02,
    -7.123902870457E-02));
#3162 = PCURVE('',#3070,#3163);
#3163 = DEFINITIONAL_REPRESENTATION('',(#3164),#3215);
#3164 = B_SPLINE_CURVE_WITH_KNOTS('',7,(#3165,#3166,#3167,#3168,#3169,
    #3170,#3171,#3172,#3173,#3174,#3175,#3176,#3177,#3178,#3179,#3180,
    #3181,#3182,#3183,#3184,#3185,#3186,#3187,#3188,#3189,#3190,#3191,
    #3192,#3193,#3194,#3195,#3196,#3197,#3198,#3199,#3200,#3201,#3202,
    #3203,#3204,#3205,#3206,#3207,#3208,#3209,#3210,#3211,#3212,#3213,
    #3214),.UNSPECIFIED.,.F.,.F.,(8,6,6,6,6,6,6,6,8),(0.,0.219465215055,
    0.259545620991,0.347974587678,0.499030464392,0.690142075266,
    0.739106485814,0.83776328973,1.),.UNSPECIFIED.);
#3165 = CARTESIAN_POINT('',(0.,-0.563302548705));
#3166 = CARTESIAN_POINT('',(0.198026652691,-0.563302548705));
#3167 = CARTESIAN_POINT('',(0.395503070722,-0.563646307886));
#3168 = CARTESIAN_POINT('',(0.592888674211,-0.564331029345));
#3169 = CARTESIAN_POINT('',(0.790204222145,-0.565338086903));
#3170 = CARTESIAN_POINT('',(0.987756082983,-0.566636423206));
#3171 = CARTESIAN_POINT('',(1.185680196878,-0.568163603461));
#3172 = CARTESIAN_POINT('',(1.4182091109,-0.570110155356));
#3173 = CARTESIAN_POINT('',(1.45411530874,-0.570415064914));
#3174 = CARTESIAN_POINT('',(1.490019744127,-0.570723727421));
#3175 = CARTESIAN_POINT('',(1.525922818896,-0.571035556445));
#3176 = CARTESIAN_POINT('',(1.561824953683,-0.571349938901));
#3177 = CARTESIAN_POINT('',(1.597726587925,-0.571666235056));
#3178 = CARTESIAN_POINT('',(1.712837474374,-0.572684371246));
#3179 = CARTESIAN_POINT('',(1.792161795584,-0.573392084107));
#3180 = CARTESIAN_POINT('',(1.871490064003,-0.574098701335));
#3181 = CARTESIAN_POINT('',(1.950769564417,-0.5747960136));
#3182 = CARTESIAN_POINT('',(2.030005913213,-0.575475979717));
#3183 = CARTESIAN_POINT('',(2.109263025705,-0.576130888342));
#3184 = CARTESIAN_POINT('',(2.324295623173,-0.577817109192));
#3185 = CARTESIAN_POINT('',(2.460647517682,-0.578788884789));
#3186 = CARTESIAN_POINT('',(2.596970449913,-0.579620582636));
#3187 = CARTESIAN_POINT('',(2.733052892518,-0.580272924514));
#3188 = CARTESIAN_POINT('',(2.869020126424,-0.580718381914));
#3189 = CARTESIAN_POINT('',(3.005134032106,-0.580942286426));
#3190 = CARTESIAN_POINT('',(3.314236231162,-0.580942286426));
#3191 = CARTESIAN_POINT('',(3.485684260666,-0.580584087996));
#3192 = CARTESIAN_POINT('',(3.656939572295,-0.579875874823));
#3193 = CARTESIAN_POINT('',(3.828370722511,-0.578855771671));
#3194 = CARTESIAN_POINT('',(4.000504467272,-0.57758816019));
#3195 = CARTESIAN_POINT('',(4.173280285767,-0.57616082098));
#3196 = CARTESIAN_POINT('',(4.387484714126,-0.574304707644));
#3197 = CARTESIAN_POINT('',(4.431168644318,-0.573921585734));
#3198 = CARTESIAN_POINT('',(4.474849448646,-0.573535261285));
#3199 = CARTESIAN_POINT('',(4.518527895735,-0.573147054615));
#3200 = CARTESIAN_POINT('',(4.562204777376,-0.572758248315));
#3201 = CARTESIAN_POINT('',(4.605880908526,-0.572370087241));
#3202 = CARTESIAN_POINT('',(4.737558925033,-0.571205417607));
#3203 = CARTESIAN_POINT('',(4.825651740291,-0.570433716096));
#3204 = CARTESIAN_POINT('',(4.913750237758,-0.569679443668));
#3205 = CARTESIAN_POINT('',(5.001815116969,-0.568951815183));
#3206 = CARTESIAN_POINT('',(5.089853070452,-0.568258585015));
#3207 = CARTESIAN_POINT('',(5.177916741866,-0.567606141392));
#3208 = CARTESIAN_POINT('',(5.411125818707,-0.566002171689));
#3209 = CARTESIAN_POINT('',(5.556410532999,-0.565129535577));
#3210 = CARTESIAN_POINT('',(5.70173574453,-0.564409089575));
#3211 = CARTESIAN_POINT('',(5.847036453339,-0.563858602172));
#3212 = CARTESIAN_POINT('',(5.992342527964,-0.563488232341));
#3213 = CARTESIAN_POINT('',(6.13771549142,-0.563302548705));
#3214 = CARTESIAN_POINT('',(6.28318530718,-0.563302548705));
#3215 = ( GEOMETRIC_REPRESENTATION_CONTEXT(2) 
PARAMETRIC_REPRESENTATION_CONTEXT() REPRESENTATION_CONTEXT('2D SPACE',''
  ) );
#3216 = PCURVE('',#3217,#3222);
#3217 = CYLINDRICAL_SURFACE('',#3218,0.178483262658);
#3218 = AXIS2_PLACEMENT_3D('',#3219,#3220,#3221);
#3219 = CARTESIAN_POINT('',(-3.827156133808E-02,-1.5873015E-02,
    -0.216754835172));
#3220 = DIRECTION('',(-0.,1.,0.));
#3221 = DIRECTION('',(-1.,-0.,6.261579225383E-08));
#3222 = DEFINITIONAL_REPRESENTATION('',(#3223),#3274);
#3223 = B_SPLINE_CURVE_WITH_KNOTS('',7,(#3224,#3225,#3226,#3227,#3228,
    #3229,#3230,#3231,#3232,#3233,#3234,#3235,#3236,#3237,#3238,#3239,
    #3240,#3241,#3242,#3243,#3244,#3245,#3246,#3247,#3248,#3249,#3250,
    #3251,#3252,#3253,#3254,#3255,#3256,#3257,#3258,#3259,#3260,#3261,
    #3262,#3263,#3264,#3265,#3266,#3267,#3268,#3269,#3270,#3271,#3272,
    #3273),.UNSPECIFIED.,.T.,.F.,(8,6,6,6,6,6,6,6,8),(0.,0.219465215055,
    0.259545620991,0.347974587678,0.499030464392,0.690142075266,
    0.739106485814,0.83776328973,1.),.UNSPECIFIED.);
#3224 = CARTESIAN_POINT('',(0.953231585564,-1.604935195711E-02));
#3225 = CARTESIAN_POINT('',(0.953231585564,-1.395383161985E-02));
#3226 = CARTESIAN_POINT('',(0.949905375752,-1.186419266276E-02));
#3227 = CARTESIAN_POINT('',(0.943280571838,-9.909311863648E-03));
#3228 = CARTESIAN_POINT('',(0.93363355545,-8.221865334921E-03));
#3229 = CARTESIAN_POINT('',(0.921461578697,-6.905950925441E-03));
#3230 = CARTESIAN_POINT('',(0.907506883125,-6.044650144522E-03));
#3231 = CARTESIAN_POINT('',(0.890119211868,-5.583575247074E-03));
#3232 = CARTESIAN_POINT('',(0.887406033346,-5.528014446293E-03));
#3233 = CARTESIAN_POINT('',(0.884670142326,-5.488240596144E-03));
#3234 = CARTESIAN_POINT('',(0.881917013479,-5.464350804632E-03));
#3235 = CARTESIAN_POINT('',(0.879152226184,-5.456393157822E-03));
#3236 = CARTESIAN_POINT('',(0.876381464516,-5.464366719829E-03));
#3237 = CARTESIAN_POINT('',(0.867497006252,-5.540852149074E-03));
#3238 = CARTESIAN_POINT('',(0.861373401228,-5.670870230868E-03));
#3239 = CARTESIAN_POINT('',(0.855311441624,-5.878050076064E-03));
#3240 = CARTESIAN_POINT('',(0.849378873269,-6.160377775218E-03));
#3241 = CARTESIAN_POINT('',(0.843638914341,-6.514646364202E-03));
#3242 = CARTESIAN_POINT('',(0.838149721311,-6.93705097683E-03));
#3243 = CARTESIAN_POINT('',(0.824105269004,-8.255229686738E-03));
#3244 = CARTESIAN_POINT('',(0.81611203903,-9.276246780701E-03));
#3245 = CARTESIAN_POINT('',(0.809349974365,-1.046062007963E-02));
#3246 = CARTESIAN_POINT('',(0.804089878177,-1.17702530349E-02));
#3247 = CARTESIAN_POINT('',(0.800512460647,-1.316493222606E-02));
#3248 = CARTESIAN_POINT('',(0.79871420811,-1.460534524069E-02));
#3249 = CARTESIAN_POINT('',(0.79871420811,-1.787626829885E-02));
#3250 = CARTESIAN_POINT('',(0.801590919135,-1.969048092883E-02));
#3251 = CARTESIAN_POINT('',(0.807278871401,-2.141409215925E-02));
#3252 = CARTESIAN_POINT('',(0.815524650411,-2.296577736568E-02));
#3253 = CARTESIAN_POINT('',(0.825912809997,-2.427688757585E-02));
#3254 = CARTESIAN_POINT('',(0.837825795173,-2.527049568672E-02));
#3255 = CARTESIAN_POINT('',(0.853589539236,-2.608719813588E-02));
#3256 = CARTESIAN_POINT('',(0.856857077402,-2.623177341206E-02));
#3257 = CARTESIAN_POINT('',(0.860166425532,-2.635384211501E-02));
#3258 = CARTESIAN_POINT('',(0.863506977994,-2.645299700596E-02));
#3259 = CARTESIAN_POINT('',(0.866868176637,-2.652893591029E-02));
#3260 = CARTESIAN_POINT('',(0.870239510788,-2.658146171754E-02));
#3261 = CARTESIAN_POINT('',(0.880402648942,-2.666895517646E-02));
#3262 = CARTESIAN_POINT('',(0.887200885727,-2.663207032346E-02));
#3263 = CARTESIAN_POINT('',(0.893912167013,-2.649866308908E-02));
#3264 = CARTESIAN_POINT('',(0.900451246155,-2.627000636892E-02));
#3265 = CARTESIAN_POINT('',(0.906741216553,-2.594925495265E-02));
#3266 = CARTESIAN_POINT('',(0.912714037749,-2.55408897892E-02));
#3267 = CARTESIAN_POINT('',(0.927515117257,-2.424318272153E-02));
#3268 = CARTESIAN_POINT('',(0.935697905327,-2.321379208682E-02));
#3269 = CARTESIAN_POINT('',(0.942552836206,-2.198987749129E-02));
#3270 = CARTESIAN_POINT('',(0.947850182924,-2.061151801718E-02));
#3271 = CARTESIAN_POINT('',(0.951436090527,-1.912698048215E-02));
#3272 = CARTESIAN_POINT('',(0.953231585564,-1.758871523594E-02));
#3273 = CARTESIAN_POINT('',(0.953231585564,-1.604935195711E-02));
#3274 = ( GEOMETRIC_REPRESENTATION_CONTEXT(2) 
PARAMETRIC_REPRESENTATION_CONTEXT() REPRESENTATION_CONTEXT('2D SPACE',''
  ) );
#3275 = ORIENTED_EDGE('',*,*,#3086,.F.);
#3276 = ADVANCED_FACE('',(#3277),#3217,.F.);
#3277 = FACE_BOUND('',#3278,.F.);
#3278 = EDGE_LOOP('',(#3279));
#3279 = ORIENTED_EDGE('',*,*,#3109,.T.);
#3280 = ( GEOMETRIC_REPRESENTATION_CONTEXT(3) 
GLOBAL_UNCERTAINTY_ASSIGNED_CONTEXT((#3284)) 
GLOBAL_UNIT_ASSIGNED_CONTEXT((#3281,#3282,#3283)) REPRESENTATION_CONTEXT
('Context #1','3D Context with UNIT and UNCERTAINTY') );
#3281 = ( LENGTH_UNIT() NAMED_UNIT(*) SI_UNIT(.MILLI.,.METRE.) );
#3282 = ( NAMED_UNIT(*) PLANE_ANGLE_UNIT() SI_UNIT($,.RADIAN.) );
#3283 = ( NAMED_UNIT(*) SI_UNIT($,.STERADIAN.) SOLID_ANGLE_UNIT() );
#3284 = UNCERTAINTY_MEASURE_WITH_UNIT(LENGTH_MEASURE(1.E-07),#3281,
  'distance_accuracy_value','confusion accuracy');
#3285 = CONTEXT_DEPENDENT_SHAPE_REPRESENTATION(#3286,#3288);
#3286 = ( REPRESENTATION_RELATIONSHIP('','',#3037,#10) 
REPRESENTATION_RELATIONSHIP_WITH_TRANSFORMATION(#3287) 
SHAPE_REPRESENTATION_RELATIONSHIP() );
#3287 = ITEM_DEFINED_TRANSFORMATION('','',#11,#23);
#3288 = PRODUCT_DEFINITION_SHAPE('Placement','Placement of an item',
  #3289);
#3289 = NEXT_ASSEMBLY_USAGE_OCCURRENCE('25','','',#5,#3032,$);
#3290 = CC_DESIGN_SECURITY_CLASSIFICATION(#3291,(#3289));
#3291 = SECURITY_CLASSIFICATION('','',#47);
#3292 = CC_DESIGN_PERSON_AND_ORGANIZATION_ASSIGNMENT(#36,#45,(#3291));
#3293 = CC_DESIGN_DATE_AND_TIME_ASSIGNMENT(#50,#56,(#3291));
#3294 = CC_DESIGN_APPROVAL(#58,(#3291));
#3295 = PRODUCT_RELATED_PRODUCT_CATEGORY('detail',$,(#3034));
#3296 = PRODUCT_CATEGORY_RELATIONSHIP('','',#3297,#3295);
#3297 = PRODUCT_CATEGORY('part',$);
#3298 = CC_DESIGN_PERSON_AND_ORGANIZATION_ASSIGNMENT(#36,#39,(#3033,
    #3032));
#3299 = CC_DESIGN_PERSON_AND_ORGANIZATION_ASSIGNMENT(#36,#41,(#3034));
#3300 = CC_DESIGN_PERSON_AND_ORGANIZATION_ASSIGNMENT(#36,#43,(#3033));
#3301 = CC_DESIGN_PERSON_AND_ORGANIZATION_ASSIGNMENT(#36,#45,(#3302));
#3302 = SECURITY_CLASSIFICATION('','',#47);
#3303 = CC_DESIGN_SECURITY_CLASSIFICATION(#3302,(#3033));
#3304 = CC_DESIGN_DATE_AND_TIME_ASSIGNMENT(#50,#54,(#3032));
#3305 = CC_DESIGN_DATE_AND_TIME_ASSIGNMENT(#50,#56,(#3302));
#3306 = CC_DESIGN_APPROVAL(#58,(#3033,#3032,#3302));
ENDSEC;
END-ISO-10303-21;
