ISO-10303-21;
HEADER;
FILE_DESCRIPTION(('Open CASCADE Model'),'2;1');
FILE_NAME('Open CASCADE Shape Model','2026-08-24T20:15:06',('Author'),(
    'Open CASCADE'),'Open CASCADE STEP processor 7.7','Open CASCADE 7.7'
  ,'Unknown');
FILE_SCHEMA(('CONFIG_CONTROL_DESIGN'));
ENDSEC;
DATA;
#1 = APPLICATION_PROTOCOL_DEFINITION('international standard',
  'config_control_design',1994,#2);
#2 = APPLICATION_CONTEXT(
'configuration controlled 3D designs of mechanical parts and assemblies'
  );
#3 = SHAPE_DEFINITION_REPRESENTATION(#4,#10);
#4 = PRODUCT_DEFINITION_SHAPE('','',#5);
#5 = PRODUCT_DEFINITION('design','',#6,#9);
#6 = PRODUCT_DEFINITION_FORMATION_WITH_SPECIFIED_SOURCE('','',#7,
  .NOT_KNOWN.);
#7 = PRODUCT('Open CASCADE STEP translator 7.7 273',
  'Open CASCADE STEP translator 7.7 273','',(#8));
#8 = MECHANICAL_CONTEXT('',#2,'mechanical');
#9 = DESIGN_CONTEXT('',#2,'design');
#10 = SHAPE_REPRESENTATION('',(#11,#15,#19,#23,#27),#31);
#11 = AXIS2_PLACEMENT_3D('',#12,#13,#14);
#12 = CARTESIAN_POINT('',(0.,0.,0.));
#13 = DIRECTION('',(0.,0.,1.));
#14 = DIRECTION('',(1.,0.,-0.));
#15 = AXIS2_PLACEMENT_3D('',#16,#17,#18);
#16 = CARTESIAN_POINT('',(0.,0.,0.));
#17 = DIRECTION('',(0.,0.,1.));
#18 = DIRECTION('',(1.,0.,-0.));
#19 = AXIS2_PLACEMENT_3D('',#20,#21,#22);
#20 = CARTESIAN_POINT('',(0.,0.,0.));
#21 = DIRECTION('',(0.,0.,1.));
#22 = DIRECTION('',(1.,0.,-0.));
#23 = AXIS2_PLACEMENT_3D('',#24,#25,#26);
#24 = CARTESIAN_POINT('',(0.,0.,0.));
#25 = DIRECTION('',(0.,0.,1.));
#26 = DIRECTION('',(1.,0.,-0.));
#27 = AXIS2_PLACEMENT_3D('',#28,#29,#30);
#28 = CARTESIAN_POINT('',(0.,0.,0.));
#29 = DIRECTION('',(0.,0.,1.));
#30 = DIRECTION('',(1.,0.,-0.));
#31 = ( GEOMETRIC_REPRESENTATION_CONTEXT(3) 
GLOBAL_UNCERTAINTY_ASSIGNED_CONTEXT((#35)) GLOBAL_UNIT_ASSIGNED_CONTEXT(
(#32,#33,#34)) REPRESENTATION_CONTEXT('Context #1',
  '3D Context with UNIT and UNCERTAINTY') );
#32 = ( LENGTH_UNIT() NAMED_UNIT(*) SI_UNIT(.MILLI.,.METRE.) );
#33 = ( NAMED_UNIT(*) PLANE_ANGLE_UNIT() SI_UNIT($,.RADIAN.) );
#34 = ( NAMED_UNIT(*) SI_UNIT($,.STERADIAN.) SOLID_ANGLE_UNIT() );
#35 = UNCERTAINTY_MEASURE_WITH_UNIT(LENGTH_MEASURE(1.E-07),#32,
  'distance_accuracy_value','confusion accuracy');
#36 = PRODUCT_RELATED_PRODUCT_CATEGORY('detail',$,(#7));
#37 = PRODUCT_CATEGORY_RELATIONSHIP('','',#38,#36);
#38 = PRODUCT_CATEGORY('part',$);
#39 = CC_DESIGN_PERSON_AND_ORGANIZATION_ASSIGNMENT(#40,#43,(#6,#5));
#40 = PERSON_AND_ORGANIZATION(#41,#42);
#41 = PERSON('IP127.0.0,root','','root',$,$,$);
#42 = ORGANIZATION('IP127.0.0','Unspecified','');
#43 = PERSON_AND_ORGANIZATION_ROLE('creator');
#44 = CC_DESIGN_PERSON_AND_ORGANIZATION_ASSIGNMENT(#40,#45,(#7));
#45 = PERSON_AND_ORGANIZATION_ROLE('design_owner');
#46 = CC_DESIGN_PERSON_AND_ORGANIZATION_ASSIGNMENT(#40,#47,(#6));
#47 = PERSON_AND_ORGANIZATION_ROLE('design_supplier');
#48 = CC_DESIGN_PERSON_AND_ORGANIZATION_ASSIGNMENT(#40,#49,(#50));
#49 = PERSON_AND_ORGANIZATION_ROLE('classification_officer');
#50 = SECURITY_CLASSIFICATION('','',#51);
#51 = SECURITY_CLASSIFICATION_LEVEL('unclassified');
#52 = CC_DESIGN_SECURITY_CLASSIFICATION(#50,(#6));
#53 = CC_DESIGN_DATE_AND_TIME_ASSIGNMENT(#54,#58,(#5));
#54 = DATE_AND_TIME(#55,#56);
#55 = CALENDAR_DATE(2026,24,8);
#56 = LOCAL_TIME(20,13,$,#57);
#57 = COORDINATED_UNIVERSAL_TIME_OFFSET(8,$,.AHEAD.);
#58 = DATE_TIME_ROLE('creation_date');
#59 = CC_DESIGN_DATE_AND_TIME_ASSIGNMENT(#54,#60,(#50));
#60 = DATE_TIME_ROLE('classification_date');
#61 = CC_DESIGN_APPROVAL(#62,(#6,#5,#50));
#62 = APPROVAL(#63,'');
#63 = APPROVAL_STATUS('not_yet_approved');
#64 = APPROVAL_PERSON_ORGANIZATION(#40,#62,#65);
#65 = APPROVAL_ROLE('approver');
#66 = APPROVAL_DATE_TIME(#54,#62);
#67 = SHAPE_DEFINITION_REPRESENTATION(#68,#74);
#68 = PRODUCT_DEFINITION_SHAPE('','',#69);
#69 = PRODUCT_DEFINITION('design','',#70,#73);
#70 = PRODUCT_DEFINITION_FORMATION_WITH_SPECIFIED_SOURCE('','',#71,
  .NOT_KNOWN.);
#71 = PRODUCT('Open CASCADE STEP translator 7.7 273.1',
  'Open CASCADE STEP translator 7.7 273.1','',(#72));
#72 = MECHANICAL_CONTEXT('',#2,'mechanical');
#73 = DESIGN_CONTEXT('',#2,'design');
#74 = ADVANCED_BREP_SHAPE_REPRESENTATION('',(#11,#75),#1656);
#75 = MANIFOLD_SOLID_BREP('',#76);
#76 = CLOSED_SHELL('',(#77,#199,#280,#361,#438,#703,#758,#807,#862,#911,
    #1176,#1225,#1274,#1302,#1352,#1356,#1406,#1456,#1483,#1510,#1537,
    #1564,#1571,#1598,#1602,#1629));
#77 = ADVANCED_FACE('',(#78),#92,.T.);
#78 = FACE_BOUND('',#79,.F.);
#79 = EDGE_LOOP('',(#80,#115,#144,#172));
#80 = ORIENTED_EDGE('',*,*,#81,.T.);
#81 = EDGE_CURVE('',#82,#84,#86,.T.);
#82 = VERTEX_POINT('',#83);
#83 = CARTESIAN_POINT('',(-0.182187020852,-1.5873015E-02,-0.564902961327
    ));
#84 = VERTEX_POINT('',#85);
#85 = CARTESIAN_POINT('',(-0.182187020852,-9.5238149E-02,-0.564902961327
    ));
#86 = SURFACE_CURVE('',#87,(#91,#103),.PCURVE_S1.);
#87 = LINE('',#88,#89);
#88 = CARTESIAN_POINT('',(-0.182187020852,-1.5873015E-02,-0.564902961327
    ));
#89 = VECTOR('',#90,1.);
#90 = DIRECTION('',(0.,-1.,0.));
#91 = PCURVE('',#92,#97);
#92 = CYLINDRICAL_SURFACE('',#93,6.983769817239E-02);
#93 = AXIS2_PLACEMENT_3D('',#94,#95,#96);
#94 = CARTESIAN_POINT('',(-0.113051220848,-1.5873015E-02,-0.555026461754
    ));
#95 = DIRECTION('',(-0.,1.,-0.));
#96 = DIRECTION('',(-0.989949580431,-0.,-0.141420748849));
#97 = DEFINITIONAL_REPRESENTATION('',(#98),#102);
#98 = LINE('',#99,#100);
#99 = CARTESIAN_POINT('',(-0.,0.));
#100 = VECTOR('',#101,1.);
#101 = DIRECTION('',(-0.,-1.));
#102 = ( GEOMETRIC_REPRESENTATION_CONTEXT(2) 
PARAMETRIC_REPRESENTATION_CONTEXT() REPRESENTATION_CONTEXT('2D SPACE',''
  ) );
#103 = PCURVE('',#104,#109);
#104 = PLANE('',#105);
#105 = AXIS2_PLACEMENT_3D('',#106,#107,#108);
#106 = CARTESIAN_POINT('',(-8.342158801712E-02,-1.5873015E-02,
    2.768960587822E-02));
#107 = DIRECTION('',(0.986393922491,0.,-0.16439899535));
#108 = DIRECTION('',(-0.16439899535,0.,-0.986393922491));
#109 = DEFINITIONAL_REPRESENTATION('',(#110),#114);
#110 = LINE('',#111,#112);
#111 = CARTESIAN_POINT('',(0.600766644738,0.));
#112 = VECTOR('',#113,1.);
#113 = DIRECTION('',(-0.,-1.));
#114 = ( GEOMETRIC_REPRESENTATION_CONTEXT(2) 
PARAMETRIC_REPRESENTATION_CONTEXT() REPRESENTATION_CONTEXT('2D SPACE',''
  ) );
#115 = ORIENTED_EDGE('',*,*,#116,.T.);
#116 = EDGE_CURVE('',#84,#117,#119,.T.);
#117 = VERTEX_POINT('',#118);
#118 = CARTESIAN_POINT('',(-4.391542084373E-02,-9.5238149E-02,
    -0.564902961327));
#119 = SURFACE_CURVE('',#120,(#125,#132),.PCURVE_S1.);
#120 = CIRCLE('',#121,6.983769817239E-02);
#121 = AXIS2_PLACEMENT_3D('',#122,#123,#124);
#122 = CARTESIAN_POINT('',(-0.113051220848,-9.5238149E-02,
    -0.555026461754));
#123 = DIRECTION('',(0.,-1.,0.));
#124 = DIRECTION('',(-0.989949580431,-0.,-0.141420748849));
#125 = PCURVE('',#92,#126);
#126 = DEFINITIONAL_REPRESENTATION('',(#127),#131);
#127 = LINE('',#128,#129);
#128 = CARTESIAN_POINT('',(-0.,-7.9365134E-02));
#129 = VECTOR('',#130,1.);
#130 = DIRECTION('',(-1.,0.));
#131 = ( GEOMETRIC_REPRESENTATION_CONTEXT(2) 
PARAMETRIC_REPRESENTATION_CONTEXT() REPRESENTATION_CONTEXT('2D SPACE',''
  ) );
#132 = PCURVE('',#133,#138);
#133 = PLANE('',#134);
#134 = AXIS2_PLACEMENT_3D('',#135,#136,#137);
#135 = CARTESIAN_POINT('',(-1.5873015E-02,-9.5238149E-02,-1.5873015E-02)
  );
#136 = DIRECTION('',(0.,-1.,0.));
#137 = DIRECTION('',(1.,0.,0.));
#138 = DEFINITIONAL_REPRESENTATION('',(#139),#143);
#139 = CIRCLE('',#140,6.983769817239E-02);
#140 = AXIS2_PLACEMENT_2D('',#141,#142);
#141 = CARTESIAN_POINT('',(-9.717820584774E-02,-0.539153446754));
#142 = DIRECTION('',(-0.989949580431,-0.141420748849));
#143 = ( GEOMETRIC_REPRESENTATION_CONTEXT(2) 
PARAMETRIC_REPRESENTATION_CONTEXT() REPRESENTATION_CONTEXT('2D SPACE',''
  ) );
#144 = ORIENTED_EDGE('',*,*,#145,.F.);
#145 = EDGE_CURVE('',#146,#117,#148,.T.);
#146 = VERTEX_POINT('',#147);
#147 = CARTESIAN_POINT('',(-4.391542084373E-02,-1.5873015E-02,
    -0.564902961327));
#148 = SURFACE_CURVE('',#149,(#153,#160),.PCURVE_S1.);
#149 = LINE('',#150,#151);
#150 = CARTESIAN_POINT('',(-4.391542084373E-02,-1.5873015E-02,
    -0.564902961327));
#151 = VECTOR('',#152,1.);
#152 = DIRECTION('',(0.,-1.,0.));
#153 = PCURVE('',#92,#154);
#154 = DEFINITIONAL_REPRESENTATION('',(#155),#159);
#155 = LINE('',#156,#157);
#156 = CARTESIAN_POINT('',(-2.857799771492,0.));
#157 = VECTOR('',#158,1.);
#158 = DIRECTION('',(-0.,-1.));
#159 = ( GEOMETRIC_REPRESENTATION_CONTEXT(2) 
PARAMETRIC_REPRESENTATION_CONTEXT() REPRESENTATION_CONTEXT('2D SPACE',''
  ) );
#160 = PCURVE('',#161,#166);
#161 = PLANE('',#162);
#162 = AXIS2_PLACEMENT_3D('',#163,#164,#165);
#163 = CARTESIAN_POINT('',(-4.391542084373E-02,-1.5873015E-02,
    -0.564902961327));
#164 = DIRECTION('',(-0.986393897017,0.,0.164399148193));
#165 = DIRECTION('',(0.164399148193,0.,0.986393897017));
#166 = DEFINITIONAL_REPRESENTATION('',(#167),#171);
#167 = LINE('',#168,#169);
#168 = CARTESIAN_POINT('',(0.,0.));
#169 = VECTOR('',#170,1.);
#170 = DIRECTION('',(0.,-1.));
#171 = ( GEOMETRIC_REPRESENTATION_CONTEXT(2) 
PARAMETRIC_REPRESENTATION_CONTEXT() REPRESENTATION_CONTEXT('2D SPACE',''
  ) );
#172 = ORIENTED_EDGE('',*,*,#173,.F.);
#173 = EDGE_CURVE('',#82,#146,#174,.T.);
#174 = SURFACE_CURVE('',#175,(#180,#187),.PCURVE_S1.);
#175 = CIRCLE('',#176,6.983769817239E-02);
#176 = AXIS2_PLACEMENT_3D('',#177,#178,#179);
#177 = CARTESIAN_POINT('',(-0.113051220848,-1.5873015E-02,
    -0.555026461754));
#178 = DIRECTION('',(0.,-1.,0.));
#179 = DIRECTION('',(-0.989949580431,-0.,-0.141420748849));
#180 = PCURVE('',#92,#181);
#181 = DEFINITIONAL_REPRESENTATION('',(#182),#186);
#182 = LINE('',#183,#184);
#183 = CARTESIAN_POINT('',(-0.,0.));
#184 = VECTOR('',#185,1.);
#185 = DIRECTION('',(-1.,0.));
#186 = ( GEOMETRIC_REPRESENTATION_CONTEXT(2) 
PARAMETRIC_REPRESENTATION_CONTEXT() REPRESENTATION_CONTEXT('2D SPACE',''
  ) );
#187 = PCURVE('',#188,#193);
#188 = CYLINDRICAL_SURFACE('',#189,6.983769817239E-02);
#189 = AXIS2_PLACEMENT_3D('',#190,#191,#192);
#190 = CARTESIAN_POINT('',(-0.113051220848,-1.5873015E-02,
    -0.555026461754));
#191 = DIRECTION('',(0.,-1.,0.));
#192 = DIRECTION('',(-0.989949580431,-0.,-0.141420748849));
#193 = DEFINITIONAL_REPRESENTATION('',(#194),#198);
#194 = LINE('',#195,#196);
#195 = CARTESIAN_POINT('',(0.,0.));
#196 = VECTOR('',#197,1.);
#197 = DIRECTION('',(1.,0.));
#198 = ( GEOMETRIC_REPRESENTATION_CONTEXT(2) 
PARAMETRIC_REPRESENTATION_CONTEXT() REPRESENTATION_CONTEXT('2D SPACE',''
  ) );
#199 = ADVANCED_FACE('',(#200),#104,.F.);
#200 = FACE_BOUND('',#201,.F.);
#201 = EDGE_LOOP('',(#202,#232,#253,#254));
#202 = ORIENTED_EDGE('',*,*,#203,.T.);
#203 = EDGE_CURVE('',#204,#206,#208,.T.);
#204 = VERTEX_POINT('',#205);
#205 = CARTESIAN_POINT('',(-8.342158801712E-02,-1.5873015E-02,
    2.768960587822E-02));
#206 = VERTEX_POINT('',#207);
#207 = CARTESIAN_POINT('',(-8.342158801712E-02,-9.5238149E-02,
    2.768960587822E-02));
#208 = SURFACE_CURVE('',#209,(#213,#220),.PCURVE_S1.);
#209 = LINE('',#210,#211);
#210 = CARTESIAN_POINT('',(-8.342158801712E-02,-1.5873015E-02,
    2.768960587822E-02));
#211 = VECTOR('',#212,1.);
#212 = DIRECTION('',(0.,-1.,0.));
#213 = PCURVE('',#104,#214);
#214 = DEFINITIONAL_REPRESENTATION('',(#215),#219);
#215 = LINE('',#216,#217);
#216 = CARTESIAN_POINT('',(6.844482775627E-18,0.));
#217 = VECTOR('',#218,1.);
#218 = DIRECTION('',(-0.,-1.));
#219 = ( GEOMETRIC_REPRESENTATION_CONTEXT(2) 
PARAMETRIC_REPRESENTATION_CONTEXT() REPRESENTATION_CONTEXT('2D SPACE',''
  ) );
#220 = PCURVE('',#221,#226);
#221 = CYLINDRICAL_SURFACE('',#222,6.983768623077E-02);
#222 = AXIS2_PLACEMENT_3D('',#223,#224,#225);
#223 = CARTESIAN_POINT('',(-1.428580291428E-02,-1.5873015E-02,
    1.781308643661E-02));
#224 = DIRECTION('',(-0.,1.,-0.));
#225 = DIRECTION('',(-0.141421057521,0.,0.989949536335));
#226 = DEFINITIONAL_REPRESENTATION('',(#227),#231);
#227 = LINE('',#228,#229);
#228 = CARTESIAN_POINT('',(-1.287002821084,0.));
#229 = VECTOR('',#230,1.);
#230 = DIRECTION('',(-0.,-1.));
#231 = ( GEOMETRIC_REPRESENTATION_CONTEXT(2) 
PARAMETRIC_REPRESENTATION_CONTEXT() REPRESENTATION_CONTEXT('2D SPACE',''
  ) );
#232 = ORIENTED_EDGE('',*,*,#233,.T.);
#233 = EDGE_CURVE('',#206,#84,#234,.T.);
#234 = SURFACE_CURVE('',#235,(#239,#246),.PCURVE_S1.);
#235 = LINE('',#236,#237);
#236 = CARTESIAN_POINT('',(-8.342158801712E-02,-9.5238149E-02,
    2.768960587822E-02));
#237 = VECTOR('',#238,1.);
#238 = DIRECTION('',(-0.16439899535,0.,-0.986393922491));
#239 = PCURVE('',#104,#240);
#240 = DEFINITIONAL_REPRESENTATION('',(#241),#245);
#241 = LINE('',#242,#243);
#242 = CARTESIAN_POINT('',(-0.,-7.9365134E-02));
#243 = VECTOR('',#244,1.);
#244 = DIRECTION('',(1.,0.));
#245 = ( GEOMETRIC_REPRESENTATION_CONTEXT(2) 
PARAMETRIC_REPRESENTATION_CONTEXT() REPRESENTATION_CONTEXT('2D SPACE',''
  ) );
#246 = PCURVE('',#133,#247);
#247 = DEFINITIONAL_REPRESENTATION('',(#248),#252);
#248 = LINE('',#249,#250);
#249 = CARTESIAN_POINT('',(-6.754857301712E-02,4.356262087822E-02));
#250 = VECTOR('',#251,1.);
#251 = DIRECTION('',(-0.16439899535,-0.986393922491));
#252 = ( GEOMETRIC_REPRESENTATION_CONTEXT(2) 
PARAMETRIC_REPRESENTATION_CONTEXT() REPRESENTATION_CONTEXT('2D SPACE',''
  ) );
#253 = ORIENTED_EDGE('',*,*,#81,.F.);
#254 = ORIENTED_EDGE('',*,*,#255,.F.);
#255 = EDGE_CURVE('',#204,#82,#256,.T.);
#256 = SURFACE_CURVE('',#257,(#261,#268),.PCURVE_S1.);
#257 = LINE('',#258,#259);
#258 = CARTESIAN_POINT('',(-8.342158801712E-02,-1.5873015E-02,
    2.768960587822E-02));
#259 = VECTOR('',#260,1.);
#260 = DIRECTION('',(-0.16439899535,0.,-0.986393922491));
#261 = PCURVE('',#104,#262);
#262 = DEFINITIONAL_REPRESENTATION('',(#263),#267);
#263 = LINE('',#264,#265);
#264 = CARTESIAN_POINT('',(0.,0.));
#265 = VECTOR('',#266,1.);
#266 = DIRECTION('',(1.,0.));
#267 = ( GEOMETRIC_REPRESENTATION_CONTEXT(2) 
PARAMETRIC_REPRESENTATION_CONTEXT() REPRESENTATION_CONTEXT('2D SPACE',''
  ) );
#268 = PCURVE('',#269,#274);
#269 = PLANE('',#270);
#270 = AXIS2_PLACEMENT_3D('',#271,#272,#273);
#271 = CARTESIAN_POINT('',(-8.342158801712E-02,-1.5873015E-02,
    2.768960587822E-02));
#272 = DIRECTION('',(-0.986393922491,0.,0.16439899535));
#273 = DIRECTION('',(-0.16439899535,0.,-0.986393922491));
#274 = DEFINITIONAL_REPRESENTATION('',(#275),#279);
#275 = LINE('',#276,#277);
#276 = CARTESIAN_POINT('',(0.,0.));
#277 = VECTOR('',#278,1.);
#278 = DIRECTION('',(1.,0.));
#279 = ( GEOMETRIC_REPRESENTATION_CONTEXT(2) 
PARAMETRIC_REPRESENTATION_CONTEXT() REPRESENTATION_CONTEXT('2D SPACE',''
  ) );
#280 = ADVANCED_FACE('',(#281),#161,.F.);
#281 = FACE_BOUND('',#282,.F.);
#282 = EDGE_LOOP('',(#283,#284,#307,#335));
#283 = ORIENTED_EDGE('',*,*,#145,.T.);
#284 = ORIENTED_EDGE('',*,*,#285,.T.);
#285 = EDGE_CURVE('',#117,#286,#288,.T.);
#286 = VERTEX_POINT('',#287);
#287 = CARTESIAN_POINT('',(-2.416232235588E-02,-9.5238149E-02,
    -0.446384489609));
#288 = SURFACE_CURVE('',#289,(#293,#300),.PCURVE_S1.);
#289 = LINE('',#290,#291);
#290 = CARTESIAN_POINT('',(-4.391542084373E-02,-9.5238149E-02,
    -0.564902961327));
#291 = VECTOR('',#292,1.);
#292 = DIRECTION('',(0.164399148193,0.,0.986393897017));
#293 = PCURVE('',#161,#294);
#294 = DEFINITIONAL_REPRESENTATION('',(#295),#299);
#295 = LINE('',#296,#297);
#296 = CARTESIAN_POINT('',(0.,-7.9365134E-02));
#297 = VECTOR('',#298,1.);
#298 = DIRECTION('',(1.,0.));
#299 = ( GEOMETRIC_REPRESENTATION_CONTEXT(2) 
PARAMETRIC_REPRESENTATION_CONTEXT() REPRESENTATION_CONTEXT('2D SPACE',''
  ) );
#300 = PCURVE('',#133,#301);
#301 = DEFINITIONAL_REPRESENTATION('',(#302),#306);
#302 = LINE('',#303,#304);
#303 = CARTESIAN_POINT('',(-2.804240584373E-02,-0.549029946327));
#304 = VECTOR('',#305,1.);
#305 = DIRECTION('',(0.164399148193,0.986393897017));
#306 = ( GEOMETRIC_REPRESENTATION_CONTEXT(2) 
PARAMETRIC_REPRESENTATION_CONTEXT() REPRESENTATION_CONTEXT('2D SPACE',''
  ) );
#307 = ORIENTED_EDGE('',*,*,#308,.F.);
#308 = EDGE_CURVE('',#309,#286,#311,.T.);
#309 = VERTEX_POINT('',#310);
#310 = CARTESIAN_POINT('',(-2.416232235588E-02,-1.5873015E-02,
    -0.446384489609));
#311 = SURFACE_CURVE('',#312,(#316,#323),.PCURVE_S1.);
#312 = LINE('',#313,#314);
#313 = CARTESIAN_POINT('',(-2.416232235588E-02,-1.5873015E-02,
    -0.446384489609));
#314 = VECTOR('',#315,1.);
#315 = DIRECTION('',(0.,-1.,0.));
#316 = PCURVE('',#161,#317);
#317 = DEFINITIONAL_REPRESENTATION('',(#318),#322);
#318 = LINE('',#319,#320);
#319 = CARTESIAN_POINT('',(0.120153289752,0.));
#320 = VECTOR('',#321,1.);
#321 = DIRECTION('',(0.,-1.));
#322 = ( GEOMETRIC_REPRESENTATION_CONTEXT(2) 
PARAMETRIC_REPRESENTATION_CONTEXT() REPRESENTATION_CONTEXT('2D SPACE',''
  ) );
#323 = PCURVE('',#324,#329);
#324 = CYLINDRICAL_SURFACE('',#325,0.476545740142);
#325 = AXIS2_PLACEMENT_3D('',#326,#327,#328);
#326 = CARTESIAN_POINT('',(0.448368573455,-1.5873015E-02,-0.508112886247
    ));
#327 = DIRECTION('',(0.,1.,0.));
#328 = DIRECTION('',(-0.991575112329,0.,0.129532994291));
#329 = DEFINITIONAL_REPRESENTATION('',(#330),#334);
#330 = LINE('',#331,#332);
#331 = CARTESIAN_POINT('',(0.,0.));
#332 = VECTOR('',#333,1.);
#333 = DIRECTION('',(0.,-1.));
#334 = ( GEOMETRIC_REPRESENTATION_CONTEXT(2) 
PARAMETRIC_REPRESENTATION_CONTEXT() REPRESENTATION_CONTEXT('2D SPACE',''
  ) );
#335 = ORIENTED_EDGE('',*,*,#336,.F.);
#336 = EDGE_CURVE('',#146,#309,#337,.T.);
#337 = SURFACE_CURVE('',#338,(#342,#349),.PCURVE_S1.);
#338 = LINE('',#339,#340);
#339 = CARTESIAN_POINT('',(-4.391542084373E-02,-1.5873015E-02,
    -0.564902961327));
#340 = VECTOR('',#341,1.);
#341 = DIRECTION('',(0.164399148193,0.,0.986393897017));
#342 = PCURVE('',#161,#343);
#343 = DEFINITIONAL_REPRESENTATION('',(#344),#348);
#344 = LINE('',#345,#346);
#345 = CARTESIAN_POINT('',(0.,0.));
#346 = VECTOR('',#347,1.);
#347 = DIRECTION('',(1.,0.));
#348 = ( GEOMETRIC_REPRESENTATION_CONTEXT(2) 
PARAMETRIC_REPRESENTATION_CONTEXT() REPRESENTATION_CONTEXT('2D SPACE',''
  ) );
#349 = PCURVE('',#350,#355);
#350 = PLANE('',#351);
#351 = AXIS2_PLACEMENT_3D('',#352,#353,#354);
#352 = CARTESIAN_POINT('',(-4.391542084373E-02,-1.5873015E-02,
    -0.564902961327));
#353 = DIRECTION('',(0.986393897017,0.,-0.164399148193));
#354 = DIRECTION('',(0.164399148193,0.,0.986393897017));
#355 = DEFINITIONAL_REPRESENTATION('',(#356),#360);
#356 = LINE('',#357,#358);
#357 = CARTESIAN_POINT('',(0.,0.));
#358 = VECTOR('',#359,1.);
#359 = DIRECTION('',(1.,0.));
#360 = ( GEOMETRIC_REPRESENTATION_CONTEXT(2) 
PARAMETRIC_REPRESENTATION_CONTEXT() REPRESENTATION_CONTEXT('2D SPACE',''
  ) );
#361 = ADVANCED_FACE('',(#362),#188,.T.);
#362 = FACE_BOUND('',#363,.T.);
#363 = EDGE_LOOP('',(#364,#387,#416,#437));
#364 = ORIENTED_EDGE('',*,*,#365,.T.);
#365 = EDGE_CURVE('',#82,#366,#368,.T.);
#366 = VERTEX_POINT('',#367);
#367 = CARTESIAN_POINT('',(-0.182187020852,0.,-0.564902961327));
#368 = SURFACE_CURVE('',#369,(#373,#380),.PCURVE_S1.);
#369 = LINE('',#370,#371);
#370 = CARTESIAN_POINT('',(-0.182187020852,-1.5873015E-02,
    -0.564902961327));
#371 = VECTOR('',#372,1.);
#372 = DIRECTION('',(-0.,1.,-0.));
#373 = PCURVE('',#188,#374);
#374 = DEFINITIONAL_REPRESENTATION('',(#375),#379);
#375 = LINE('',#376,#377);
#376 = CARTESIAN_POINT('',(0.,0.));
#377 = VECTOR('',#378,1.);
#378 = DIRECTION('',(0.,-1.));
#379 = ( GEOMETRIC_REPRESENTATION_CONTEXT(2) 
PARAMETRIC_REPRESENTATION_CONTEXT() REPRESENTATION_CONTEXT('2D SPACE',''
  ) );
#380 = PCURVE('',#269,#381);
#381 = DEFINITIONAL_REPRESENTATION('',(#382),#386);
#382 = LINE('',#383,#384);
#383 = CARTESIAN_POINT('',(0.600766644738,0.));
#384 = VECTOR('',#385,1.);
#385 = DIRECTION('',(0.,-1.));
#386 = ( GEOMETRIC_REPRESENTATION_CONTEXT(2) 
PARAMETRIC_REPRESENTATION_CONTEXT() REPRESENTATION_CONTEXT('2D SPACE',''
  ) );
#387 = ORIENTED_EDGE('',*,*,#388,.T.);
#388 = EDGE_CURVE('',#366,#389,#391,.T.);
#389 = VERTEX_POINT('',#390);
#390 = CARTESIAN_POINT('',(-4.391542084373E-02,0.,-0.564902961327));
#391 = SURFACE_CURVE('',#392,(#397,#404),.PCURVE_S1.);
#392 = CIRCLE('',#393,6.983769817239E-02);
#393 = AXIS2_PLACEMENT_3D('',#394,#395,#396);
#394 = CARTESIAN_POINT('',(-0.113051220848,0.,-0.555026461754));
#395 = DIRECTION('',(0.,-1.,0.));
#396 = DIRECTION('',(-0.989949580431,-0.,-0.141420748849));
#397 = PCURVE('',#188,#398);
#398 = DEFINITIONAL_REPRESENTATION('',(#399),#403);
#399 = LINE('',#400,#401);
#400 = CARTESIAN_POINT('',(0.,-1.5873015E-02));
#401 = VECTOR('',#402,1.);
#402 = DIRECTION('',(1.,0.));
#403 = ( GEOMETRIC_REPRESENTATION_CONTEXT(2) 
PARAMETRIC_REPRESENTATION_CONTEXT() REPRESENTATION_CONTEXT('2D SPACE',''
  ) );
#404 = PCURVE('',#405,#410);
#405 = PLANE('',#406);
#406 = AXIS2_PLACEMENT_3D('',#407,#408,#409);
#407 = CARTESIAN_POINT('',(-1.5873015E-02,0.,-1.5873015E-02));
#408 = DIRECTION('',(0.,-1.,0.));
#409 = DIRECTION('',(1.,0.,0.));
#410 = DEFINITIONAL_REPRESENTATION('',(#411),#415);
#411 = CIRCLE('',#412,6.983769817239E-02);
#412 = AXIS2_PLACEMENT_2D('',#413,#414);
#413 = CARTESIAN_POINT('',(-9.717820584774E-02,-0.539153446754));
#414 = DIRECTION('',(-0.989949580431,-0.141420748849));
#415 = ( GEOMETRIC_REPRESENTATION_CONTEXT(2) 
PARAMETRIC_REPRESENTATION_CONTEXT() REPRESENTATION_CONTEXT('2D SPACE',''
  ) );
#416 = ORIENTED_EDGE('',*,*,#417,.F.);
#417 = EDGE_CURVE('',#146,#389,#418,.T.);
#418 = SURFACE_CURVE('',#419,(#423,#430),.PCURVE_S1.);
#419 = LINE('',#420,#421);
#420 = CARTESIAN_POINT('',(-4.391542084373E-02,-1.5873015E-02,
    -0.564902961327));
#421 = VECTOR('',#422,1.);
#422 = DIRECTION('',(-0.,1.,-0.));
#423 = PCURVE('',#188,#424);
#424 = DEFINITIONAL_REPRESENTATION('',(#425),#429);
#425 = LINE('',#426,#427);
#426 = CARTESIAN_POINT('',(2.857799771492,0.));
#427 = VECTOR('',#428,1.);
#428 = DIRECTION('',(0.,-1.));
#429 = ( GEOMETRIC_REPRESENTATION_CONTEXT(2) 
PARAMETRIC_REPRESENTATION_CONTEXT() REPRESENTATION_CONTEXT('2D SPACE',''
  ) );
#430 = PCURVE('',#350,#431);
#431 = DEFINITIONAL_REPRESENTATION('',(#432),#436);
#432 = LINE('',#433,#434);
#433 = CARTESIAN_POINT('',(0.,0.));
#434 = VECTOR('',#435,1.);
#435 = DIRECTION('',(0.,-1.));
#436 = ( GEOMETRIC_REPRESENTATION_CONTEXT(2) 
PARAMETRIC_REPRESENTATION_CONTEXT() REPRESENTATION_CONTEXT('2D SPACE',''
  ) );
#437 = ORIENTED_EDGE('',*,*,#173,.F.);
#438 = ADVANCED_FACE('',(#439,#579,#610,#641,#672),#133,.T.);
#439 = FACE_BOUND('',#440,.T.);
#440 = EDGE_LOOP('',(#441,#442,#443,#471,#499,#528,#556,#578));
#441 = ORIENTED_EDGE('',*,*,#116,.T.);
#442 = ORIENTED_EDGE('',*,*,#285,.T.);
#443 = ORIENTED_EDGE('',*,*,#444,.T.);
#444 = EDGE_CURVE('',#286,#445,#447,.T.);
#445 = VERTEX_POINT('',#446);
#446 = CARTESIAN_POINT('',(0.449911802934,-9.5238149E-02,
    -3.156964488186E-02));
#447 = SURFACE_CURVE('',#448,(#453,#464),.PCURVE_S1.);
#448 = CIRCLE('',#449,0.476545740142);
#449 = AXIS2_PLACEMENT_3D('',#450,#451,#452);
#450 = CARTESIAN_POINT('',(0.448368573455,-9.5238149E-02,-0.508112886247
    ));
#451 = DIRECTION('',(0.,1.,0.));
#452 = DIRECTION('',(-0.991575112329,0.,0.129532994291));
#453 = PCURVE('',#133,#454);
#454 = DEFINITIONAL_REPRESENTATION('',(#455),#463);
#455 = ( BOUNDED_CURVE() B_SPLINE_CURVE(2,(#456,#457,#458,#459,#460,#461
,#462),.UNSPECIFIED.,.T.,.F.) B_SPLINE_CURVE_WITH_KNOTS((1,2,2,2,2,1),(
    -2.094395102393,0.,2.094395102393,4.188790204786,6.28318530718,
8.377580409573),.UNSPECIFIED.) CURVE() GEOMETRIC_REPRESENTATION_ITEM() 
RATIONAL_B_SPLINE_CURVE((1.,0.5,1.,0.5,1.,0.5,1.)) REPRESENTATION_ITEM(
  '') );
#456 = CARTESIAN_POINT('',(-8.289307355881E-03,-0.430511474609));
#457 = CARTESIAN_POINT('',(9.862741188966E-02,0.387936045082));
#458 = CARTESIAN_POINT('',(0.753965395984,-0.11388030972));
#459 = CARTESIAN_POINT('',(1.409303380078,-0.615696664521));
#460 = CARTESIAN_POINT('',(0.647048676738,-0.932327829411));
#461 = CARTESIAN_POINT('',(-0.115206026601,-1.248958994301));
#462 = CARTESIAN_POINT('',(-8.289307355881E-03,-0.430511474609));
#463 = ( GEOMETRIC_REPRESENTATION_CONTEXT(2) 
PARAMETRIC_REPRESENTATION_CONTEXT() REPRESENTATION_CONTEXT('2D SPACE',''
  ) );
#464 = PCURVE('',#324,#465);
#465 = DEFINITIONAL_REPRESENTATION('',(#466),#470);
#466 = LINE('',#467,#468);
#467 = CARTESIAN_POINT('',(0.,-7.9365134E-02));
#468 = VECTOR('',#469,1.);
#469 = DIRECTION('',(1.,0.));
#470 = ( GEOMETRIC_REPRESENTATION_CONTEXT(2) 
PARAMETRIC_REPRESENTATION_CONTEXT() REPRESENTATION_CONTEXT('2D SPACE',''
  ) );
#471 = ORIENTED_EDGE('',*,*,#472,.T.);
#472 = EDGE_CURVE('',#445,#473,#475,.T.);
#473 = VERTEX_POINT('',#474);
#474 = CARTESIAN_POINT('',(0.765961170123,-9.5238149E-02,
    -3.156964488186E-02));
#475 = SURFACE_CURVE('',#476,(#480,#487),.PCURVE_S1.);
#476 = LINE('',#477,#478);
#477 = CARTESIAN_POINT('',(0.449911802934,-9.5238149E-02,
    -3.156964488186E-02));
#478 = VECTOR('',#479,1.);
#479 = DIRECTION('',(1.,0.,0.));
#480 = PCURVE('',#133,#481);
#481 = DEFINITIONAL_REPRESENTATION('',(#482),#486);
#482 = LINE('',#483,#484);
#483 = CARTESIAN_POINT('',(0.465784817934,-1.569662988186E-02));
#484 = VECTOR('',#485,1.);
#485 = DIRECTION('',(1.,0.));
#486 = ( GEOMETRIC_REPRESENTATION_CONTEXT(2) 
PARAMETRIC_REPRESENTATION_CONTEXT() REPRESENTATION_CONTEXT('2D SPACE',''
  ) );
#487 = PCURVE('',#488,#493);
#488 = PLANE('',#489);
#489 = AXIS2_PLACEMENT_3D('',#490,#491,#492);
#490 = CARTESIAN_POINT('',(0.449911802934,-1.5873015E-02,
    -3.156964488186E-02));
#491 = DIRECTION('',(-0.,0.,1.));
#492 = DIRECTION('',(1.,0.,0.));
#493 = DEFINITIONAL_REPRESENTATION('',(#494),#498);
#494 = LINE('',#495,#496);
#495 = CARTESIAN_POINT('',(0.,-7.9365134E-02));
#496 = VECTOR('',#497,1.);
#497 = DIRECTION('',(1.,0.));
#498 = ( GEOMETRIC_REPRESENTATION_CONTEXT(2) 
PARAMETRIC_REPRESENTATION_CONTEXT() REPRESENTATION_CONTEXT('2D SPACE',''
  ) );
#499 = ORIENTED_EDGE('',*,*,#500,.T.);
#500 = EDGE_CURVE('',#473,#501,#503,.T.);
#501 = VERTEX_POINT('',#502);
#502 = CARTESIAN_POINT('',(0.765961170123,-9.5238149E-02,
    8.694887153946E-02));
#503 = SURFACE_CURVE('',#504,(#509,#516),.PCURVE_S1.);
#504 = CIRCLE('',#505,6.172839179635E-02);
#505 = AXIS2_PLACEMENT_3D('',#506,#507,#508);
#506 = CARTESIAN_POINT('',(0.783245112674,-9.5238149E-02,
    2.76896133288E-02));
#507 = DIRECTION('',(0.,-1.,0.));
#508 = DIRECTION('',(-0.279999884129,-0.,-0.960000033796));
#509 = PCURVE('',#133,#510);
#510 = DEFINITIONAL_REPRESENTATION('',(#511),#515);
#511 = CIRCLE('',#512,6.172839179635E-02);
#512 = AXIS2_PLACEMENT_2D('',#513,#514);
#513 = CARTESIAN_POINT('',(0.799118127674,4.35626283288E-02));
#514 = DIRECTION('',(-0.279999884129,-0.960000033796));
#515 = ( GEOMETRIC_REPRESENTATION_CONTEXT(2) 
PARAMETRIC_REPRESENTATION_CONTEXT() REPRESENTATION_CONTEXT('2D SPACE',''
  ) );
#516 = PCURVE('',#517,#522);
#517 = CYLINDRICAL_SURFACE('',#518,6.172839179635E-02);
#518 = AXIS2_PLACEMENT_3D('',#519,#520,#521);
#519 = CARTESIAN_POINT('',(0.783245112674,-1.5873015E-02,
    2.76896133288E-02));
#520 = DIRECTION('',(-0.,1.,-0.));
#521 = DIRECTION('',(-0.279999884129,-0.,-0.960000033796));
#522 = DEFINITIONAL_REPRESENTATION('',(#523),#527);
#523 = LINE('',#524,#525);
#524 = CARTESIAN_POINT('',(-0.,-7.9365134E-02));
#525 = VECTOR('',#526,1.);
#526 = DIRECTION('',(-1.,0.));
#527 = ( GEOMETRIC_REPRESENTATION_CONTEXT(2) 
PARAMETRIC_REPRESENTATION_CONTEXT() REPRESENTATION_CONTEXT('2D SPACE',''
  ) );
#528 = ORIENTED_EDGE('',*,*,#529,.T.);
#529 = EDGE_CURVE('',#501,#530,#532,.T.);
#530 = VERTEX_POINT('',#531);
#531 = CARTESIAN_POINT('',(-2.416232235588E-02,-9.5238149E-02,
    8.694887153946E-02));
#532 = SURFACE_CURVE('',#533,(#537,#544),.PCURVE_S1.);
#533 = LINE('',#534,#535);
#534 = CARTESIAN_POINT('',(0.765961170123,-9.5238149E-02,
    8.694887153946E-02));
#535 = VECTOR('',#536,1.);
#536 = DIRECTION('',(-1.,0.,0.));
#537 = PCURVE('',#133,#538);
#538 = DEFINITIONAL_REPRESENTATION('',(#539),#543);
#539 = LINE('',#540,#541);
#540 = CARTESIAN_POINT('',(0.781834185123,0.102821886539));
#541 = VECTOR('',#542,1.);
#542 = DIRECTION('',(-1.,0.));
#543 = ( GEOMETRIC_REPRESENTATION_CONTEXT(2) 
PARAMETRIC_REPRESENTATION_CONTEXT() REPRESENTATION_CONTEXT('2D SPACE',''
  ) );
#544 = PCURVE('',#545,#550);
#545 = PLANE('',#546);
#546 = AXIS2_PLACEMENT_3D('',#547,#548,#549);
#547 = CARTESIAN_POINT('',(0.765961170123,-1.5873015E-02,
    8.694887153946E-02));
#548 = DIRECTION('',(-0.,-0.,-1.));
#549 = DIRECTION('',(-1.,0.,0.));
#550 = DEFINITIONAL_REPRESENTATION('',(#551),#555);
#551 = LINE('',#552,#553);
#552 = CARTESIAN_POINT('',(0.,-7.9365134E-02));
#553 = VECTOR('',#554,1.);
#554 = DIRECTION('',(1.,0.));
#555 = ( GEOMETRIC_REPRESENTATION_CONTEXT(2) 
PARAMETRIC_REPRESENTATION_CONTEXT() REPRESENTATION_CONTEXT('2D SPACE',''
  ) );
#556 = ORIENTED_EDGE('',*,*,#557,.T.);
#557 = EDGE_CURVE('',#530,#206,#558,.T.);
#558 = SURFACE_CURVE('',#559,(#564,#571),.PCURVE_S1.);
#559 = CIRCLE('',#560,6.983768623077E-02);
#560 = AXIS2_PLACEMENT_3D('',#561,#562,#563);
#561 = CARTESIAN_POINT('',(-1.428580291428E-02,-9.5238149E-02,
    1.781308643661E-02));
#562 = DIRECTION('',(0.,-1.,0.));
#563 = DIRECTION('',(-0.141421057521,0.,0.989949536335));
#564 = PCURVE('',#133,#565);
#565 = DEFINITIONAL_REPRESENTATION('',(#566),#570);
#566 = CIRCLE('',#567,6.983768623077E-02);
#567 = AXIS2_PLACEMENT_2D('',#568,#569);
#568 = CARTESIAN_POINT('',(1.587212085724E-03,3.368610143661E-02));
#569 = DIRECTION('',(-0.141421057521,0.989949536335));
#570 = ( GEOMETRIC_REPRESENTATION_CONTEXT(2) 
PARAMETRIC_REPRESENTATION_CONTEXT() REPRESENTATION_CONTEXT('2D SPACE',''
  ) );
#571 = PCURVE('',#221,#572);
#572 = DEFINITIONAL_REPRESENTATION('',(#573),#577);
#573 = LINE('',#574,#575);
#574 = CARTESIAN_POINT('',(-0.,-7.9365134E-02));
#575 = VECTOR('',#576,1.);
#576 = DIRECTION('',(-1.,0.));
#577 = ( GEOMETRIC_REPRESENTATION_CONTEXT(2) 
PARAMETRIC_REPRESENTATION_CONTEXT() REPRESENTATION_CONTEXT('2D SPACE',''
  ) );
#578 = ORIENTED_EDGE('',*,*,#233,.T.);
#579 = FACE_BOUND('',#580,.T.);
#580 = EDGE_LOOP('',(#581));
#581 = ORIENTED_EDGE('',*,*,#582,.F.);
#582 = EDGE_CURVE('',#583,#583,#585,.T.);
#583 = VERTEX_POINT('',#584);
#584 = CARTESIAN_POINT('',(-7.848329816286E-02,-9.5238149E-02,
    -0.564902994441));
#585 = SURFACE_CURVE('',#586,(#591,#598),.PCURVE_S1.);
#586 = CIRCLE('',#587,4.444445106718E-02);
#587 = AXIS2_PLACEMENT_3D('',#588,#589,#590);
#588 = CARTESIAN_POINT('',(-0.12292774923,-9.5238149E-02,-0.564902994441
    ));
#589 = DIRECTION('',(0.,-1.,0.));
#590 = DIRECTION('',(1.,0.,0.));
#591 = PCURVE('',#133,#592);
#592 = DEFINITIONAL_REPRESENTATION('',(#593),#597);
#593 = CIRCLE('',#594,4.444445106718E-02);
#594 = AXIS2_PLACEMENT_2D('',#595,#596);
#595 = CARTESIAN_POINT('',(-0.10705473423,-0.549029979441));
#596 = DIRECTION('',(1.,0.));
#597 = ( GEOMETRIC_REPRESENTATION_CONTEXT(2) 
PARAMETRIC_REPRESENTATION_CONTEXT() REPRESENTATION_CONTEXT('2D SPACE',''
  ) );
#598 = PCURVE('',#599,#604);
#599 = CYLINDRICAL_SURFACE('',#600,4.444445106718E-02);
#600 = AXIS2_PLACEMENT_3D('',#601,#602,#603);
#601 = CARTESIAN_POINT('',(-0.12292774923,-1.5873015E-02,-0.564902994441
    ));
#602 = DIRECTION('',(-0.,1.,-0.));
#603 = DIRECTION('',(1.,0.,0.));
#604 = DEFINITIONAL_REPRESENTATION('',(#605),#609);
#605 = LINE('',#606,#607);
#606 = CARTESIAN_POINT('',(-0.,-7.9365134E-02));
#607 = VECTOR('',#608,1.);
#608 = DIRECTION('',(-1.,0.));
#609 = ( GEOMETRIC_REPRESENTATION_CONTEXT(2) 
PARAMETRIC_REPRESENTATION_CONTEXT() REPRESENTATION_CONTEXT('2D SPACE',''
  ) );
#610 = FACE_BOUND('',#611,.T.);
#611 = EDGE_LOOP('',(#612));
#612 = ORIENTED_EDGE('',*,*,#613,.F.);
#613 = EDGE_CURVE('',#614,#614,#616,.T.);
#614 = VERTEX_POINT('',#615);
#615 = CARTESIAN_POINT('',(0.116578429202,-9.5238149E-02,-0.107407413662
    ));
#616 = SURFACE_CURVE('',#617,(#622,#629),.PCURVE_S1.);
#617 = CIRCLE('',#618,9.171075291104E-03);
#618 = AXIS2_PLACEMENT_3D('',#619,#620,#621);
#619 = CARTESIAN_POINT('',(0.107407353911,-9.5238149E-02,-0.107407413662
    ));
#620 = DIRECTION('',(0.,-1.,0.));
#621 = DIRECTION('',(1.,0.,0.));
#622 = PCURVE('',#133,#623);
#623 = DEFINITIONAL_REPRESENTATION('',(#624),#628);
#624 = CIRCLE('',#625,9.171075291104E-03);
#625 = AXIS2_PLACEMENT_2D('',#626,#627);
#626 = CARTESIAN_POINT('',(0.123280368911,-9.153439866172E-02));
#627 = DIRECTION('',(1.,0.));
#628 = ( GEOMETRIC_REPRESENTATION_CONTEXT(2) 
PARAMETRIC_REPRESENTATION_CONTEXT() REPRESENTATION_CONTEXT('2D SPACE',''
  ) );
#629 = PCURVE('',#630,#635);
#630 = PLANE('',#631);
#631 = AXIS2_PLACEMENT_3D('',#632,#633,#634);
#632 = CARTESIAN_POINT('',(-1.5873015E-02,-9.5238149E-02,-1.5873015E-02)
  );
#633 = DIRECTION('',(0.,-1.,0.));
#634 = DIRECTION('',(1.,0.,0.));
#635 = DEFINITIONAL_REPRESENTATION('',(#636),#640);
#636 = CIRCLE('',#637,9.171075291104E-03);
#637 = AXIS2_PLACEMENT_2D('',#638,#639);
#638 = CARTESIAN_POINT('',(0.123280368911,-9.153439866172E-02));
#639 = DIRECTION('',(1.,0.));
#640 = ( GEOMETRIC_REPRESENTATION_CONTEXT(2) 
PARAMETRIC_REPRESENTATION_CONTEXT() REPRESENTATION_CONTEXT('2D SPACE',''
  ) );
#641 = FACE_BOUND('',#642,.T.);
#642 = EDGE_LOOP('',(#643));
#643 = ORIENTED_EDGE('',*,*,#644,.F.);
#644 = EDGE_CURVE('',#645,#645,#647,.T.);
#645 = VERTEX_POINT('',#646);
#646 = CARTESIAN_POINT('',(1.53438474666E-02,-9.5238149E-02,
    2.768959991776E-02));
#647 = SURFACE_CURVE('',#648,(#653,#660),.PCURVE_S1.);
#648 = CIRCLE('',#649,3.950617048475E-02);
#649 = AXIS2_PLACEMENT_3D('',#650,#651,#652);
#650 = CARTESIAN_POINT('',(-2.416232301815E-02,-9.5238149E-02,
    2.768959991776E-02));
#651 = DIRECTION('',(0.,-1.,0.));
#652 = DIRECTION('',(1.,0.,0.));
#653 = PCURVE('',#133,#654);
#654 = DEFINITIONAL_REPRESENTATION('',(#655),#659);
#655 = CIRCLE('',#656,3.950617048475E-02);
#656 = AXIS2_PLACEMENT_2D('',#657,#658);
#657 = CARTESIAN_POINT('',(-8.289308018155E-03,4.356261491776E-02));
#658 = DIRECTION('',(1.,0.));
#659 = ( GEOMETRIC_REPRESENTATION_CONTEXT(2) 
PARAMETRIC_REPRESENTATION_CONTEXT() REPRESENTATION_CONTEXT('2D SPACE',''
  ) );
#660 = PCURVE('',#661,#666);
#661 = CYLINDRICAL_SURFACE('',#662,3.950617048475E-02);
#662 = AXIS2_PLACEMENT_3D('',#663,#664,#665);
#663 = CARTESIAN_POINT('',(-2.416232301815E-02,-1.5873015E-02,
    2.768959991776E-02));
#664 = DIRECTION('',(-0.,1.,-0.));
#665 = DIRECTION('',(1.,0.,0.));
#666 = DEFINITIONAL_REPRESENTATION('',(#667),#671);
#667 = LINE('',#668,#669);
#668 = CARTESIAN_POINT('',(-0.,-7.9365134E-02));
#669 = VECTOR('',#670,1.);
#670 = DIRECTION('',(-1.,0.));
#671 = ( GEOMETRIC_REPRESENTATION_CONTEXT(2) 
PARAMETRIC_REPRESENTATION_CONTEXT() REPRESENTATION_CONTEXT('2D SPACE',''
  ) );
#672 = FACE_BOUND('',#673,.T.);
#673 = EDGE_LOOP('',(#674));
#674 = ORIENTED_EDGE('',*,*,#675,.F.);
#675 = EDGE_CURVE('',#676,#676,#678,.T.);
#676 = VERTEX_POINT('',#677);
#677 = CARTESIAN_POINT('',(0.810405602647,-9.5238149E-02,
    2.768959991776E-02));
#678 = SURFACE_CURVE('',#679,(#684,#691),.PCURVE_S1.);
#679 = CIRCLE('',#680,4.444444179535E-02);
#680 = AXIS2_PLACEMENT_3D('',#681,#682,#683);
#681 = CARTESIAN_POINT('',(0.765961160852,-9.5238149E-02,
    2.768959991776E-02));
#682 = DIRECTION('',(0.,-1.,0.));
#683 = DIRECTION('',(1.,0.,0.));
#684 = PCURVE('',#133,#685);
#685 = DEFINITIONAL_REPRESENTATION('',(#686),#690);
#686 = CIRCLE('',#687,4.444444179535E-02);
#687 = AXIS2_PLACEMENT_2D('',#688,#689);
#688 = CARTESIAN_POINT('',(0.781834175852,4.356261491776E-02));
#689 = DIRECTION('',(1.,0.));
#690 = ( GEOMETRIC_REPRESENTATION_CONTEXT(2) 
PARAMETRIC_REPRESENTATION_CONTEXT() REPRESENTATION_CONTEXT('2D SPACE',''
  ) );
#691 = PCURVE('',#692,#697);
#692 = CYLINDRICAL_SURFACE('',#693,4.444444179535E-02);
#693 = AXIS2_PLACEMENT_3D('',#694,#695,#696);
#694 = CARTESIAN_POINT('',(0.765961160852,-1.5873015E-02,
    2.768959991776E-02));
#695 = DIRECTION('',(-0.,1.,-0.));
#696 = DIRECTION('',(1.,0.,0.));
#697 = DEFINITIONAL_REPRESENTATION('',(#698),#702);
#698 = LINE('',#699,#700);
#699 = CARTESIAN_POINT('',(-0.,-7.9365134E-02));
#700 = VECTOR('',#701,1.);
#701 = DIRECTION('',(-1.,0.));
#702 = ( GEOMETRIC_REPRESENTATION_CONTEXT(2) 
PARAMETRIC_REPRESENTATION_CONTEXT() REPRESENTATION_CONTEXT('2D SPACE',''
  ) );
#703 = ADVANCED_FACE('',(#704),#221,.T.);
#704 = FACE_BOUND('',#705,.F.);
#705 = EDGE_LOOP('',(#706,#729,#730,#731));
#706 = ORIENTED_EDGE('',*,*,#707,.T.);
#707 = EDGE_CURVE('',#708,#530,#710,.T.);
#708 = VERTEX_POINT('',#709);
#709 = CARTESIAN_POINT('',(-2.416232235588E-02,-1.5873015E-02,
    8.694887153946E-02));
#710 = SURFACE_CURVE('',#711,(#715,#722),.PCURVE_S1.);
#711 = LINE('',#712,#713);
#712 = CARTESIAN_POINT('',(-2.416232235588E-02,-1.5873015E-02,
    8.694887153946E-02));
#713 = VECTOR('',#714,1.);
#714 = DIRECTION('',(0.,-1.,0.));
#715 = PCURVE('',#221,#716);
#716 = DEFINITIONAL_REPRESENTATION('',(#717),#721);
#717 = LINE('',#718,#719);
#718 = CARTESIAN_POINT('',(-0.,0.));
#719 = VECTOR('',#720,1.);
#720 = DIRECTION('',(-0.,-1.));
#721 = ( GEOMETRIC_REPRESENTATION_CONTEXT(2) 
PARAMETRIC_REPRESENTATION_CONTEXT() REPRESENTATION_CONTEXT('2D SPACE',''
  ) );
#722 = PCURVE('',#545,#723);
#723 = DEFINITIONAL_REPRESENTATION('',(#724),#728);
#724 = LINE('',#725,#726);
#725 = CARTESIAN_POINT('',(0.790123492479,0.));
#726 = VECTOR('',#727,1.);
#727 = DIRECTION('',(0.,-1.));
#728 = ( GEOMETRIC_REPRESENTATION_CONTEXT(2) 
PARAMETRIC_REPRESENTATION_CONTEXT() REPRESENTATION_CONTEXT('2D SPACE',''
  ) );
#729 = ORIENTED_EDGE('',*,*,#557,.T.);
#730 = ORIENTED_EDGE('',*,*,#203,.F.);
#731 = ORIENTED_EDGE('',*,*,#732,.F.);
#732 = EDGE_CURVE('',#708,#204,#733,.T.);
#733 = SURFACE_CURVE('',#734,(#739,#746),.PCURVE_S1.);
#734 = CIRCLE('',#735,6.983768623077E-02);
#735 = AXIS2_PLACEMENT_3D('',#736,#737,#738);
#736 = CARTESIAN_POINT('',(-1.428580291428E-02,-1.5873015E-02,
    1.781308643661E-02));
#737 = DIRECTION('',(0.,-1.,0.));
#738 = DIRECTION('',(-0.141421057521,0.,0.989949536335));
#739 = PCURVE('',#221,#740);
#740 = DEFINITIONAL_REPRESENTATION('',(#741),#745);
#741 = LINE('',#742,#743);
#742 = CARTESIAN_POINT('',(-0.,0.));
#743 = VECTOR('',#744,1.);
#744 = DIRECTION('',(-1.,0.));
#745 = ( GEOMETRIC_REPRESENTATION_CONTEXT(2) 
PARAMETRIC_REPRESENTATION_CONTEXT() REPRESENTATION_CONTEXT('2D SPACE',''
  ) );
#746 = PCURVE('',#747,#752);
#747 = CYLINDRICAL_SURFACE('',#748,6.983768623077E-02);
#748 = AXIS2_PLACEMENT_3D('',#749,#750,#751);
#749 = CARTESIAN_POINT('',(-1.428580291428E-02,-1.5873015E-02,
    1.781308643661E-02));
#750 = DIRECTION('',(0.,-1.,0.));
#751 = DIRECTION('',(-0.141421057521,0.,0.989949536335));
#752 = DEFINITIONAL_REPRESENTATION('',(#753),#757);
#753 = LINE('',#754,#755);
#754 = CARTESIAN_POINT('',(0.,0.));
#755 = VECTOR('',#756,1.);
#756 = DIRECTION('',(1.,0.));
#757 = ( GEOMETRIC_REPRESENTATION_CONTEXT(2) 
PARAMETRIC_REPRESENTATION_CONTEXT() REPRESENTATION_CONTEXT('2D SPACE',''
  ) );
#758 = ADVANCED_FACE('',(#759),#269,.T.);
#759 = FACE_BOUND('',#760,.T.);
#760 = EDGE_LOOP('',(#761,#784,#805,#806));
#761 = ORIENTED_EDGE('',*,*,#762,.T.);
#762 = EDGE_CURVE('',#204,#763,#765,.T.);
#763 = VERTEX_POINT('',#764);
#764 = CARTESIAN_POINT('',(-8.342158801712E-02,0.,2.768960587822E-02));
#765 = SURFACE_CURVE('',#766,(#770,#777),.PCURVE_S1.);
#766 = LINE('',#767,#768);
#767 = CARTESIAN_POINT('',(-8.342158801712E-02,-1.5873015E-02,
    2.768960587822E-02));
#768 = VECTOR('',#769,1.);
#769 = DIRECTION('',(-0.,1.,-0.));
#770 = PCURVE('',#269,#771);
#771 = DEFINITIONAL_REPRESENTATION('',(#772),#776);
#772 = LINE('',#773,#774);
#773 = CARTESIAN_POINT('',(6.844482775627E-18,-0.));
#774 = VECTOR('',#775,1.);
#775 = DIRECTION('',(0.,-1.));
#776 = ( GEOMETRIC_REPRESENTATION_CONTEXT(2) 
PARAMETRIC_REPRESENTATION_CONTEXT() REPRESENTATION_CONTEXT('2D SPACE',''
  ) );
#777 = PCURVE('',#747,#778);
#778 = DEFINITIONAL_REPRESENTATION('',(#779),#783);
#779 = LINE('',#780,#781);
#780 = CARTESIAN_POINT('',(1.287002821084,0.));
#781 = VECTOR('',#782,1.);
#782 = DIRECTION('',(0.,-1.));
#783 = ( GEOMETRIC_REPRESENTATION_CONTEXT(2) 
PARAMETRIC_REPRESENTATION_CONTEXT() REPRESENTATION_CONTEXT('2D SPACE',''
  ) );
#784 = ORIENTED_EDGE('',*,*,#785,.T.);
#785 = EDGE_CURVE('',#763,#366,#786,.T.);
#786 = SURFACE_CURVE('',#787,(#791,#798),.PCURVE_S1.);
#787 = LINE('',#788,#789);
#788 = CARTESIAN_POINT('',(-8.342158801712E-02,0.,2.768960587822E-02));
#789 = VECTOR('',#790,1.);
#790 = DIRECTION('',(-0.16439899535,0.,-0.986393922491));
#791 = PCURVE('',#269,#792);
#792 = DEFINITIONAL_REPRESENTATION('',(#793),#797);
#793 = LINE('',#794,#795);
#794 = CARTESIAN_POINT('',(0.,-1.5873015E-02));
#795 = VECTOR('',#796,1.);
#796 = DIRECTION('',(1.,0.));
#797 = ( GEOMETRIC_REPRESENTATION_CONTEXT(2) 
PARAMETRIC_REPRESENTATION_CONTEXT() REPRESENTATION_CONTEXT('2D SPACE',''
  ) );
#798 = PCURVE('',#405,#799);
#799 = DEFINITIONAL_REPRESENTATION('',(#800),#804);
#800 = LINE('',#801,#802);
#801 = CARTESIAN_POINT('',(-6.754857301712E-02,4.356262087822E-02));
#802 = VECTOR('',#803,1.);
#803 = DIRECTION('',(-0.16439899535,-0.986393922491));
#804 = ( GEOMETRIC_REPRESENTATION_CONTEXT(2) 
PARAMETRIC_REPRESENTATION_CONTEXT() REPRESENTATION_CONTEXT('2D SPACE',''
  ) );
#805 = ORIENTED_EDGE('',*,*,#365,.F.);
#806 = ORIENTED_EDGE('',*,*,#255,.F.);
#807 = ADVANCED_FACE('',(#808),#324,.F.);
#808 = FACE_BOUND('',#809,.F.);
#809 = EDGE_LOOP('',(#810,#811,#812,#835));
#810 = ORIENTED_EDGE('',*,*,#308,.T.);
#811 = ORIENTED_EDGE('',*,*,#444,.T.);
#812 = ORIENTED_EDGE('',*,*,#813,.F.);
#813 = EDGE_CURVE('',#814,#445,#816,.T.);
#814 = VERTEX_POINT('',#815);
#815 = CARTESIAN_POINT('',(0.449911802934,-1.5873015E-02,
    -3.156964488186E-02));
#816 = SURFACE_CURVE('',#817,(#821,#828),.PCURVE_S1.);
#817 = LINE('',#818,#819);
#818 = CARTESIAN_POINT('',(0.449911802934,-1.5873015E-02,
    -3.156964488186E-02));
#819 = VECTOR('',#820,1.);
#820 = DIRECTION('',(0.,-1.,0.));
#821 = PCURVE('',#324,#822);
#822 = DEFINITIONAL_REPRESENTATION('',(#823),#827);
#823 = LINE('',#824,#825);
#824 = CARTESIAN_POINT('',(1.444136706775,0.));
#825 = VECTOR('',#826,1.);
#826 = DIRECTION('',(0.,-1.));
#827 = ( GEOMETRIC_REPRESENTATION_CONTEXT(2) 
PARAMETRIC_REPRESENTATION_CONTEXT() REPRESENTATION_CONTEXT('2D SPACE',''
  ) );
#828 = PCURVE('',#488,#829);
#829 = DEFINITIONAL_REPRESENTATION('',(#830),#834);
#830 = LINE('',#831,#832);
#831 = CARTESIAN_POINT('',(5.551115123126E-17,0.));
#832 = VECTOR('',#833,1.);
#833 = DIRECTION('',(0.,-1.));
#834 = ( GEOMETRIC_REPRESENTATION_CONTEXT(2) 
PARAMETRIC_REPRESENTATION_CONTEXT() REPRESENTATION_CONTEXT('2D SPACE',''
  ) );
#835 = ORIENTED_EDGE('',*,*,#836,.F.);
#836 = EDGE_CURVE('',#309,#814,#837,.T.);
#837 = SURFACE_CURVE('',#838,(#843,#850),.PCURVE_S1.);
#838 = CIRCLE('',#839,0.476545740142);
#839 = AXIS2_PLACEMENT_3D('',#840,#841,#842);
#840 = CARTESIAN_POINT('',(0.448368573455,-1.5873015E-02,-0.508112886247
    ));
#841 = DIRECTION('',(0.,1.,0.));
#842 = DIRECTION('',(-0.991575112329,0.,0.129532994291));
#843 = PCURVE('',#324,#844);
#844 = DEFINITIONAL_REPRESENTATION('',(#845),#849);
#845 = LINE('',#846,#847);
#846 = CARTESIAN_POINT('',(0.,0.));
#847 = VECTOR('',#848,1.);
#848 = DIRECTION('',(1.,0.));
#849 = ( GEOMETRIC_REPRESENTATION_CONTEXT(2) 
PARAMETRIC_REPRESENTATION_CONTEXT() REPRESENTATION_CONTEXT('2D SPACE',''
  ) );
#850 = PCURVE('',#851,#856);
#851 = CYLINDRICAL_SURFACE('',#852,0.476545740142);
#852 = AXIS2_PLACEMENT_3D('',#853,#854,#855);
#853 = CARTESIAN_POINT('',(0.448368573455,-1.5873015E-02,-0.508112886247
    ));
#854 = DIRECTION('',(-0.,-1.,-0.));
#855 = DIRECTION('',(-0.991575112329,0.,0.129532994291));
#856 = DEFINITIONAL_REPRESENTATION('',(#857),#861);
#857 = LINE('',#858,#859);
#858 = CARTESIAN_POINT('',(-0.,0.));
#859 = VECTOR('',#860,1.);
#860 = DIRECTION('',(-1.,0.));
#861 = ( GEOMETRIC_REPRESENTATION_CONTEXT(2) 
PARAMETRIC_REPRESENTATION_CONTEXT() REPRESENTATION_CONTEXT('2D SPACE',''
  ) );
#862 = ADVANCED_FACE('',(#863),#350,.T.);
#863 = FACE_BOUND('',#864,.T.);
#864 = EDGE_LOOP('',(#865,#866,#889,#910));
#865 = ORIENTED_EDGE('',*,*,#417,.T.);
#866 = ORIENTED_EDGE('',*,*,#867,.T.);
#867 = EDGE_CURVE('',#389,#868,#870,.T.);
#868 = VERTEX_POINT('',#869);
#869 = CARTESIAN_POINT('',(-2.416232235588E-02,0.,-0.446384489609));
#870 = SURFACE_CURVE('',#871,(#875,#882),.PCURVE_S1.);
#871 = LINE('',#872,#873);
#872 = CARTESIAN_POINT('',(-4.391542084373E-02,0.,-0.564902961327));
#873 = VECTOR('',#874,1.);
#874 = DIRECTION('',(0.164399148193,0.,0.986393897017));
#875 = PCURVE('',#350,#876);
#876 = DEFINITIONAL_REPRESENTATION('',(#877),#881);
#877 = LINE('',#878,#879);
#878 = CARTESIAN_POINT('',(0.,-1.5873015E-02));
#879 = VECTOR('',#880,1.);
#880 = DIRECTION('',(1.,0.));
#881 = ( GEOMETRIC_REPRESENTATION_CONTEXT(2) 
PARAMETRIC_REPRESENTATION_CONTEXT() REPRESENTATION_CONTEXT('2D SPACE',''
  ) );
#882 = PCURVE('',#405,#883);
#883 = DEFINITIONAL_REPRESENTATION('',(#884),#888);
#884 = LINE('',#885,#886);
#885 = CARTESIAN_POINT('',(-2.804240584373E-02,-0.549029946327));
#886 = VECTOR('',#887,1.);
#887 = DIRECTION('',(0.164399148193,0.986393897017));
#888 = ( GEOMETRIC_REPRESENTATION_CONTEXT(2) 
PARAMETRIC_REPRESENTATION_CONTEXT() REPRESENTATION_CONTEXT('2D SPACE',''
  ) );
#889 = ORIENTED_EDGE('',*,*,#890,.F.);
#890 = EDGE_CURVE('',#309,#868,#891,.T.);
#891 = SURFACE_CURVE('',#892,(#896,#903),.PCURVE_S1.);
#892 = LINE('',#893,#894);
#893 = CARTESIAN_POINT('',(-2.416232235588E-02,-1.5873015E-02,
    -0.446384489609));
#894 = VECTOR('',#895,1.);
#895 = DIRECTION('',(-0.,1.,-0.));
#896 = PCURVE('',#350,#897);
#897 = DEFINITIONAL_REPRESENTATION('',(#898),#902);
#898 = LINE('',#899,#900);
#899 = CARTESIAN_POINT('',(0.120153289752,0.));
#900 = VECTOR('',#901,1.);
#901 = DIRECTION('',(0.,-1.));
#902 = ( GEOMETRIC_REPRESENTATION_CONTEXT(2) 
PARAMETRIC_REPRESENTATION_CONTEXT() REPRESENTATION_CONTEXT('2D SPACE',''
  ) );
#903 = PCURVE('',#851,#904);
#904 = DEFINITIONAL_REPRESENTATION('',(#905),#909);
#905 = LINE('',#906,#907);
#906 = CARTESIAN_POINT('',(-0.,0.));
#907 = VECTOR('',#908,1.);
#908 = DIRECTION('',(-0.,-1.));
#909 = ( GEOMETRIC_REPRESENTATION_CONTEXT(2) 
PARAMETRIC_REPRESENTATION_CONTEXT() REPRESENTATION_CONTEXT('2D SPACE',''
  ) );
#910 = ORIENTED_EDGE('',*,*,#336,.F.);
#911 = ADVANCED_FACE('',(#912,#1052,#1083,#1114,#1145),#405,.F.);
#912 = FACE_BOUND('',#913,.F.);
#913 = EDGE_LOOP('',(#914,#915,#916,#944,#972,#1001,#1029,#1051));
#914 = ORIENTED_EDGE('',*,*,#388,.T.);
#915 = ORIENTED_EDGE('',*,*,#867,.T.);
#916 = ORIENTED_EDGE('',*,*,#917,.T.);
#917 = EDGE_CURVE('',#868,#918,#920,.T.);
#918 = VERTEX_POINT('',#919);
#919 = CARTESIAN_POINT('',(0.449911802934,0.,-3.156964488186E-02));
#920 = SURFACE_CURVE('',#921,(#926,#937),.PCURVE_S1.);
#921 = CIRCLE('',#922,0.476545740142);
#922 = AXIS2_PLACEMENT_3D('',#923,#924,#925);
#923 = CARTESIAN_POINT('',(0.448368573455,0.,-0.508112886247));
#924 = DIRECTION('',(0.,1.,0.));
#925 = DIRECTION('',(-0.991575112329,0.,0.129532994291));
#926 = PCURVE('',#405,#927);
#927 = DEFINITIONAL_REPRESENTATION('',(#928),#936);
#928 = ( BOUNDED_CURVE() B_SPLINE_CURVE(2,(#929,#930,#931,#932,#933,#934
,#935),.UNSPECIFIED.,.T.,.F.) B_SPLINE_CURVE_WITH_KNOTS((1,2,2,2,2,1),(
    -2.094395102393,0.,2.094395102393,4.188790204786,6.28318530718,
8.377580409573),.UNSPECIFIED.) CURVE() GEOMETRIC_REPRESENTATION_ITEM() 
RATIONAL_B_SPLINE_CURVE((1.,0.5,1.,0.5,1.,0.5,1.)) REPRESENTATION_ITEM(
  '') );
#929 = CARTESIAN_POINT('',(-8.289307355881E-03,-0.430511474609));
#930 = CARTESIAN_POINT('',(9.862741188966E-02,0.387936045082));
#931 = CARTESIAN_POINT('',(0.753965395984,-0.11388030972));
#932 = CARTESIAN_POINT('',(1.409303380078,-0.615696664521));
#933 = CARTESIAN_POINT('',(0.647048676738,-0.932327829411));
#934 = CARTESIAN_POINT('',(-0.115206026601,-1.248958994301));
#935 = CARTESIAN_POINT('',(-8.289307355881E-03,-0.430511474609));
#936 = ( GEOMETRIC_REPRESENTATION_CONTEXT(2) 
PARAMETRIC_REPRESENTATION_CONTEXT() REPRESENTATION_CONTEXT('2D SPACE',''
  ) );
#937 = PCURVE('',#851,#938);
#938 = DEFINITIONAL_REPRESENTATION('',(#939),#943);
#939 = LINE('',#940,#941);
#940 = CARTESIAN_POINT('',(-0.,-1.5873015E-02));
#941 = VECTOR('',#942,1.);
#942 = DIRECTION('',(-1.,0.));
#943 = ( GEOMETRIC_REPRESENTATION_CONTEXT(2) 
PARAMETRIC_REPRESENTATION_CONTEXT() REPRESENTATION_CONTEXT('2D SPACE',''
  ) );
#944 = ORIENTED_EDGE('',*,*,#945,.T.);
#945 = EDGE_CURVE('',#918,#946,#948,.T.);
#946 = VERTEX_POINT('',#947);
#947 = CARTESIAN_POINT('',(0.765961170123,0.,-3.156964488186E-02));
#948 = SURFACE_CURVE('',#949,(#953,#960),.PCURVE_S1.);
#949 = LINE('',#950,#951);
#950 = CARTESIAN_POINT('',(0.449911802934,0.,-3.156964488186E-02));
#951 = VECTOR('',#952,1.);
#952 = DIRECTION('',(1.,0.,0.));
#953 = PCURVE('',#405,#954);
#954 = DEFINITIONAL_REPRESENTATION('',(#955),#959);
#955 = LINE('',#956,#957);
#956 = CARTESIAN_POINT('',(0.465784817934,-1.569662988186E-02));
#957 = VECTOR('',#958,1.);
#958 = DIRECTION('',(1.,0.));
#959 = ( GEOMETRIC_REPRESENTATION_CONTEXT(2) 
PARAMETRIC_REPRESENTATION_CONTEXT() REPRESENTATION_CONTEXT('2D SPACE',''
  ) );
#960 = PCURVE('',#961,#966);
#961 = PLANE('',#962);
#962 = AXIS2_PLACEMENT_3D('',#963,#964,#965);
#963 = CARTESIAN_POINT('',(0.449911802934,-1.5873015E-02,
    -3.156964488186E-02));
#964 = DIRECTION('',(0.,0.,-1.));
#965 = DIRECTION('',(1.,0.,0.));
#966 = DEFINITIONAL_REPRESENTATION('',(#967),#971);
#967 = LINE('',#968,#969);
#968 = CARTESIAN_POINT('',(0.,-1.5873015E-02));
#969 = VECTOR('',#970,1.);
#970 = DIRECTION('',(1.,0.));
#971 = ( GEOMETRIC_REPRESENTATION_CONTEXT(2) 
PARAMETRIC_REPRESENTATION_CONTEXT() REPRESENTATION_CONTEXT('2D SPACE',''
  ) );
#972 = ORIENTED_EDGE('',*,*,#973,.T.);
#973 = EDGE_CURVE('',#946,#974,#976,.T.);
#974 = VERTEX_POINT('',#975);
#975 = CARTESIAN_POINT('',(0.765961170123,0.,8.694887153946E-02));
#976 = SURFACE_CURVE('',#977,(#982,#989),.PCURVE_S1.);
#977 = CIRCLE('',#978,6.172839179635E-02);
#978 = AXIS2_PLACEMENT_3D('',#979,#980,#981);
#979 = CARTESIAN_POINT('',(0.783245112674,0.,2.76896133288E-02));
#980 = DIRECTION('',(0.,-1.,0.));
#981 = DIRECTION('',(-0.279999884129,-0.,-0.960000033796));
#982 = PCURVE('',#405,#983);
#983 = DEFINITIONAL_REPRESENTATION('',(#984),#988);
#984 = CIRCLE('',#985,6.172839179635E-02);
#985 = AXIS2_PLACEMENT_2D('',#986,#987);
#986 = CARTESIAN_POINT('',(0.799118127674,4.35626283288E-02));
#987 = DIRECTION('',(-0.279999884129,-0.960000033796));
#988 = ( GEOMETRIC_REPRESENTATION_CONTEXT(2) 
PARAMETRIC_REPRESENTATION_CONTEXT() REPRESENTATION_CONTEXT('2D SPACE',''
  ) );
#989 = PCURVE('',#990,#995);
#990 = CYLINDRICAL_SURFACE('',#991,6.172839179635E-02);
#991 = AXIS2_PLACEMENT_3D('',#992,#993,#994);
#992 = CARTESIAN_POINT('',(0.783245112674,-1.5873015E-02,
    2.76896133288E-02));
#993 = DIRECTION('',(0.,-1.,0.));
#994 = DIRECTION('',(-0.279999884129,-0.,-0.960000033796));
#995 = DEFINITIONAL_REPRESENTATION('',(#996),#1000);
#996 = LINE('',#997,#998);
#997 = CARTESIAN_POINT('',(0.,-1.5873015E-02));
#998 = VECTOR('',#999,1.);
#999 = DIRECTION('',(1.,0.));
#1000 = ( GEOMETRIC_REPRESENTATION_CONTEXT(2) 
PARAMETRIC_REPRESENTATION_CONTEXT() REPRESENTATION_CONTEXT('2D SPACE',''
  ) );
#1001 = ORIENTED_EDGE('',*,*,#1002,.T.);
#1002 = EDGE_CURVE('',#974,#1003,#1005,.T.);
#1003 = VERTEX_POINT('',#1004);
#1004 = CARTESIAN_POINT('',(-2.416232235588E-02,0.,8.694887153946E-02));
#1005 = SURFACE_CURVE('',#1006,(#1010,#1017),.PCURVE_S1.);
#1006 = LINE('',#1007,#1008);
#1007 = CARTESIAN_POINT('',(0.765961170123,0.,8.694887153946E-02));
#1008 = VECTOR('',#1009,1.);
#1009 = DIRECTION('',(-1.,0.,0.));
#1010 = PCURVE('',#405,#1011);
#1011 = DEFINITIONAL_REPRESENTATION('',(#1012),#1016);
#1012 = LINE('',#1013,#1014);
#1013 = CARTESIAN_POINT('',(0.781834185123,0.102821886539));
#1014 = VECTOR('',#1015,1.);
#1015 = DIRECTION('',(-1.,0.));
#1016 = ( GEOMETRIC_REPRESENTATION_CONTEXT(2) 
PARAMETRIC_REPRESENTATION_CONTEXT() REPRESENTATION_CONTEXT('2D SPACE',''
  ) );
#1017 = PCURVE('',#1018,#1023);
#1018 = PLANE('',#1019);
#1019 = AXIS2_PLACEMENT_3D('',#1020,#1021,#1022);
#1020 = CARTESIAN_POINT('',(0.765961170123,-1.5873015E-02,
    8.694887153946E-02));
#1021 = DIRECTION('',(0.,0.,1.));
#1022 = DIRECTION('',(-1.,0.,0.));
#1023 = DEFINITIONAL_REPRESENTATION('',(#1024),#1028);
#1024 = LINE('',#1025,#1026);
#1025 = CARTESIAN_POINT('',(0.,-1.5873015E-02));
#1026 = VECTOR('',#1027,1.);
#1027 = DIRECTION('',(1.,0.));
#1028 = ( GEOMETRIC_REPRESENTATION_CONTEXT(2) 
PARAMETRIC_REPRESENTATION_CONTEXT() REPRESENTATION_CONTEXT('2D SPACE',''
  ) );
#1029 = ORIENTED_EDGE('',*,*,#1030,.T.);
#1030 = EDGE_CURVE('',#1003,#763,#1031,.T.);
#1031 = SURFACE_CURVE('',#1032,(#1037,#1044),.PCURVE_S1.);
#1032 = CIRCLE('',#1033,6.983768623077E-02);
#1033 = AXIS2_PLACEMENT_3D('',#1034,#1035,#1036);
#1034 = CARTESIAN_POINT('',(-1.428580291428E-02,0.,1.781308643661E-02));
#1035 = DIRECTION('',(0.,-1.,0.));
#1036 = DIRECTION('',(-0.141421057521,0.,0.989949536335));
#1037 = PCURVE('',#405,#1038);
#1038 = DEFINITIONAL_REPRESENTATION('',(#1039),#1043);
#1039 = CIRCLE('',#1040,6.983768623077E-02);
#1040 = AXIS2_PLACEMENT_2D('',#1041,#1042);
#1041 = CARTESIAN_POINT('',(1.587212085724E-03,3.368610143661E-02));
#1042 = DIRECTION('',(-0.141421057521,0.989949536335));
#1043 = ( GEOMETRIC_REPRESENTATION_CONTEXT(2) 
PARAMETRIC_REPRESENTATION_CONTEXT() REPRESENTATION_CONTEXT('2D SPACE',''
  ) );
#1044 = PCURVE('',#747,#1045);
#1045 = DEFINITIONAL_REPRESENTATION('',(#1046),#1050);
#1046 = LINE('',#1047,#1048);
#1047 = CARTESIAN_POINT('',(0.,-1.5873015E-02));
#1048 = VECTOR('',#1049,1.);
#1049 = DIRECTION('',(1.,0.));
#1050 = ( GEOMETRIC_REPRESENTATION_CONTEXT(2) 
PARAMETRIC_REPRESENTATION_CONTEXT() REPRESENTATION_CONTEXT('2D SPACE',''
  ) );
#1051 = ORIENTED_EDGE('',*,*,#785,.T.);
#1052 = FACE_BOUND('',#1053,.F.);
#1053 = EDGE_LOOP('',(#1054));
#1054 = ORIENTED_EDGE('',*,*,#1055,.F.);
#1055 = EDGE_CURVE('',#1056,#1056,#1058,.T.);
#1056 = VERTEX_POINT('',#1057);
#1057 = CARTESIAN_POINT('',(-7.848329816286E-02,0.,-0.564902994441));
#1058 = SURFACE_CURVE('',#1059,(#1064,#1071),.PCURVE_S1.);
#1059 = CIRCLE('',#1060,4.444445106718E-02);
#1060 = AXIS2_PLACEMENT_3D('',#1061,#1062,#1063);
#1061 = CARTESIAN_POINT('',(-0.12292774923,0.,-0.564902994441));
#1062 = DIRECTION('',(0.,-1.,0.));
#1063 = DIRECTION('',(1.,0.,0.));
#1064 = PCURVE('',#405,#1065);
#1065 = DEFINITIONAL_REPRESENTATION('',(#1066),#1070);
#1066 = CIRCLE('',#1067,4.444445106718E-02);
#1067 = AXIS2_PLACEMENT_2D('',#1068,#1069);
#1068 = CARTESIAN_POINT('',(-0.10705473423,-0.549029979441));
#1069 = DIRECTION('',(1.,0.));
#1070 = ( GEOMETRIC_REPRESENTATION_CONTEXT(2) 
PARAMETRIC_REPRESENTATION_CONTEXT() REPRESENTATION_CONTEXT('2D SPACE',''
  ) );
#1071 = PCURVE('',#1072,#1077);
#1072 = CYLINDRICAL_SURFACE('',#1073,4.444445106718E-02);
#1073 = AXIS2_PLACEMENT_3D('',#1074,#1075,#1076);
#1074 = CARTESIAN_POINT('',(-0.12292774923,-1.5873015E-02,
    -0.564902994441));
#1075 = DIRECTION('',(0.,-1.,0.));
#1076 = DIRECTION('',(1.,0.,0.));
#1077 = DEFINITIONAL_REPRESENTATION('',(#1078),#1082);
#1078 = LINE('',#1079,#1080);
#1079 = CARTESIAN_POINT('',(0.,-1.5873015E-02));
#1080 = VECTOR('',#1081,1.);
#1081 = DIRECTION('',(1.,0.));
#1082 = ( GEOMETRIC_REPRESENTATION_CONTEXT(2) 
PARAMETRIC_REPRESENTATION_CONTEXT() REPRESENTATION_CONTEXT('2D SPACE',''
  ) );
#1083 = FACE_BOUND('',#1084,.F.);
#1084 = EDGE_LOOP('',(#1085));
#1085 = ORIENTED_EDGE('',*,*,#1086,.F.);
#1086 = EDGE_CURVE('',#1087,#1087,#1089,.T.);
#1087 = VERTEX_POINT('',#1088);
#1088 = CARTESIAN_POINT('',(0.116578429202,0.,-0.107407413662));
#1089 = SURFACE_CURVE('',#1090,(#1095,#1102),.PCURVE_S1.);
#1090 = CIRCLE('',#1091,9.171075291104E-03);
#1091 = AXIS2_PLACEMENT_3D('',#1092,#1093,#1094);
#1092 = CARTESIAN_POINT('',(0.107407353911,0.,-0.107407413662));
#1093 = DIRECTION('',(0.,-1.,0.));
#1094 = DIRECTION('',(1.,0.,0.));
#1095 = PCURVE('',#405,#1096);
#1096 = DEFINITIONAL_REPRESENTATION('',(#1097),#1101);
#1097 = CIRCLE('',#1098,9.171075291104E-03);
#1098 = AXIS2_PLACEMENT_2D('',#1099,#1100);
#1099 = CARTESIAN_POINT('',(0.123280368911,-9.153439866172E-02));
#1100 = DIRECTION('',(1.,0.));
#1101 = ( GEOMETRIC_REPRESENTATION_CONTEXT(2) 
PARAMETRIC_REPRESENTATION_CONTEXT() REPRESENTATION_CONTEXT('2D SPACE',''
  ) );
#1102 = PCURVE('',#1103,#1108);
#1103 = PLANE('',#1104);
#1104 = AXIS2_PLACEMENT_3D('',#1105,#1106,#1107);
#1105 = CARTESIAN_POINT('',(-1.5873015E-02,0.,-1.5873015E-02));
#1106 = DIRECTION('',(0.,-1.,0.));
#1107 = DIRECTION('',(1.,0.,0.));
#1108 = DEFINITIONAL_REPRESENTATION('',(#1109),#1113);
#1109 = CIRCLE('',#1110,9.171075291104E-03);
#1110 = AXIS2_PLACEMENT_2D('',#1111,#1112);
#1111 = CARTESIAN_POINT('',(0.123280368911,-9.153439866172E-02));
#1112 = DIRECTION('',(1.,0.));
#1113 = ( GEOMETRIC_REPRESENTATION_CONTEXT(2) 
PARAMETRIC_REPRESENTATION_CONTEXT() REPRESENTATION_CONTEXT('2D SPACE',''
  ) );
#1114 = FACE_BOUND('',#1115,.F.);
#1115 = EDGE_LOOP('',(#1116));
#1116 = ORIENTED_EDGE('',*,*,#1117,.F.);
#1117 = EDGE_CURVE('',#1118,#1118,#1120,.T.);
#1118 = VERTEX_POINT('',#1119);
#1119 = CARTESIAN_POINT('',(1.53438474666E-02,0.,2.768959991776E-02));
#1120 = SURFACE_CURVE('',#1121,(#1126,#1133),.PCURVE_S1.);
#1121 = CIRCLE('',#1122,3.950617048475E-02);
#1122 = AXIS2_PLACEMENT_3D('',#1123,#1124,#1125);
#1123 = CARTESIAN_POINT('',(-2.416232301815E-02,0.,2.768959991776E-02));
#1124 = DIRECTION('',(0.,-1.,0.));
#1125 = DIRECTION('',(1.,0.,0.));
#1126 = PCURVE('',#405,#1127);
#1127 = DEFINITIONAL_REPRESENTATION('',(#1128),#1132);
#1128 = CIRCLE('',#1129,3.950617048475E-02);
#1129 = AXIS2_PLACEMENT_2D('',#1130,#1131);
#1130 = CARTESIAN_POINT('',(-8.289308018155E-03,4.356261491776E-02));
#1131 = DIRECTION('',(1.,0.));
#1132 = ( GEOMETRIC_REPRESENTATION_CONTEXT(2) 
PARAMETRIC_REPRESENTATION_CONTEXT() REPRESENTATION_CONTEXT('2D SPACE',''
  ) );
#1133 = PCURVE('',#1134,#1139);
#1134 = CYLINDRICAL_SURFACE('',#1135,3.950617048475E-02);
#1135 = AXIS2_PLACEMENT_3D('',#1136,#1137,#1138);
#1136 = CARTESIAN_POINT('',(-2.416232301815E-02,-1.5873015E-02,
    2.768959991776E-02));
#1137 = DIRECTION('',(0.,-1.,0.));
#1138 = DIRECTION('',(1.,0.,0.));
#1139 = DEFINITIONAL_REPRESENTATION('',(#1140),#1144);
#1140 = LINE('',#1141,#1142);
#1141 = CARTESIAN_POINT('',(0.,-1.5873015E-02));
#1142 = VECTOR('',#1143,1.);
#1143 = DIRECTION('',(1.,0.));
#1144 = ( GEOMETRIC_REPRESENTATION_CONTEXT(2) 
PARAMETRIC_REPRESENTATION_CONTEXT() REPRESENTATION_CONTEXT('2D SPACE',''
  ) );
#1145 = FACE_BOUND('',#1146,.F.);
#1146 = EDGE_LOOP('',(#1147));
#1147 = ORIENTED_EDGE('',*,*,#1148,.F.);
#1148 = EDGE_CURVE('',#1149,#1149,#1151,.T.);
#1149 = VERTEX_POINT('',#1150);
#1150 = CARTESIAN_POINT('',(0.810405602647,0.,2.768959991776E-02));
#1151 = SURFACE_CURVE('',#1152,(#1157,#1164),.PCURVE_S1.);
#1152 = CIRCLE('',#1153,4.444444179535E-02);
#1153 = AXIS2_PLACEMENT_3D('',#1154,#1155,#1156);
#1154 = CARTESIAN_POINT('',(0.765961160852,0.,2.768959991776E-02));
#1155 = DIRECTION('',(0.,-1.,0.));
#1156 = DIRECTION('',(1.,0.,0.));
#1157 = PCURVE('',#405,#1158);
#1158 = DEFINITIONAL_REPRESENTATION('',(#1159),#1163);
#1159 = CIRCLE('',#1160,4.444444179535E-02);
#1160 = AXIS2_PLACEMENT_2D('',#1161,#1162);
#1161 = CARTESIAN_POINT('',(0.781834175852,4.356261491776E-02));
#1162 = DIRECTION('',(1.,0.));
#1163 = ( GEOMETRIC_REPRESENTATION_CONTEXT(2) 
PARAMETRIC_REPRESENTATION_CONTEXT() REPRESENTATION_CONTEXT('2D SPACE',''
  ) );
#1164 = PCURVE('',#1165,#1170);
#1165 = CYLINDRICAL_SURFACE('',#1166,4.444444179535E-02);
#1166 = AXIS2_PLACEMENT_3D('',#1167,#1168,#1169);
#1167 = CARTESIAN_POINT('',(0.765961160852,-1.5873015E-02,
    2.768959991776E-02));
#1168 = DIRECTION('',(0.,-1.,0.));
#1169 = DIRECTION('',(1.,0.,0.));
#1170 = DEFINITIONAL_REPRESENTATION('',(#1171),#1175);
#1171 = LINE('',#1172,#1173);
#1172 = CARTESIAN_POINT('',(0.,-1.5873015E-02));
#1173 = VECTOR('',#1174,1.);
#1174 = DIRECTION('',(1.,0.));
#1175 = ( GEOMETRIC_REPRESENTATION_CONTEXT(2) 
PARAMETRIC_REPRESENTATION_CONTEXT() REPRESENTATION_CONTEXT('2D SPACE',''
  ) );
#1176 = ADVANCED_FACE('',(#1177),#545,.F.);
#1177 = FACE_BOUND('',#1178,.F.);
#1178 = EDGE_LOOP('',(#1179,#1202,#1203,#1204));
#1179 = ORIENTED_EDGE('',*,*,#1180,.T.);
#1180 = EDGE_CURVE('',#1181,#501,#1183,.T.);
#1181 = VERTEX_POINT('',#1182);
#1182 = CARTESIAN_POINT('',(0.765961170123,-1.5873015E-02,
    8.694887153946E-02));
#1183 = SURFACE_CURVE('',#1184,(#1188,#1195),.PCURVE_S1.);
#1184 = LINE('',#1185,#1186);
#1185 = CARTESIAN_POINT('',(0.765961170123,-1.5873015E-02,
    8.694887153946E-02));
#1186 = VECTOR('',#1187,1.);
#1187 = DIRECTION('',(0.,-1.,0.));
#1188 = PCURVE('',#545,#1189);
#1189 = DEFINITIONAL_REPRESENTATION('',(#1190),#1194);
#1190 = LINE('',#1191,#1192);
#1191 = CARTESIAN_POINT('',(0.,0.));
#1192 = VECTOR('',#1193,1.);
#1193 = DIRECTION('',(0.,-1.));
#1194 = ( GEOMETRIC_REPRESENTATION_CONTEXT(2) 
PARAMETRIC_REPRESENTATION_CONTEXT() REPRESENTATION_CONTEXT('2D SPACE',''
  ) );
#1195 = PCURVE('',#517,#1196);
#1196 = DEFINITIONAL_REPRESENTATION('',(#1197),#1201);
#1197 = LINE('',#1198,#1199);
#1198 = CARTESIAN_POINT('',(-3.709180630608,0.));
#1199 = VECTOR('',#1200,1.);
#1200 = DIRECTION('',(-0.,-1.));
#1201 = ( GEOMETRIC_REPRESENTATION_CONTEXT(2) 
PARAMETRIC_REPRESENTATION_CONTEXT() REPRESENTATION_CONTEXT('2D SPACE',''
  ) );
#1202 = ORIENTED_EDGE('',*,*,#529,.T.);
#1203 = ORIENTED_EDGE('',*,*,#707,.F.);
#1204 = ORIENTED_EDGE('',*,*,#1205,.F.);
#1205 = EDGE_CURVE('',#1181,#708,#1206,.T.);
#1206 = SURFACE_CURVE('',#1207,(#1211,#1218),.PCURVE_S1.);
#1207 = LINE('',#1208,#1209);
#1208 = CARTESIAN_POINT('',(0.765961170123,-1.5873015E-02,
    8.694887153946E-02));
#1209 = VECTOR('',#1210,1.);
#1210 = DIRECTION('',(-1.,0.,0.));
#1211 = PCURVE('',#545,#1212);
#1212 = DEFINITIONAL_REPRESENTATION('',(#1213),#1217);
#1213 = LINE('',#1214,#1215);
#1214 = CARTESIAN_POINT('',(0.,0.));
#1215 = VECTOR('',#1216,1.);
#1216 = DIRECTION('',(1.,0.));
#1217 = ( GEOMETRIC_REPRESENTATION_CONTEXT(2) 
PARAMETRIC_REPRESENTATION_CONTEXT() REPRESENTATION_CONTEXT('2D SPACE',''
  ) );
#1218 = PCURVE('',#1018,#1219);
#1219 = DEFINITIONAL_REPRESENTATION('',(#1220),#1224);
#1220 = LINE('',#1221,#1222);
#1221 = CARTESIAN_POINT('',(0.,0.));
#1222 = VECTOR('',#1223,1.);
#1223 = DIRECTION('',(1.,0.));
#1224 = ( GEOMETRIC_REPRESENTATION_CONTEXT(2) 
PARAMETRIC_REPRESENTATION_CONTEXT() REPRESENTATION_CONTEXT('2D SPACE',''
  ) );
#1225 = ADVANCED_FACE('',(#1226),#488,.F.);
#1226 = FACE_BOUND('',#1227,.F.);
#1227 = EDGE_LOOP('',(#1228,#1229,#1230,#1253));
#1228 = ORIENTED_EDGE('',*,*,#813,.T.);
#1229 = ORIENTED_EDGE('',*,*,#472,.T.);
#1230 = ORIENTED_EDGE('',*,*,#1231,.F.);
#1231 = EDGE_CURVE('',#1232,#473,#1234,.T.);
#1232 = VERTEX_POINT('',#1233);
#1233 = CARTESIAN_POINT('',(0.765961170123,-1.5873015E-02,
    -3.156964488186E-02));
#1234 = SURFACE_CURVE('',#1235,(#1239,#1246),.PCURVE_S1.);
#1235 = LINE('',#1236,#1237);
#1236 = CARTESIAN_POINT('',(0.765961170123,-1.5873015E-02,
    -3.156964488186E-02));
#1237 = VECTOR('',#1238,1.);
#1238 = DIRECTION('',(0.,-1.,0.));
#1239 = PCURVE('',#488,#1240);
#1240 = DEFINITIONAL_REPRESENTATION('',(#1241),#1245);
#1241 = LINE('',#1242,#1243);
#1242 = CARTESIAN_POINT('',(0.316049367189,0.));
#1243 = VECTOR('',#1244,1.);
#1244 = DIRECTION('',(0.,-1.));
#1245 = ( GEOMETRIC_REPRESENTATION_CONTEXT(2) 
PARAMETRIC_REPRESENTATION_CONTEXT() REPRESENTATION_CONTEXT('2D SPACE',''
  ) );
#1246 = PCURVE('',#517,#1247);
#1247 = DEFINITIONAL_REPRESENTATION('',(#1248),#1252);
#1248 = LINE('',#1249,#1250);
#1249 = CARTESIAN_POINT('',(-0.,0.));
#1250 = VECTOR('',#1251,1.);
#1251 = DIRECTION('',(-0.,-1.));
#1252 = ( GEOMETRIC_REPRESENTATION_CONTEXT(2) 
PARAMETRIC_REPRESENTATION_CONTEXT() REPRESENTATION_CONTEXT('2D SPACE',''
  ) );
#1253 = ORIENTED_EDGE('',*,*,#1254,.F.);
#1254 = EDGE_CURVE('',#814,#1232,#1255,.T.);
#1255 = SURFACE_CURVE('',#1256,(#1260,#1267),.PCURVE_S1.);
#1256 = LINE('',#1257,#1258);
#1257 = CARTESIAN_POINT('',(0.449911802934,-1.5873015E-02,
    -3.156964488186E-02));
#1258 = VECTOR('',#1259,1.);
#1259 = DIRECTION('',(1.,0.,0.));
#1260 = PCURVE('',#488,#1261);
#1261 = DEFINITIONAL_REPRESENTATION('',(#1262),#1266);
#1262 = LINE('',#1263,#1264);
#1263 = CARTESIAN_POINT('',(0.,0.));
#1264 = VECTOR('',#1265,1.);
#1265 = DIRECTION('',(1.,0.));
#1266 = ( GEOMETRIC_REPRESENTATION_CONTEXT(2) 
PARAMETRIC_REPRESENTATION_CONTEXT() REPRESENTATION_CONTEXT('2D SPACE',''
  ) );
#1267 = PCURVE('',#961,#1268);
#1268 = DEFINITIONAL_REPRESENTATION('',(#1269),#1273);
#1269 = LINE('',#1270,#1271);
#1270 = CARTESIAN_POINT('',(0.,0.));
#1271 = VECTOR('',#1272,1.);
#1272 = DIRECTION('',(1.,0.));
#1273 = ( GEOMETRIC_REPRESENTATION_CONTEXT(2) 
PARAMETRIC_REPRESENTATION_CONTEXT() REPRESENTATION_CONTEXT('2D SPACE',''
  ) );
#1274 = ADVANCED_FACE('',(#1275),#517,.T.);
#1275 = FACE_BOUND('',#1276,.F.);
#1276 = EDGE_LOOP('',(#1277,#1278,#1279,#1280));
#1277 = ORIENTED_EDGE('',*,*,#1231,.T.);
#1278 = ORIENTED_EDGE('',*,*,#500,.T.);
#1279 = ORIENTED_EDGE('',*,*,#1180,.F.);
#1280 = ORIENTED_EDGE('',*,*,#1281,.F.);
#1281 = EDGE_CURVE('',#1232,#1181,#1282,.T.);
#1282 = SURFACE_CURVE('',#1283,(#1288,#1295),.PCURVE_S1.);
#1283 = CIRCLE('',#1284,6.172839179635E-02);
#1284 = AXIS2_PLACEMENT_3D('',#1285,#1286,#1287);
#1285 = CARTESIAN_POINT('',(0.783245112674,-1.5873015E-02,
    2.76896133288E-02));
#1286 = DIRECTION('',(0.,-1.,0.));
#1287 = DIRECTION('',(-0.279999884129,-0.,-0.960000033796));
#1288 = PCURVE('',#517,#1289);
#1289 = DEFINITIONAL_REPRESENTATION('',(#1290),#1294);
#1290 = LINE('',#1291,#1292);
#1291 = CARTESIAN_POINT('',(-0.,0.));
#1292 = VECTOR('',#1293,1.);
#1293 = DIRECTION('',(-1.,0.));
#1294 = ( GEOMETRIC_REPRESENTATION_CONTEXT(2) 
PARAMETRIC_REPRESENTATION_CONTEXT() REPRESENTATION_CONTEXT('2D SPACE',''
  ) );
#1295 = PCURVE('',#990,#1296);
#1296 = DEFINITIONAL_REPRESENTATION('',(#1297),#1301);
#1297 = LINE('',#1298,#1299);
#1298 = CARTESIAN_POINT('',(0.,0.));
#1299 = VECTOR('',#1300,1.);
#1300 = DIRECTION('',(1.,0.));
#1301 = ( GEOMETRIC_REPRESENTATION_CONTEXT(2) 
PARAMETRIC_REPRESENTATION_CONTEXT() REPRESENTATION_CONTEXT('2D SPACE',''
  ) );
#1302 = ADVANCED_FACE('',(#1303),#599,.F.);
#1303 = FACE_BOUND('',#1304,.T.);
#1304 = EDGE_LOOP('',(#1305,#1328,#1329,#1330));
#1305 = ORIENTED_EDGE('',*,*,#1306,.T.);
#1306 = EDGE_CURVE('',#1307,#583,#1309,.T.);
#1307 = VERTEX_POINT('',#1308);
#1308 = CARTESIAN_POINT('',(-7.848329816286E-02,-1.5873015E-02,
    -0.564902994441));
#1309 = SEAM_CURVE('',#1310,(#1314,#1321),.PCURVE_S1.);
#1310 = LINE('',#1311,#1312);
#1311 = CARTESIAN_POINT('',(-7.848329816286E-02,-1.5873015E-02,
    -0.564902994441));
#1312 = VECTOR('',#1313,1.);
#1313 = DIRECTION('',(0.,-1.,0.));
#1314 = PCURVE('',#599,#1315);
#1315 = DEFINITIONAL_REPRESENTATION('',(#1316),#1320);
#1316 = LINE('',#1317,#1318);
#1317 = CARTESIAN_POINT('',(-0.,0.));
#1318 = VECTOR('',#1319,1.);
#1319 = DIRECTION('',(-0.,-1.));
#1320 = ( GEOMETRIC_REPRESENTATION_CONTEXT(2) 
PARAMETRIC_REPRESENTATION_CONTEXT() REPRESENTATION_CONTEXT('2D SPACE',''
  ) );
#1321 = PCURVE('',#599,#1322);
#1322 = DEFINITIONAL_REPRESENTATION('',(#1323),#1327);
#1323 = LINE('',#1324,#1325);
#1324 = CARTESIAN_POINT('',(-6.28318530718,0.));
#1325 = VECTOR('',#1326,1.);
#1326 = DIRECTION('',(-0.,-1.));
#1327 = ( GEOMETRIC_REPRESENTATION_CONTEXT(2) 
PARAMETRIC_REPRESENTATION_CONTEXT() REPRESENTATION_CONTEXT('2D SPACE',''
  ) );
#1328 = ORIENTED_EDGE('',*,*,#582,.T.);
#1329 = ORIENTED_EDGE('',*,*,#1306,.F.);
#1330 = ORIENTED_EDGE('',*,*,#1331,.F.);
#1331 = EDGE_CURVE('',#1307,#1307,#1332,.T.);
#1332 = SURFACE_CURVE('',#1333,(#1338,#1345),.PCURVE_S1.);
#1333 = CIRCLE('',#1334,4.444445106718E-02);
#1334 = AXIS2_PLACEMENT_3D('',#1335,#1336,#1337);
#1335 = CARTESIAN_POINT('',(-0.12292774923,-1.5873015E-02,
    -0.564902994441));
#1336 = DIRECTION('',(0.,-1.,0.));
#1337 = DIRECTION('',(1.,0.,0.));
#1338 = PCURVE('',#599,#1339);
#1339 = DEFINITIONAL_REPRESENTATION('',(#1340),#1344);
#1340 = LINE('',#1341,#1342);
#1341 = CARTESIAN_POINT('',(-0.,0.));
#1342 = VECTOR('',#1343,1.);
#1343 = DIRECTION('',(-1.,0.));
#1344 = ( GEOMETRIC_REPRESENTATION_CONTEXT(2) 
PARAMETRIC_REPRESENTATION_CONTEXT() REPRESENTATION_CONTEXT('2D SPACE',''
  ) );
#1345 = PCURVE('',#1072,#1346);
#1346 = DEFINITIONAL_REPRESENTATION('',(#1347),#1351);
#1347 = LINE('',#1348,#1349);
#1348 = CARTESIAN_POINT('',(0.,0.));
#1349 = VECTOR('',#1350,1.);
#1350 = DIRECTION('',(1.,0.));
#1351 = ( GEOMETRIC_REPRESENTATION_CONTEXT(2) 
PARAMETRIC_REPRESENTATION_CONTEXT() REPRESENTATION_CONTEXT('2D SPACE',''
  ) );
#1352 = ADVANCED_FACE('',(#1353),#630,.T.);
#1353 = FACE_BOUND('',#1354,.T.);
#1354 = EDGE_LOOP('',(#1355));
#1355 = ORIENTED_EDGE('',*,*,#613,.T.);
#1356 = ADVANCED_FACE('',(#1357),#661,.F.);
#1357 = FACE_BOUND('',#1358,.T.);
#1358 = EDGE_LOOP('',(#1359,#1382,#1383,#1384));
#1359 = ORIENTED_EDGE('',*,*,#1360,.T.);
#1360 = EDGE_CURVE('',#1361,#645,#1363,.T.);
#1361 = VERTEX_POINT('',#1362);
#1362 = CARTESIAN_POINT('',(1.53438474666E-02,-1.5873015E-02,
    2.768959991776E-02));
#1363 = SEAM_CURVE('',#1364,(#1368,#1375),.PCURVE_S1.);
#1364 = LINE('',#1365,#1366);
#1365 = CARTESIAN_POINT('',(1.53438474666E-02,-1.5873015E-02,
    2.768959991776E-02));
#1366 = VECTOR('',#1367,1.);
#1367 = DIRECTION('',(0.,-1.,0.));
#1368 = PCURVE('',#661,#1369);
#1369 = DEFINITIONAL_REPRESENTATION('',(#1370),#1374);
#1370 = LINE('',#1371,#1372);
#1371 = CARTESIAN_POINT('',(-0.,0.));
#1372 = VECTOR('',#1373,1.);
#1373 = DIRECTION('',(-0.,-1.));
#1374 = ( GEOMETRIC_REPRESENTATION_CONTEXT(2) 
PARAMETRIC_REPRESENTATION_CONTEXT() REPRESENTATION_CONTEXT('2D SPACE',''
  ) );
#1375 = PCURVE('',#661,#1376);
#1376 = DEFINITIONAL_REPRESENTATION('',(#1377),#1381);
#1377 = LINE('',#1378,#1379);
#1378 = CARTESIAN_POINT('',(-6.28318530718,0.));
#1379 = VECTOR('',#1380,1.);
#1380 = DIRECTION('',(-0.,-1.));
#1381 = ( GEOMETRIC_REPRESENTATION_CONTEXT(2) 
PARAMETRIC_REPRESENTATION_CONTEXT() REPRESENTATION_CONTEXT('2D SPACE',''
  ) );
#1382 = ORIENTED_EDGE('',*,*,#644,.T.);
#1383 = ORIENTED_EDGE('',*,*,#1360,.F.);
#1384 = ORIENTED_EDGE('',*,*,#1385,.F.);
#1385 = EDGE_CURVE('',#1361,#1361,#1386,.T.);
#1386 = SURFACE_CURVE('',#1387,(#1392,#1399),.PCURVE_S1.);
#1387 = CIRCLE('',#1388,3.950617048475E-02);
#1388 = AXIS2_PLACEMENT_3D('',#1389,#1390,#1391);
#1389 = CARTESIAN_POINT('',(-2.416232301815E-02,-1.5873015E-02,
    2.768959991776E-02));
#1390 = DIRECTION('',(0.,-1.,0.));
#1391 = DIRECTION('',(1.,0.,0.));
#1392 = PCURVE('',#661,#1393);
#1393 = DEFINITIONAL_REPRESENTATION('',(#1394),#1398);
#1394 = LINE('',#1395,#1396);
#1395 = CARTESIAN_POINT('',(-0.,0.));
#1396 = VECTOR('',#1397,1.);
#1397 = DIRECTION('',(-1.,0.));
#1398 = ( GEOMETRIC_REPRESENTATION_CONTEXT(2) 
PARAMETRIC_REPRESENTATION_CONTEXT() REPRESENTATION_CONTEXT('2D SPACE',''
  ) );
#1399 = PCURVE('',#1134,#1400);
#1400 = DEFINITIONAL_REPRESENTATION('',(#1401),#1405);
#1401 = LINE('',#1402,#1403);
#1402 = CARTESIAN_POINT('',(0.,0.));
#1403 = VECTOR('',#1404,1.);
#1404 = DIRECTION('',(1.,0.));
#1405 = ( GEOMETRIC_REPRESENTATION_CONTEXT(2) 
PARAMETRIC_REPRESENTATION_CONTEXT() REPRESENTATION_CONTEXT('2D SPACE',''
  ) );
#1406 = ADVANCED_FACE('',(#1407),#692,.F.);
#1407 = FACE_BOUND('',#1408,.T.);
#1408 = EDGE_LOOP('',(#1409,#1432,#1433,#1434));
#1409 = ORIENTED_EDGE('',*,*,#1410,.T.);
#1410 = EDGE_CURVE('',#1411,#676,#1413,.T.);
#1411 = VERTEX_POINT('',#1412);
#1412 = CARTESIAN_POINT('',(0.810405602647,-1.5873015E-02,
    2.768959991776E-02));
#1413 = SEAM_CURVE('',#1414,(#1418,#1425),.PCURVE_S1.);
#1414 = LINE('',#1415,#1416);
#1415 = CARTESIAN_POINT('',(0.810405602647,-1.5873015E-02,
    2.768959991776E-02));
#1416 = VECTOR('',#1417,1.);
#1417 = DIRECTION('',(0.,-1.,0.));
#1418 = PCURVE('',#692,#1419);
#1419 = DEFINITIONAL_REPRESENTATION('',(#1420),#1424);
#1420 = LINE('',#1421,#1422);
#1421 = CARTESIAN_POINT('',(-0.,0.));
#1422 = VECTOR('',#1423,1.);
#1423 = DIRECTION('',(-0.,-1.));
#1424 = ( GEOMETRIC_REPRESENTATION_CONTEXT(2) 
PARAMETRIC_REPRESENTATION_CONTEXT() REPRESENTATION_CONTEXT('2D SPACE',''
  ) );
#1425 = PCURVE('',#692,#1426);
#1426 = DEFINITIONAL_REPRESENTATION('',(#1427),#1431);
#1427 = LINE('',#1428,#1429);
#1428 = CARTESIAN_POINT('',(-6.28318530718,0.));
#1429 = VECTOR('',#1430,1.);
#1430 = DIRECTION('',(-0.,-1.));
#1431 = ( GEOMETRIC_REPRESENTATION_CONTEXT(2) 
PARAMETRIC_REPRESENTATION_CONTEXT() REPRESENTATION_CONTEXT('2D SPACE',''
  ) );
#1432 = ORIENTED_EDGE('',*,*,#675,.T.);
#1433 = ORIENTED_EDGE('',*,*,#1410,.F.);
#1434 = ORIENTED_EDGE('',*,*,#1435,.F.);
#1435 = EDGE_CURVE('',#1411,#1411,#1436,.T.);
#1436 = SURFACE_CURVE('',#1437,(#1442,#1449),.PCURVE_S1.);
#1437 = CIRCLE('',#1438,4.444444179535E-02);
#1438 = AXIS2_PLACEMENT_3D('',#1439,#1440,#1441);
#1439 = CARTESIAN_POINT('',(0.765961160852,-1.5873015E-02,
    2.768959991776E-02));
#1440 = DIRECTION('',(0.,-1.,0.));
#1441 = DIRECTION('',(1.,0.,0.));
#1442 = PCURVE('',#692,#1443);
#1443 = DEFINITIONAL_REPRESENTATION('',(#1444),#1448);
#1444 = LINE('',#1445,#1446);
#1445 = CARTESIAN_POINT('',(-0.,0.));
#1446 = VECTOR('',#1447,1.);
#1447 = DIRECTION('',(-1.,0.));
#1448 = ( GEOMETRIC_REPRESENTATION_CONTEXT(2) 
PARAMETRIC_REPRESENTATION_CONTEXT() REPRESENTATION_CONTEXT('2D SPACE',''
  ) );
#1449 = PCURVE('',#1165,#1450);
#1450 = DEFINITIONAL_REPRESENTATION('',(#1451),#1455);
#1451 = LINE('',#1452,#1453);
#1452 = CARTESIAN_POINT('',(0.,0.));
#1453 = VECTOR('',#1454,1.);
#1454 = DIRECTION('',(1.,0.));
#1455 = ( GEOMETRIC_REPRESENTATION_CONTEXT(2) 
PARAMETRIC_REPRESENTATION_CONTEXT() REPRESENTATION_CONTEXT('2D SPACE',''
  ) );
#1456 = ADVANCED_FACE('',(#1457),#747,.T.);
#1457 = FACE_BOUND('',#1458,.T.);
#1458 = EDGE_LOOP('',(#1459,#1480,#1481,#1482));
#1459 = ORIENTED_EDGE('',*,*,#1460,.T.);
#1460 = EDGE_CURVE('',#708,#1003,#1461,.T.);
#1461 = SURFACE_CURVE('',#1462,(#1466,#1473),.PCURVE_S1.);
#1462 = LINE('',#1463,#1464);
#1463 = CARTESIAN_POINT('',(-2.416232235588E-02,-1.5873015E-02,
    8.694887153946E-02));
#1464 = VECTOR('',#1465,1.);
#1465 = DIRECTION('',(-0.,1.,-0.));
#1466 = PCURVE('',#747,#1467);
#1467 = DEFINITIONAL_REPRESENTATION('',(#1468),#1472);
#1468 = LINE('',#1469,#1470);
#1469 = CARTESIAN_POINT('',(0.,0.));
#1470 = VECTOR('',#1471,1.);
#1471 = DIRECTION('',(0.,-1.));
#1472 = ( GEOMETRIC_REPRESENTATION_CONTEXT(2) 
PARAMETRIC_REPRESENTATION_CONTEXT() REPRESENTATION_CONTEXT('2D SPACE',''
  ) );
#1473 = PCURVE('',#1018,#1474);
#1474 = DEFINITIONAL_REPRESENTATION('',(#1475),#1479);
#1475 = LINE('',#1476,#1477);
#1476 = CARTESIAN_POINT('',(0.790123492479,0.));
#1477 = VECTOR('',#1478,1.);
#1478 = DIRECTION('',(0.,-1.));
#1479 = ( GEOMETRIC_REPRESENTATION_CONTEXT(2) 
PARAMETRIC_REPRESENTATION_CONTEXT() REPRESENTATION_CONTEXT('2D SPACE',''
  ) );
#1480 = ORIENTED_EDGE('',*,*,#1030,.T.);
#1481 = ORIENTED_EDGE('',*,*,#762,.F.);
#1482 = ORIENTED_EDGE('',*,*,#732,.F.);
#1483 = ADVANCED_FACE('',(#1484),#851,.F.);
#1484 = FACE_BOUND('',#1485,.T.);
#1485 = EDGE_LOOP('',(#1486,#1487,#1488,#1509));
#1486 = ORIENTED_EDGE('',*,*,#890,.T.);
#1487 = ORIENTED_EDGE('',*,*,#917,.T.);
#1488 = ORIENTED_EDGE('',*,*,#1489,.F.);
#1489 = EDGE_CURVE('',#814,#918,#1490,.T.);
#1490 = SURFACE_CURVE('',#1491,(#1495,#1502),.PCURVE_S1.);
#1491 = LINE('',#1492,#1493);
#1492 = CARTESIAN_POINT('',(0.449911802934,-1.5873015E-02,
    -3.156964488186E-02));
#1493 = VECTOR('',#1494,1.);
#1494 = DIRECTION('',(-0.,1.,-0.));
#1495 = PCURVE('',#851,#1496);
#1496 = DEFINITIONAL_REPRESENTATION('',(#1497),#1501);
#1497 = LINE('',#1498,#1499);
#1498 = CARTESIAN_POINT('',(-1.444136706775,0.));
#1499 = VECTOR('',#1500,1.);
#1500 = DIRECTION('',(-0.,-1.));
#1501 = ( GEOMETRIC_REPRESENTATION_CONTEXT(2) 
PARAMETRIC_REPRESENTATION_CONTEXT() REPRESENTATION_CONTEXT('2D SPACE',''
  ) );
#1502 = PCURVE('',#961,#1503);
#1503 = DEFINITIONAL_REPRESENTATION('',(#1504),#1508);
#1504 = LINE('',#1505,#1506);
#1505 = CARTESIAN_POINT('',(5.551115123126E-17,0.));
#1506 = VECTOR('',#1507,1.);
#1507 = DIRECTION('',(0.,-1.));
#1508 = ( GEOMETRIC_REPRESENTATION_CONTEXT(2) 
PARAMETRIC_REPRESENTATION_CONTEXT() REPRESENTATION_CONTEXT('2D SPACE',''
  ) );
#1509 = ORIENTED_EDGE('',*,*,#836,.F.);
#1510 = ADVANCED_FACE('',(#1511),#1018,.T.);
#1511 = FACE_BOUND('',#1512,.T.);
#1512 = EDGE_LOOP('',(#1513,#1534,#1535,#1536));
#1513 = ORIENTED_EDGE('',*,*,#1514,.T.);
#1514 = EDGE_CURVE('',#1181,#974,#1515,.T.);
#1515 = SURFACE_CURVE('',#1516,(#1520,#1527),.PCURVE_S1.);
#1516 = LINE('',#1517,#1518);
#1517 = CARTESIAN_POINT('',(0.765961170123,-1.5873015E-02,
    8.694887153946E-02));
#1518 = VECTOR('',#1519,1.);
#1519 = DIRECTION('',(-0.,1.,-0.));
#1520 = PCURVE('',#1018,#1521);
#1521 = DEFINITIONAL_REPRESENTATION('',(#1522),#1526);
#1522 = LINE('',#1523,#1524);
#1523 = CARTESIAN_POINT('',(0.,0.));
#1524 = VECTOR('',#1525,1.);
#1525 = DIRECTION('',(0.,-1.));
#1526 = ( GEOMETRIC_REPRESENTATION_CONTEXT(2) 
PARAMETRIC_REPRESENTATION_CONTEXT() REPRESENTATION_CONTEXT('2D SPACE',''
  ) );
#1527 = PCURVE('',#990,#1528);
#1528 = DEFINITIONAL_REPRESENTATION('',(#1529),#1533);
#1529 = LINE('',#1530,#1531);
#1530 = CARTESIAN_POINT('',(3.709180630608,0.));
#1531 = VECTOR('',#1532,1.);
#1532 = DIRECTION('',(0.,-1.));
#1533 = ( GEOMETRIC_REPRESENTATION_CONTEXT(2) 
PARAMETRIC_REPRESENTATION_CONTEXT() REPRESENTATION_CONTEXT('2D SPACE',''
  ) );
#1534 = ORIENTED_EDGE('',*,*,#1002,.T.);
#1535 = ORIENTED_EDGE('',*,*,#1460,.F.);
#1536 = ORIENTED_EDGE('',*,*,#1205,.F.);
#1537 = ADVANCED_FACE('',(#1538),#961,.T.);
#1538 = FACE_BOUND('',#1539,.T.);
#1539 = EDGE_LOOP('',(#1540,#1541,#1542,#1563));
#1540 = ORIENTED_EDGE('',*,*,#1489,.T.);
#1541 = ORIENTED_EDGE('',*,*,#945,.T.);
#1542 = ORIENTED_EDGE('',*,*,#1543,.F.);
#1543 = EDGE_CURVE('',#1232,#946,#1544,.T.);
#1544 = SURFACE_CURVE('',#1545,(#1549,#1556),.PCURVE_S1.);
#1545 = LINE('',#1546,#1547);
#1546 = CARTESIAN_POINT('',(0.765961170123,-1.5873015E-02,
    -3.156964488186E-02));
#1547 = VECTOR('',#1548,1.);
#1548 = DIRECTION('',(-0.,1.,-0.));
#1549 = PCURVE('',#961,#1550);
#1550 = DEFINITIONAL_REPRESENTATION('',(#1551),#1555);
#1551 = LINE('',#1552,#1553);
#1552 = CARTESIAN_POINT('',(0.316049367189,0.));
#1553 = VECTOR('',#1554,1.);
#1554 = DIRECTION('',(0.,-1.));
#1555 = ( GEOMETRIC_REPRESENTATION_CONTEXT(2) 
PARAMETRIC_REPRESENTATION_CONTEXT() REPRESENTATION_CONTEXT('2D SPACE',''
  ) );
#1556 = PCURVE('',#990,#1557);
#1557 = DEFINITIONAL_REPRESENTATION('',(#1558),#1562);
#1558 = LINE('',#1559,#1560);
#1559 = CARTESIAN_POINT('',(0.,0.));
#1560 = VECTOR('',#1561,1.);
#1561 = DIRECTION('',(0.,-1.));
#1562 = ( GEOMETRIC_REPRESENTATION_CONTEXT(2) 
PARAMETRIC_REPRESENTATION_CONTEXT() REPRESENTATION_CONTEXT('2D SPACE',''
  ) );
#1563 = ORIENTED_EDGE('',*,*,#1254,.F.);
#1564 = ADVANCED_FACE('',(#1565),#990,.T.);
#1565 = FACE_BOUND('',#1566,.T.);
#1566 = EDGE_LOOP('',(#1567,#1568,#1569,#1570));
#1567 = ORIENTED_EDGE('',*,*,#1543,.T.);
#1568 = ORIENTED_EDGE('',*,*,#973,.T.);
#1569 = ORIENTED_EDGE('',*,*,#1514,.F.);
#1570 = ORIENTED_EDGE('',*,*,#1281,.F.);
#1571 = ADVANCED_FACE('',(#1572),#1072,.F.);
#1572 = FACE_BOUND('',#1573,.F.);
#1573 = EDGE_LOOP('',(#1574,#1595,#1596,#1597));
#1574 = ORIENTED_EDGE('',*,*,#1575,.T.);
#1575 = EDGE_CURVE('',#1307,#1056,#1576,.T.);
#1576 = SEAM_CURVE('',#1577,(#1581,#1588),.PCURVE_S1.);
#1577 = LINE('',#1578,#1579);
#1578 = CARTESIAN_POINT('',(-7.848329816286E-02,-1.5873015E-02,
    -0.564902994441));
#1579 = VECTOR('',#1580,1.);
#1580 = DIRECTION('',(-0.,1.,-0.));
#1581 = PCURVE('',#1072,#1582);
#1582 = DEFINITIONAL_REPRESENTATION('',(#1583),#1587);
#1583 = LINE('',#1584,#1585);
#1584 = CARTESIAN_POINT('',(0.,0.));
#1585 = VECTOR('',#1586,1.);
#1586 = DIRECTION('',(0.,-1.));
#1587 = ( GEOMETRIC_REPRESENTATION_CONTEXT(2) 
PARAMETRIC_REPRESENTATION_CONTEXT() REPRESENTATION_CONTEXT('2D SPACE',''
  ) );
#1588 = PCURVE('',#1072,#1589);
#1589 = DEFINITIONAL_REPRESENTATION('',(#1590),#1594);
#1590 = LINE('',#1591,#1592);
#1591 = CARTESIAN_POINT('',(6.28318530718,0.));
#1592 = VECTOR('',#1593,1.);
#1593 = DIRECTION('',(0.,-1.));
#1594 = ( GEOMETRIC_REPRESENTATION_CONTEXT(2) 
PARAMETRIC_REPRESENTATION_CONTEXT() REPRESENTATION_CONTEXT('2D SPACE',''
  ) );
#1595 = ORIENTED_EDGE('',*,*,#1055,.T.);
#1596 = ORIENTED_EDGE('',*,*,#1575,.F.);
#1597 = ORIENTED_EDGE('',*,*,#1331,.F.);
#1598 = ADVANCED_FACE('',(#1599),#1103,.F.);
#1599 = FACE_BOUND('',#1600,.F.);
#1600 = EDGE_LOOP('',(#1601));
#1601 = ORIENTED_EDGE('',*,*,#1086,.T.);
#1602 = ADVANCED_FACE('',(#1603),#1134,.F.);
#1603 = FACE_BOUND('',#1604,.F.);
#1604 = EDGE_LOOP('',(#1605,#1626,#1627,#1628));
#1605 = ORIENTED_EDGE('',*,*,#1606,.T.);
#1606 = EDGE_CURVE('',#1361,#1118,#1607,.T.);
#1607 = SEAM_CURVE('',#1608,(#1612,#1619),.PCURVE_S1.);
#1608 = LINE('',#1609,#1610);
#1609 = CARTESIAN_POINT('',(1.53438474666E-02,-1.5873015E-02,
    2.768959991776E-02));
#1610 = VECTOR('',#1611,1.);
#1611 = DIRECTION('',(-0.,1.,-0.));
#1612 = PCURVE('',#1134,#1613);
#1613 = DEFINITIONAL_REPRESENTATION('',(#1614),#1618);
#1614 = LINE('',#1615,#1616);
#1615 = CARTESIAN_POINT('',(0.,0.));
#1616 = VECTOR('',#1617,1.);
#1617 = DIRECTION('',(0.,-1.));
#1618 = ( GEOMETRIC_REPRESENTATION_CONTEXT(2) 
PARAMETRIC_REPRESENTATION_CONTEXT() REPRESENTATION_CONTEXT('2D SPACE',''
  ) );
#1619 = PCURVE('',#1134,#1620);
#1620 = DEFINITIONAL_REPRESENTATION('',(#1621),#1625);
#1621 = LINE('',#1622,#1623);
#1622 = CARTESIAN_POINT('',(6.28318530718,0.));
#1623 = VECTOR('',#1624,1.);
#1624 = DIRECTION('',(0.,-1.));
#1625 = ( GEOMETRIC_REPRESENTATION_CONTEXT(2) 
PARAMETRIC_REPRESENTATION_CONTEXT() REPRESENTATION_CONTEXT('2D SPACE',''
  ) );
#1626 = ORIENTED_EDGE('',*,*,#1117,.T.);
#1627 = ORIENTED_EDGE('',*,*,#1606,.F.);
#1628 = ORIENTED_EDGE('',*,*,#1385,.F.);
#1629 = ADVANCED_FACE('',(#1630),#1165,.F.);
#1630 = FACE_BOUND('',#1631,.F.);
#1631 = EDGE_LOOP('',(#1632,#1653,#1654,#1655));
#1632 = ORIENTED_EDGE('',*,*,#1633,.T.);
#1633 = EDGE_CURVE('',#1411,#1149,#1634,.T.);
#1634 = SEAM_CURVE('',#1635,(#1639,#1646),.PCURVE_S1.);
#1635 = LINE('',#1636,#1637);
#1636 = CARTESIAN_POINT('',(0.810405602647,-1.5873015E-02,
    2.768959991776E-02));
#1637 = VECTOR('',#1638,1.);
#1638 = DIRECTION('',(-0.,1.,-0.));
#1639 = PCURVE('',#1165,#1640);
#1640 = DEFINITIONAL_REPRESENTATION('',(#1641),#1645);
#1641 = LINE('',#1642,#1643);
#1642 = CARTESIAN_POINT('',(0.,0.));
#1643 = VECTOR('',#1644,1.);
#1644 = DIRECTION('',(0.,-1.));
#1645 = ( GEOMETRIC_REPRESENTATION_CONTEXT(2) 
PARAMETRIC_REPRESENTATION_CONTEXT() REPRESENTATION_CONTEXT('2D SPACE',''
  ) );
#1646 = PCURVE('',#1165,#1647);
#1647 = DEFINITIONAL_REPRESENTATION('',(#1648),#1652);
#1648 = LINE('',#1649,#1650);
#1649 = CARTESIAN_POINT('',(6.28318530718,0.));
#1650 = VECTOR('',#1651,1.);
#1651 = DIRECTION('',(0.,-1.));
#1652 = ( GEOMETRIC_REPRESENTATION_CONTEXT(2) 
PARAMETRIC_REPRESENTATION_CONTEXT() REPRESENTATION_CONTEXT('2D SPACE',''
  ) );
#1653 = ORIENTED_EDGE('',*,*,#1148,.T.);
#1654 = ORIENTED_EDGE('',*,*,#1633,.F.);
#1655 = ORIENTED_EDGE('',*,*,#1435,.F.);
#1656 = ( GEOMETRIC_REPRESENTATION_CONTEXT(3) 
GLOBAL_UNCERTAINTY_ASSIGNED_CONTEXT((#1660)) 
GLOBAL_UNIT_ASSIGNED_CONTEXT((#1657,#1658,#1659)) REPRESENTATION_CONTEXT
('Context #1','3D Context with UNIT and UNCERTAINTY') );
#1657 = ( LENGTH_UNIT() NAMED_UNIT(*) SI_UNIT(.MILLI.,.METRE.) );
#1658 = ( NAMED_UNIT(*) PLANE_ANGLE_UNIT() SI_UNIT($,.RADIAN.) );
#1659 = ( NAMED_UNIT(*) SI_UNIT($,.STERADIAN.) SOLID_ANGLE_UNIT() );
#1660 = UNCERTAINTY_MEASURE_WITH_UNIT(LENGTH_MEASURE(1.E-07),#1657,
  'distance_accuracy_value','confusion accuracy');
#1661 = CONTEXT_DEPENDENT_SHAPE_REPRESENTATION(#1662,#1664);
#1662 = ( REPRESENTATION_RELATIONSHIP('','',#74,#10) 
REPRESENTATION_RELATIONSHIP_WITH_TRANSFORMATION(#1663) 
SHAPE_REPRESENTATION_RELATIONSHIP() );
#1663 = ITEM_DEFINED_TRANSFORMATION('','',#11,#15);
#1664 = PRODUCT_DEFINITION_SHAPE('Placement','Placement of an item',
  #1665);
#1665 = NEXT_ASSEMBLY_USAGE_OCCURRENCE('41','','',#5,#69,$);
#1666 = CC_DESIGN_SECURITY_CLASSIFICATION(#1667,(#1665));
#1667 = SECURITY_CLASSIFICATION('','',#51);
#1668 = CC_DESIGN_PERSON_AND_ORGANIZATION_ASSIGNMENT(#40,#49,(#1667));
#1669 = CC_DESIGN_DATE_AND_TIME_ASSIGNMENT(#54,#60,(#1667));
#1670 = CC_DESIGN_APPROVAL(#62,(#1667));
#1671 = PRODUCT_RELATED_PRODUCT_CATEGORY('detail',$,(#71));
#1672 = PRODUCT_CATEGORY_RELATIONSHIP('','',#1673,#1671);
#1673 = PRODUCT_CATEGORY('part',$);
#1674 = CC_DESIGN_PERSON_AND_ORGANIZATION_ASSIGNMENT(#40,#43,(#70,#69));
#1675 = CC_DESIGN_PERSON_AND_ORGANIZATION_ASSIGNMENT(#40,#45,(#71));
#1676 = CC_DESIGN_PERSON_AND_ORGANIZATION_ASSIGNMENT(#40,#47,(#70));
#1677 = CC_DESIGN_PERSON_AND_ORGANIZATION_ASSIGNMENT(#40,#49,(#1678));
#1678 = SECURITY_CLASSIFICATION('','',#51);
#1679 = CC_DESIGN_SECURITY_CLASSIFICATION(#1678,(#70));
#1680 = CC_DESIGN_DATE_AND_TIME_ASSIGNMENT(#54,#58,(#69));
#1681 = CC_DESIGN_DATE_AND_TIME_ASSIGNMENT(#54,#60,(#1678));
#1682 = CC_DESIGN_APPROVAL(#62,(#70,#69,#1678));
#1683 = SHAPE_DEFINITION_REPRESENTATION(#1684,#1690);
#1684 = PRODUCT_DEFINITION_SHAPE('','',#1685);
#1685 = PRODUCT_DEFINITION('design','',#1686,#1689);
#1686 = PRODUCT_DEFINITION_FORMATION_WITH_SPECIFIED_SOURCE('','',#1687,
  .NOT_KNOWN.);
#1687 = PRODUCT('Open CASCADE STEP translator 7.7 273.2',
  'Open CASCADE STEP translator 7.7 273.2','',(#1688));
#1688 = MECHANICAL_CONTEXT('',#2,'mechanical');
#1689 = DESIGN_CONTEXT('',#2,'design');
#1690 = ADVANCED_BREP_SHAPE_REPRESENTATION('',(#11,#1691),#1844);
#1691 = MANIFOLD_SOLID_BREP('',#1692);
#1692 = CLOSED_SHELL('',(#1693,#1781,#1836,#1840));
#1693 = ADVANCED_FACE('',(#1694),#1708,.T.);
#1694 = FACE_BOUND('',#1695,.F.);
#1695 = EDGE_LOOP('',(#1696,#1726,#1753,#1754));
#1696 = ORIENTED_EDGE('',*,*,#1697,.T.);
#1697 = EDGE_CURVE('',#1698,#1700,#1702,.T.);
#1698 = VERTEX_POINT('',#1699);
#1699 = CARTESIAN_POINT('',(0.116578429202,-1.5873015E-02,
    -0.419224007997));
#1700 = VERTEX_POINT('',#1701);
#1701 = CARTESIAN_POINT('',(0.116578429202,-9.5238149E-02,
    -0.419224007997));
#1702 = SEAM_CURVE('',#1703,(#1707,#1719),.PCURVE_S1.);
#1703 = LINE('',#1704,#1705);
#1704 = CARTESIAN_POINT('',(0.116578429202,-1.5873015E-02,
    -0.419224007997));
#1705 = VECTOR('',#1706,1.);
#1706 = DIRECTION('',(0.,-1.,0.));
#1707 = PCURVE('',#1708,#1713);
#1708 = CYLINDRICAL_SURFACE('',#1709,9.171075291104E-03);
#1709 = AXIS2_PLACEMENT_3D('',#1710,#1711,#1712);
#1710 = CARTESIAN_POINT('',(0.107407353911,-1.5873015E-02,
    -0.419224007997));
#1711 = DIRECTION('',(-0.,1.,-0.));
#1712 = DIRECTION('',(1.,0.,0.));
#1713 = DEFINITIONAL_REPRESENTATION('',(#1714),#1718);
#1714 = LINE('',#1715,#1716);
#1715 = CARTESIAN_POINT('',(-0.,0.));
#1716 = VECTOR('',#1717,1.);
#1717 = DIRECTION('',(-0.,-1.));
#1718 = ( GEOMETRIC_REPRESENTATION_CONTEXT(2) 
PARAMETRIC_REPRESENTATION_CONTEXT() REPRESENTATION_CONTEXT('2D SPACE',''
  ) );
#1719 = PCURVE('',#1708,#1720);
#1720 = DEFINITIONAL_REPRESENTATION('',(#1721),#1725);
#1721 = LINE('',#1722,#1723);
#1722 = CARTESIAN_POINT('',(-6.28318530718,0.));
#1723 = VECTOR('',#1724,1.);
#1724 = DIRECTION('',(-0.,-1.));
#1725 = ( GEOMETRIC_REPRESENTATION_CONTEXT(2) 
PARAMETRIC_REPRESENTATION_CONTEXT() REPRESENTATION_CONTEXT('2D SPACE',''
  ) );
#1726 = ORIENTED_EDGE('',*,*,#1727,.T.);
#1727 = EDGE_CURVE('',#1700,#1700,#1728,.T.);
#1728 = SURFACE_CURVE('',#1729,(#1734,#1741),.PCURVE_S1.);
#1729 = CIRCLE('',#1730,9.171075291104E-03);
#1730 = AXIS2_PLACEMENT_3D('',#1731,#1732,#1733);
#1731 = CARTESIAN_POINT('',(0.107407353911,-9.5238149E-02,
    -0.419224007997));
#1732 = DIRECTION('',(0.,-1.,0.));
#1733 = DIRECTION('',(1.,0.,0.));
#1734 = PCURVE('',#1708,#1735);
#1735 = DEFINITIONAL_REPRESENTATION('',(#1736),#1740);
#1736 = LINE('',#1737,#1738);
#1737 = CARTESIAN_POINT('',(-0.,-7.9365134E-02));
#1738 = VECTOR('',#1739,1.);
#1739 = DIRECTION('',(-1.,0.));
#1740 = ( GEOMETRIC_REPRESENTATION_CONTEXT(2) 
PARAMETRIC_REPRESENTATION_CONTEXT() REPRESENTATION_CONTEXT('2D SPACE',''
  ) );
#1741 = PCURVE('',#1742,#1747);
#1742 = PLANE('',#1743);
#1743 = AXIS2_PLACEMENT_3D('',#1744,#1745,#1746);
#1744 = CARTESIAN_POINT('',(-1.5873015E-02,-9.5238149E-02,-1.5873015E-02
    ));
#1745 = DIRECTION('',(0.,-1.,0.));
#1746 = DIRECTION('',(1.,0.,0.));
#1747 = DEFINITIONAL_REPRESENTATION('',(#1748),#1752);
#1748 = CIRCLE('',#1749,9.171075291104E-03);
#1749 = AXIS2_PLACEMENT_2D('',#1750,#1751);
#1750 = CARTESIAN_POINT('',(0.123280368911,-0.403350992997));
#1751 = DIRECTION('',(1.,0.));
#1752 = ( GEOMETRIC_REPRESENTATION_CONTEXT(2) 
PARAMETRIC_REPRESENTATION_CONTEXT() REPRESENTATION_CONTEXT('2D SPACE',''
  ) );
#1753 = ORIENTED_EDGE('',*,*,#1697,.F.);
#1754 = ORIENTED_EDGE('',*,*,#1755,.F.);
#1755 = EDGE_CURVE('',#1698,#1698,#1756,.T.);
#1756 = SURFACE_CURVE('',#1757,(#1762,#1769),.PCURVE_S1.);
#1757 = CIRCLE('',#1758,9.171075291104E-03);
#1758 = AXIS2_PLACEMENT_3D('',#1759,#1760,#1761);
#1759 = CARTESIAN_POINT('',(0.107407353911,-1.5873015E-02,
    -0.419224007997));
#1760 = DIRECTION('',(0.,-1.,0.));
#1761 = DIRECTION('',(1.,0.,0.));
#1762 = PCURVE('',#1708,#1763);
#1763 = DEFINITIONAL_REPRESENTATION('',(#1764),#1768);
#1764 = LINE('',#1765,#1766);
#1765 = CARTESIAN_POINT('',(-0.,0.));
#1766 = VECTOR('',#1767,1.);
#1767 = DIRECTION('',(-1.,0.));
#1768 = ( GEOMETRIC_REPRESENTATION_CONTEXT(2) 
PARAMETRIC_REPRESENTATION_CONTEXT() REPRESENTATION_CONTEXT('2D SPACE',''
  ) );
#1769 = PCURVE('',#1770,#1775);
#1770 = CYLINDRICAL_SURFACE('',#1771,9.171075291104E-03);
#1771 = AXIS2_PLACEMENT_3D('',#1772,#1773,#1774);
#1772 = CARTESIAN_POINT('',(0.107407353911,-1.5873015E-02,
    -0.419224007997));
#1773 = DIRECTION('',(0.,-1.,0.));
#1774 = DIRECTION('',(1.,0.,0.));
#1775 = DEFINITIONAL_REPRESENTATION('',(#1776),#1780);
#1776 = LINE('',#1777,#1778);
#1777 = CARTESIAN_POINT('',(0.,0.));
#1778 = VECTOR('',#1779,1.);
#1779 = DIRECTION('',(1.,0.));
#1780 = ( GEOMETRIC_REPRESENTATION_CONTEXT(2) 
PARAMETRIC_REPRESENTATION_CONTEXT() REPRESENTATION_CONTEXT('2D SPACE',''
  ) );
#1781 = ADVANCED_FACE('',(#1782),#1770,.T.);
#1782 = FACE_BOUND('',#1783,.T.);
#1783 = EDGE_LOOP('',(#1784,#1807,#1834,#1835));
#1784 = ORIENTED_EDGE('',*,*,#1785,.T.);
#1785 = EDGE_CURVE('',#1698,#1786,#1788,.T.);
#1786 = VERTEX_POINT('',#1787);
#1787 = CARTESIAN_POINT('',(0.116578429202,0.,-0.419224007997));
#1788 = SEAM_CURVE('',#1789,(#1793,#1800),.PCURVE_S1.);
#1789 = LINE('',#1790,#1791);
#1790 = CARTESIAN_POINT('',(0.116578429202,-1.5873015E-02,
    -0.419224007997));
#1791 = VECTOR('',#1792,1.);
#1792 = DIRECTION('',(-0.,1.,-0.));
#1793 = PCURVE('',#1770,#1794);
#1794 = DEFINITIONAL_REPRESENTATION('',(#1795),#1799);
#1795 = LINE('',#1796,#1797);
#1796 = CARTESIAN_POINT('',(0.,0.));
#1797 = VECTOR('',#1798,1.);
#1798 = DIRECTION('',(0.,-1.));
#1799 = ( GEOMETRIC_REPRESENTATION_CONTEXT(2) 
PARAMETRIC_REPRESENTATION_CONTEXT() REPRESENTATION_CONTEXT('2D SPACE',''
  ) );
#1800 = PCURVE('',#1770,#1801);
#1801 = DEFINITIONAL_REPRESENTATION('',(#1802),#1806);
#1802 = LINE('',#1803,#1804);
#1803 = CARTESIAN_POINT('',(6.28318530718,0.));
#1804 = VECTOR('',#1805,1.);
#1805 = DIRECTION('',(0.,-1.));
#1806 = ( GEOMETRIC_REPRESENTATION_CONTEXT(2) 
PARAMETRIC_REPRESENTATION_CONTEXT() REPRESENTATION_CONTEXT('2D SPACE',''
  ) );
#1807 = ORIENTED_EDGE('',*,*,#1808,.T.);
#1808 = EDGE_CURVE('',#1786,#1786,#1809,.T.);
#1809 = SURFACE_CURVE('',#1810,(#1815,#1822),.PCURVE_S1.);
#1810 = CIRCLE('',#1811,9.171075291104E-03);
#1811 = AXIS2_PLACEMENT_3D('',#1812,#1813,#1814);
#1812 = CARTESIAN_POINT('',(0.107407353911,0.,-0.419224007997));
#1813 = DIRECTION('',(0.,-1.,0.));
#1814 = DIRECTION('',(1.,0.,0.));
#1815 = PCURVE('',#1770,#1816);
#1816 = DEFINITIONAL_REPRESENTATION('',(#1817),#1821);
#1817 = LINE('',#1818,#1819);
#1818 = CARTESIAN_POINT('',(0.,-1.5873015E-02));
#1819 = VECTOR('',#1820,1.);
#1820 = DIRECTION('',(1.,0.));
#1821 = ( GEOMETRIC_REPRESENTATION_CONTEXT(2) 
PARAMETRIC_REPRESENTATION_CONTEXT() REPRESENTATION_CONTEXT('2D SPACE',''
  ) );
#1822 = PCURVE('',#1823,#1828);
#1823 = PLANE('',#1824);
#1824 = AXIS2_PLACEMENT_3D('',#1825,#1826,#1827);
#1825 = CARTESIAN_POINT('',(-1.5873015E-02,0.,-1.5873015E-02));
#1826 = DIRECTION('',(0.,-1.,0.));
#1827 = DIRECTION('',(1.,0.,0.));
#1828 = DEFINITIONAL_REPRESENTATION('',(#1829),#1833);
#1829 = CIRCLE('',#1830,9.171075291104E-03);
#1830 = AXIS2_PLACEMENT_2D('',#1831,#1832);
#1831 = CARTESIAN_POINT('',(0.123280368911,-0.403350992997));
#1832 = DIRECTION('',(1.,0.));
#1833 = ( GEOMETRIC_REPRESENTATION_CONTEXT(2) 
PARAMETRIC_REPRESENTATION_CONTEXT() REPRESENTATION_CONTEXT('2D SPACE',''
  ) );
#1834 = ORIENTED_EDGE('',*,*,#1785,.F.);
#1835 = ORIENTED_EDGE('',*,*,#1755,.F.);
#1836 = ADVANCED_FACE('',(#1837),#1742,.T.);
#1837 = FACE_BOUND('',#1838,.T.);
#1838 = EDGE_LOOP('',(#1839));
#1839 = ORIENTED_EDGE('',*,*,#1727,.T.);
#1840 = ADVANCED_FACE('',(#1841),#1823,.F.);
#1841 = FACE_BOUND('',#1842,.F.);
#1842 = EDGE_LOOP('',(#1843));
#1843 = ORIENTED_EDGE('',*,*,#1808,.T.);
#1844 = ( GEOMETRIC_REPRESENTATION_CONTEXT(3) 
GLOBAL_UNCERTAINTY_ASSIGNED_CONTEXT((#1848)) 
GLOBAL_UNIT_ASSIGNED_CONTEXT((#1845,#1846,#1847)) REPRESENTATION_CONTEXT
('Context #1','3D Context with UNIT and UNCERTAINTY') );
#1845 = ( LENGTH_UNIT() NAMED_UNIT(*) SI_UNIT(.MILLI.,.METRE.) );
#1846 = ( NAMED_UNIT(*) PLANE_ANGLE_UNIT() SI_UNIT($,.RADIAN.) );
#1847 = ( NAMED_UNIT(*) SI_UNIT($,.STERADIAN.) SOLID_ANGLE_UNIT() );
#1848 = UNCERTAINTY_MEASURE_WITH_UNIT(LENGTH_MEASURE(1.E-07),#1845,
  'distance_accuracy_value','confusion accuracy');
#1849 = CONTEXT_DEPENDENT_SHAPE_REPRESENTATION(#1850,#1852);
#1850 = ( REPRESENTATION_RELATIONSHIP('','',#1690,#10) 
REPRESENTATION_RELATIONSHIP_WITH_TRANSFORMATION(#1851) 
SHAPE_REPRESENTATION_RELATIONSHIP() );
#1851 = ITEM_DEFINED_TRANSFORMATION('','',#11,#19);
#1852 = PRODUCT_DEFINITION_SHAPE('Placement','Placement of an item',
  #1853);
#1853 = NEXT_ASSEMBLY_USAGE_OCCURRENCE('42','','',#5,#1685,$);
#1854 = CC_DESIGN_SECURITY_CLASSIFICATION(#1855,(#1853));
#1855 = SECURITY_CLASSIFICATION('','',#51);
#1856 = CC_DESIGN_PERSON_AND_ORGANIZATION_ASSIGNMENT(#40,#49,(#1855));
#1857 = CC_DESIGN_DATE_AND_TIME_ASSIGNMENT(#54,#60,(#1855));
#1858 = CC_DESIGN_APPROVAL(#62,(#1855));
#1859 = PRODUCT_RELATED_PRODUCT_CATEGORY('detail',$,(#1687));
#1860 = PRODUCT_CATEGORY_RELATIONSHIP('','',#1861,#1859);
#1861 = PRODUCT_CATEGORY('part',$);
#1862 = CC_DESIGN_PERSON_AND_ORGANIZATION_ASSIGNMENT(#40,#43,(#1686,
    #1685));
#1863 = CC_DESIGN_PERSON_AND_ORGANIZATION_ASSIGNMENT(#40,#45,(#1687));
#1864 = CC_DESIGN_PERSON_AND_ORGANIZATION_ASSIGNMENT(#40,#47,(#1686));
#1865 = CC_DESIGN_PERSON_AND_ORGANIZATION_ASSIGNMENT(#40,#49,(#1866));
#1866 = SECURITY_CLASSIFICATION('','',#51);
#1867 = CC_DESIGN_SECURITY_CLASSIFICATION(#1866,(#1686));
#1868 = CC_DESIGN_DATE_AND_TIME_ASSIGNMENT(#54,#58,(#1685));
#1869 = CC_DESIGN_DATE_AND_TIME_ASSIGNMENT(#54,#60,(#1866));
#1870 = CC_DESIGN_APPROVAL(#62,(#1686,#1685,#1866));
#1871 = SHAPE_DEFINITION_REPRESENTATION(#1872,#1878);
#1872 = PRODUCT_DEFINITION_SHAPE('','',#1873);
#1873 = PRODUCT_DEFINITION('design','',#1874,#1877);
#1874 = PRODUCT_DEFINITION_FORMATION_WITH_SPECIFIED_SOURCE('','',#1875,
  .NOT_KNOWN.);
#1875 = PRODUCT('Open CASCADE STEP translator 7.7 273.3',
  'Open CASCADE STEP translator 7.7 273.3','',(#1876));
#1876 = MECHANICAL_CONTEXT('',#2,'mechanical');
#1877 = DESIGN_CONTEXT('',#2,'design');
#1878 = ADVANCED_BREP_SHAPE_REPRESENTATION('',(#11,#1879),#2032);
#1879 = MANIFOLD_SOLID_BREP('',#1880);
#1880 = CLOSED_SHELL('',(#1881,#1969,#2024,#2028));
#1881 = ADVANCED_FACE('',(#1882),#1896,.T.);
#1882 = FACE_BOUND('',#1883,.F.);
#1883 = EDGE_LOOP('',(#1884,#1914,#1941,#1942));
#1884 = ORIENTED_EDGE('',*,*,#1885,.T.);
#1885 = EDGE_CURVE('',#1886,#1888,#1890,.T.);
#1886 = VERTEX_POINT('',#1887);
#1887 = CARTESIAN_POINT('',(0.575132228195,-1.5873015E-02,
    -0.419224007997));
#1888 = VERTEX_POINT('',#1889);
#1889 = CARTESIAN_POINT('',(0.575132228195,-9.5238149E-02,
    -0.419224007997));
#1890 = SEAM_CURVE('',#1891,(#1895,#1907),.PCURVE_S1.);
#1891 = LINE('',#1892,#1893);
#1892 = CARTESIAN_POINT('',(0.575132228195,-1.5873015E-02,
    -0.419224007997));
#1893 = VECTOR('',#1894,1.);
#1894 = DIRECTION('',(0.,-1.,0.));
#1895 = PCURVE('',#1896,#1901);
#1896 = CYLINDRICAL_SURFACE('',#1897,9.171075291104E-03);
#1897 = AXIS2_PLACEMENT_3D('',#1898,#1899,#1900);
#1898 = CARTESIAN_POINT('',(0.565961152904,-1.5873015E-02,
    -0.419224007997));
#1899 = DIRECTION('',(-0.,1.,-0.));
#1900 = DIRECTION('',(1.,0.,0.));
#1901 = DEFINITIONAL_REPRESENTATION('',(#1902),#1906);
#1902 = LINE('',#1903,#1904);
#1903 = CARTESIAN_POINT('',(-0.,0.));
#1904 = VECTOR('',#1905,1.);
#1905 = DIRECTION('',(-0.,-1.));
#1906 = ( GEOMETRIC_REPRESENTATION_CONTEXT(2) 
PARAMETRIC_REPRESENTATION_CONTEXT() REPRESENTATION_CONTEXT('2D SPACE',''
  ) );
#1907 = PCURVE('',#1896,#1908);
#1908 = DEFINITIONAL_REPRESENTATION('',(#1909),#1913);
#1909 = LINE('',#1910,#1911);
#1910 = CARTESIAN_POINT('',(-6.28318530718,0.));
#1911 = VECTOR('',#1912,1.);
#1912 = DIRECTION('',(-0.,-1.));
#1913 = ( GEOMETRIC_REPRESENTATION_CONTEXT(2) 
PARAMETRIC_REPRESENTATION_CONTEXT() REPRESENTATION_CONTEXT('2D SPACE',''
  ) );
#1914 = ORIENTED_EDGE('',*,*,#1915,.T.);
#1915 = EDGE_CURVE('',#1888,#1888,#1916,.T.);
#1916 = SURFACE_CURVE('',#1917,(#1922,#1929),.PCURVE_S1.);
#1917 = CIRCLE('',#1918,9.171075291104E-03);
#1918 = AXIS2_PLACEMENT_3D('',#1919,#1920,#1921);
#1919 = CARTESIAN_POINT('',(0.565961152904,-9.5238149E-02,
    -0.419224007997));
#1920 = DIRECTION('',(0.,-1.,0.));
#1921 = DIRECTION('',(1.,0.,0.));
#1922 = PCURVE('',#1896,#1923);
#1923 = DEFINITIONAL_REPRESENTATION('',(#1924),#1928);
#1924 = LINE('',#1925,#1926);
#1925 = CARTESIAN_POINT('',(-0.,-7.9365134E-02));
#1926 = VECTOR('',#1927,1.);
#1927 = DIRECTION('',(-1.,0.));
#1928 = ( GEOMETRIC_REPRESENTATION_CONTEXT(2) 
PARAMETRIC_REPRESENTATION_CONTEXT() REPRESENTATION_CONTEXT('2D SPACE',''
  ) );
#1929 = PCURVE('',#1930,#1935);
#1930 = PLANE('',#1931);
#1931 = AXIS2_PLACEMENT_3D('',#1932,#1933,#1934);
#1932 = CARTESIAN_POINT('',(-1.5873015E-02,-9.5238149E-02,-1.5873015E-02
    ));
#1933 = DIRECTION('',(0.,-1.,0.));
#1934 = DIRECTION('',(1.,0.,0.));
#1935 = DEFINITIONAL_REPRESENTATION('',(#1936),#1940);
#1936 = CIRCLE('',#1937,9.171075291104E-03);
#1937 = AXIS2_PLACEMENT_2D('',#1938,#1939);
#1938 = CARTESIAN_POINT('',(0.581834167904,-0.403350992997));
#1939 = DIRECTION('',(1.,0.));
#1940 = ( GEOMETRIC_REPRESENTATION_CONTEXT(2) 
PARAMETRIC_REPRESENTATION_CONTEXT() REPRESENTATION_CONTEXT('2D SPACE',''
  ) );
#1941 = ORIENTED_EDGE('',*,*,#1885,.F.);
#1942 = ORIENTED_EDGE('',*,*,#1943,.F.);
#1943 = EDGE_CURVE('',#1886,#1886,#1944,.T.);
#1944 = SURFACE_CURVE('',#1945,(#1950,#1957),.PCURVE_S1.);
#1945 = CIRCLE('',#1946,9.171075291104E-03);
#1946 = AXIS2_PLACEMENT_3D('',#1947,#1948,#1949);
#1947 = CARTESIAN_POINT('',(0.565961152904,-1.5873015E-02,
    -0.419224007997));
#1948 = DIRECTION('',(0.,-1.,0.));
#1949 = DIRECTION('',(1.,0.,0.));
#1950 = PCURVE('',#1896,#1951);
#1951 = DEFINITIONAL_REPRESENTATION('',(#1952),#1956);
#1952 = LINE('',#1953,#1954);
#1953 = CARTESIAN_POINT('',(-0.,0.));
#1954 = VECTOR('',#1955,1.);
#1955 = DIRECTION('',(-1.,0.));
#1956 = ( GEOMETRIC_REPRESENTATION_CONTEXT(2) 
PARAMETRIC_REPRESENTATION_CONTEXT() REPRESENTATION_CONTEXT('2D SPACE',''
  ) );
#1957 = PCURVE('',#1958,#1963);
#1958 = CYLINDRICAL_SURFACE('',#1959,9.171075291104E-03);
#1959 = AXIS2_PLACEMENT_3D('',#1960,#1961,#1962);
#1960 = CARTESIAN_POINT('',(0.565961152904,-1.5873015E-02,
    -0.419224007997));
#1961 = DIRECTION('',(0.,-1.,0.));
#1962 = DIRECTION('',(1.,0.,0.));
#1963 = DEFINITIONAL_REPRESENTATION('',(#1964),#1968);
#1964 = LINE('',#1965,#1966);
#1965 = CARTESIAN_POINT('',(0.,0.));
#1966 = VECTOR('',#1967,1.);
#1967 = DIRECTION('',(1.,0.));
#1968 = ( GEOMETRIC_REPRESENTATION_CONTEXT(2) 
PARAMETRIC_REPRESENTATION_CONTEXT() REPRESENTATION_CONTEXT('2D SPACE',''
  ) );
#1969 = ADVANCED_FACE('',(#1970),#1958,.T.);
#1970 = FACE_BOUND('',#1971,.T.);
#1971 = EDGE_LOOP('',(#1972,#1995,#2022,#2023));
#1972 = ORIENTED_EDGE('',*,*,#1973,.T.);
#1973 = EDGE_CURVE('',#1886,#1974,#1976,.T.);
#1974 = VERTEX_POINT('',#1975);
#1975 = CARTESIAN_POINT('',(0.575132228195,0.,-0.419224007997));
#1976 = SEAM_CURVE('',#1977,(#1981,#1988),.PCURVE_S1.);
#1977 = LINE('',#1978,#1979);
#1978 = CARTESIAN_POINT('',(0.575132228195,-1.5873015E-02,
    -0.419224007997));
#1979 = VECTOR('',#1980,1.);
#1980 = DIRECTION('',(-0.,1.,-0.));
#1981 = PCURVE('',#1958,#1982);
#1982 = DEFINITIONAL_REPRESENTATION('',(#1983),#1987);
#1983 = LINE('',#1984,#1985);
#1984 = CARTESIAN_POINT('',(0.,0.));
#1985 = VECTOR('',#1986,1.);
#1986 = DIRECTION('',(0.,-1.));
#1987 = ( GEOMETRIC_REPRESENTATION_CONTEXT(2) 
PARAMETRIC_REPRESENTATION_CONTEXT() REPRESENTATION_CONTEXT('2D SPACE',''
  ) );
#1988 = PCURVE('',#1958,#1989);
#1989 = DEFINITIONAL_REPRESENTATION('',(#1990),#1994);
#1990 = LINE('',#1991,#1992);
#1991 = CARTESIAN_POINT('',(6.28318530718,0.));
#1992 = VECTOR('',#1993,1.);
#1993 = DIRECTION('',(0.,-1.));
#1994 = ( GEOMETRIC_REPRESENTATION_CONTEXT(2) 
PARAMETRIC_REPRESENTATION_CONTEXT() REPRESENTATION_CONTEXT('2D SPACE',''
  ) );
#1995 = ORIENTED_EDGE('',*,*,#1996,.T.);
#1996 = EDGE_CURVE('',#1974,#1974,#1997,.T.);
#1997 = SURFACE_CURVE('',#1998,(#2003,#2010),.PCURVE_S1.);
#1998 = CIRCLE('',#1999,9.171075291104E-03);
#1999 = AXIS2_PLACEMENT_3D('',#2000,#2001,#2002);
#2000 = CARTESIAN_POINT('',(0.565961152904,0.,-0.419224007997));
#2001 = DIRECTION('',(0.,-1.,0.));
#2002 = DIRECTION('',(1.,0.,0.));
#2003 = PCURVE('',#1958,#2004);
#2004 = DEFINITIONAL_REPRESENTATION('',(#2005),#2009);
#2005 = LINE('',#2006,#2007);
#2006 = CARTESIAN_POINT('',(0.,-1.5873015E-02));
#2007 = VECTOR('',#2008,1.);
#2008 = DIRECTION('',(1.,0.));
#2009 = ( GEOMETRIC_REPRESENTATION_CONTEXT(2) 
PARAMETRIC_REPRESENTATION_CONTEXT() REPRESENTATION_CONTEXT('2D SPACE',''
  ) );
#2010 = PCURVE('',#2011,#2016);
#2011 = PLANE('',#2012);
#2012 = AXIS2_PLACEMENT_3D('',#2013,#2014,#2015);
#2013 = CARTESIAN_POINT('',(-1.5873015E-02,0.,-1.5873015E-02));
#2014 = DIRECTION('',(0.,-1.,0.));
#2015 = DIRECTION('',(1.,0.,0.));
#2016 = DEFINITIONAL_REPRESENTATION('',(#2017),#2021);
#2017 = CIRCLE('',#2018,9.171075291104E-03);
#2018 = AXIS2_PLACEMENT_2D('',#2019,#2020);
#2019 = CARTESIAN_POINT('',(0.581834167904,-0.403350992997));
#2020 = DIRECTION('',(1.,0.));
#2021 = ( GEOMETRIC_REPRESENTATION_CONTEXT(2) 
PARAMETRIC_REPRESENTATION_CONTEXT() REPRESENTATION_CONTEXT('2D SPACE',''
  ) );
#2022 = ORIENTED_EDGE('',*,*,#1973,.F.);
#2023 = ORIENTED_EDGE('',*,*,#1943,.F.);
#2024 = ADVANCED_FACE('',(#2025),#1930,.T.);
#2025 = FACE_BOUND('',#2026,.T.);
#2026 = EDGE_LOOP('',(#2027));
#2027 = ORIENTED_EDGE('',*,*,#1915,.T.);
#2028 = ADVANCED_FACE('',(#2029),#2011,.F.);
#2029 = FACE_BOUND('',#2030,.F.);
#2030 = EDGE_LOOP('',(#2031));
#2031 = ORIENTED_EDGE('',*,*,#1996,.T.);
#2032 = ( GEOMETRIC_REPRESENTATION_CONTEXT(3) 
GLOBAL_UNCERTAINTY_ASSIGNED_CONTEXT((#2036)) 
GLOBAL_UNIT_ASSIGNED_CONTEXT((#2033,#2034,#2035)) REPRESENTATION_CONTEXT
('Context #1','3D Context with UNIT and UNCERTAINTY') );
#2033 = ( LENGTH_UNIT() NAMED_UNIT(*) SI_UNIT(.MILLI.,.METRE.) );
#2034 = ( NAMED_UNIT(*) PLANE_ANGLE_UNIT() SI_UNIT($,.RADIAN.) );
#2035 = ( NAMED_UNIT(*) SI_UNIT($,.STERADIAN.) SOLID_ANGLE_UNIT() );
#2036 = UNCERTAINTY_MEASURE_WITH_UNIT(LENGTH_MEASURE(1.E-07),#2033,
  'distance_accuracy_value','confusion accuracy');
#2037 = CONTEXT_DEPENDENT_SHAPE_REPRESENTATION(#2038,#2040);
#2038 = ( REPRESENTATION_RELATIONSHIP('','',#1878,#10) 
REPRESENTATION_RELATIONSHIP_WITH_TRANSFORMATION(#2039) 
SHAPE_REPRESENTATION_RELATIONSHIP() );
#2039 = ITEM_DEFINED_TRANSFORMATION('','',#11,#23);
#2040 = PRODUCT_DEFINITION_SHAPE('Placement','Placement of an item',
  #2041);
#2041 = NEXT_ASSEMBLY_USAGE_OCCURRENCE('43','','',#5,#1873,$);
#2042 = CC_DESIGN_SECURITY_CLASSIFICATION(#2043,(#2041));
#2043 = SECURITY_CLASSIFICATION('','',#51);
#2044 = CC_DESIGN_PERSON_AND_ORGANIZATION_ASSIGNMENT(#40,#49,(#2043));
#2045 = CC_DESIGN_DATE_AND_TIME_ASSIGNMENT(#54,#60,(#2043));
#2046 = CC_DESIGN_APPROVAL(#62,(#2043));
#2047 = PRODUCT_RELATED_PRODUCT_CATEGORY('detail',$,(#1875));
#2048 = PRODUCT_CATEGORY_RELATIONSHIP('','',#2049,#2047);
#2049 = PRODUCT_CATEGORY('part',$);
#2050 = CC_DESIGN_PERSON_AND_ORGANIZATION_ASSIGNMENT(#40,#43,(#1874,
    #1873));
#2051 = CC_DESIGN_PERSON_AND_ORGANIZATION_ASSIGNMENT(#40,#45,(#1875));
#2052 = CC_DESIGN_PERSON_AND_ORGANIZATION_ASSIGNMENT(#40,#47,(#1874));
#2053 = CC_DESIGN_PERSON_AND_ORGANIZATION_ASSIGNMENT(#40,#49,(#2054));
#2054 = SECURITY_CLASSIFICATION('','',#51);
#2055 = CC_DESIGN_SECURITY_CLASSIFICATION(#2054,(#1874));
#2056 = CC_DESIGN_DATE_AND_TIME_ASSIGNMENT(#54,#58,(#1873));
#2057 = CC_DESIGN_DATE_AND_TIME_ASSIGNMENT(#54,#60,(#2054));
#2058 = CC_DESIGN_APPROVAL(#62,(#1874,#1873,#2054));
#2059 = SHAPE_DEFINITION_REPRESENTATION(#2060,#2066);
#2060 = PRODUCT_DEFINITION_SHAPE('','',#2061);
#2061 = PRODUCT_DEFINITION('design','',#2062,#2065);
#2062 = PRODUCT_DEFINITION_FORMATION_WITH_SPECIFIED_SOURCE('','',#2063,
  .NOT_KNOWN.);
#2063 = PRODUCT('Open CASCADE STEP translator 7.7 273.4',
  'Open CASCADE STEP translator 7.7 273.4','',(#2064));
#2064 = MECHANICAL_CONTEXT('',#2,'mechanical');
#2065 = DESIGN_CONTEXT('',#2,'design');
#2066 = ADVANCED_BREP_SHAPE_REPRESENTATION('',(#11,#2067),#2220);
#2067 = MANIFOLD_SOLID_BREP('',#2068);
#2068 = CLOSED_SHELL('',(#2069,#2157,#2212,#2216));
#2069 = ADVANCED_FACE('',(#2070),#2084,.T.);
#2070 = FACE_BOUND('',#2071,.F.);
#2071 = EDGE_LOOP('',(#2072,#2102,#2129,#2130));
#2072 = ORIENTED_EDGE('',*,*,#2073,.T.);
#2073 = EDGE_CURVE('',#2074,#2076,#2078,.T.);
#2074 = VERTEX_POINT('',#2075);
#2075 = CARTESIAN_POINT('',(0.575132228195,-1.5873015E-02,
    -0.107407413662));
#2076 = VERTEX_POINT('',#2077);
#2077 = CARTESIAN_POINT('',(0.575132228195,-9.5238149E-02,
    -0.107407413662));
#2078 = SEAM_CURVE('',#2079,(#2083,#2095),.PCURVE_S1.);
#2079 = LINE('',#2080,#2081);
#2080 = CARTESIAN_POINT('',(0.575132228195,-1.5873015E-02,
    -0.107407413662));
#2081 = VECTOR('',#2082,1.);
#2082 = DIRECTION('',(0.,-1.,0.));
#2083 = PCURVE('',#2084,#2089);
#2084 = CYLINDRICAL_SURFACE('',#2085,9.171075291104E-03);
#2085 = AXIS2_PLACEMENT_3D('',#2086,#2087,#2088);
#2086 = CARTESIAN_POINT('',(0.565961152904,-1.5873015E-02,
    -0.107407413662));
#2087 = DIRECTION('',(-0.,1.,-0.));
#2088 = DIRECTION('',(1.,0.,0.));
#2089 = DEFINITIONAL_REPRESENTATION('',(#2090),#2094);
#2090 = LINE('',#2091,#2092);
#2091 = CARTESIAN_POINT('',(-0.,0.));
#2092 = VECTOR('',#2093,1.);
#2093 = DIRECTION('',(-0.,-1.));
#2094 = ( GEOMETRIC_REPRESENTATION_CONTEXT(2) 
PARAMETRIC_REPRESENTATION_CONTEXT() REPRESENTATION_CONTEXT('2D SPACE',''
  ) );
#2095 = PCURVE('',#2084,#2096);
#2096 = DEFINITIONAL_REPRESENTATION('',(#2097),#2101);
#2097 = LINE('',#2098,#2099);
#2098 = CARTESIAN_POINT('',(-6.28318530718,0.));
#2099 = VECTOR('',#2100,1.);
#2100 = DIRECTION('',(-0.,-1.));
#2101 = ( GEOMETRIC_REPRESENTATION_CONTEXT(2) 
PARAMETRIC_REPRESENTATION_CONTEXT() REPRESENTATION_CONTEXT('2D SPACE',''
  ) );
#2102 = ORIENTED_EDGE('',*,*,#2103,.T.);
#2103 = EDGE_CURVE('',#2076,#2076,#2104,.T.);
#2104 = SURFACE_CURVE('',#2105,(#2110,#2117),.PCURVE_S1.);
#2105 = CIRCLE('',#2106,9.171075291104E-03);
#2106 = AXIS2_PLACEMENT_3D('',#2107,#2108,#2109);
#2107 = CARTESIAN_POINT('',(0.565961152904,-9.5238149E-02,
    -0.107407413662));
#2108 = DIRECTION('',(0.,-1.,0.));
#2109 = DIRECTION('',(1.,0.,0.));
#2110 = PCURVE('',#2084,#2111);
#2111 = DEFINITIONAL_REPRESENTATION('',(#2112),#2116);
#2112 = LINE('',#2113,#2114);
#2113 = CARTESIAN_POINT('',(-0.,-7.9365134E-02));
#2114 = VECTOR('',#2115,1.);
#2115 = DIRECTION('',(-1.,0.));
#2116 = ( GEOMETRIC_REPRESENTATION_CONTEXT(2) 
PARAMETRIC_REPRESENTATION_CONTEXT() REPRESENTATION_CONTEXT('2D SPACE',''
  ) );
#2117 = PCURVE('',#2118,#2123);
#2118 = PLANE('',#2119);
#2119 = AXIS2_PLACEMENT_3D('',#2120,#2121,#2122);
#2120 = CARTESIAN_POINT('',(-1.5873015E-02,-9.5238149E-02,-1.5873015E-02
    ));
#2121 = DIRECTION('',(0.,-1.,0.));
#2122 = DIRECTION('',(1.,0.,0.));
#2123 = DEFINITIONAL_REPRESENTATION('',(#2124),#2128);
#2124 = CIRCLE('',#2125,9.171075291104E-03);
#2125 = AXIS2_PLACEMENT_2D('',#2126,#2127);
#2126 = CARTESIAN_POINT('',(0.581834167904,-9.153439866172E-02));
#2127 = DIRECTION('',(1.,0.));
#2128 = ( GEOMETRIC_REPRESENTATION_CONTEXT(2) 
PARAMETRIC_REPRESENTATION_CONTEXT() REPRESENTATION_CONTEXT('2D SPACE',''
  ) );
#2129 = ORIENTED_EDGE('',*,*,#2073,.F.);
#2130 = ORIENTED_EDGE('',*,*,#2131,.F.);
#2131 = EDGE_CURVE('',#2074,#2074,#2132,.T.);
#2132 = SURFACE_CURVE('',#2133,(#2138,#2145),.PCURVE_S1.);
#2133 = CIRCLE('',#2134,9.171075291104E-03);
#2134 = AXIS2_PLACEMENT_3D('',#2135,#2136,#2137);
#2135 = CARTESIAN_POINT('',(0.565961152904,-1.5873015E-02,
    -0.107407413662));
#2136 = DIRECTION('',(0.,-1.,0.));
#2137 = DIRECTION('',(1.,0.,0.));
#2138 = PCURVE('',#2084,#2139);
#2139 = DEFINITIONAL_REPRESENTATION('',(#2140),#2144);
#2140 = LINE('',#2141,#2142);
#2141 = CARTESIAN_POINT('',(-0.,0.));
#2142 = VECTOR('',#2143,1.);
#2143 = DIRECTION('',(-1.,0.));
#2144 = ( GEOMETRIC_REPRESENTATION_CONTEXT(2) 
PARAMETRIC_REPRESENTATION_CONTEXT() REPRESENTATION_CONTEXT('2D SPACE',''
  ) );
#2145 = PCURVE('',#2146,#2151);
#2146 = CYLINDRICAL_SURFACE('',#2147,9.171075291104E-03);
#2147 = AXIS2_PLACEMENT_3D('',#2148,#2149,#2150);
#2148 = CARTESIAN_POINT('',(0.565961152904,-1.5873015E-02,
    -0.107407413662));
#2149 = DIRECTION('',(0.,-1.,0.));
#2150 = DIRECTION('',(1.,0.,0.));
#2151 = DEFINITIONAL_REPRESENTATION('',(#2152),#2156);
#2152 = LINE('',#2153,#2154);
#2153 = CARTESIAN_POINT('',(0.,0.));
#2154 = VECTOR('',#2155,1.);
#2155 = DIRECTION('',(1.,0.));
#2156 = ( GEOMETRIC_REPRESENTATION_CONTEXT(2) 
PARAMETRIC_REPRESENTATION_CONTEXT() REPRESENTATION_CONTEXT('2D SPACE',''
  ) );
#2157 = ADVANCED_FACE('',(#2158),#2146,.T.);
#2158 = FACE_BOUND('',#2159,.T.);
#2159 = EDGE_LOOP('',(#2160,#2183,#2210,#2211));
#2160 = ORIENTED_EDGE('',*,*,#2161,.T.);
#2161 = EDGE_CURVE('',#2074,#2162,#2164,.T.);
#2162 = VERTEX_POINT('',#2163);
#2163 = CARTESIAN_POINT('',(0.575132228195,0.,-0.107407413662));
#2164 = SEAM_CURVE('',#2165,(#2169,#2176),.PCURVE_S1.);
#2165 = LINE('',#2166,#2167);
#2166 = CARTESIAN_POINT('',(0.575132228195,-1.5873015E-02,
    -0.107407413662));
#2167 = VECTOR('',#2168,1.);
#2168 = DIRECTION('',(-0.,1.,-0.));
#2169 = PCURVE('',#2146,#2170);
#2170 = DEFINITIONAL_REPRESENTATION('',(#2171),#2175);
#2171 = LINE('',#2172,#2173);
#2172 = CARTESIAN_POINT('',(0.,0.));
#2173 = VECTOR('',#2174,1.);
#2174 = DIRECTION('',(0.,-1.));
#2175 = ( GEOMETRIC_REPRESENTATION_CONTEXT(2) 
PARAMETRIC_REPRESENTATION_CONTEXT() REPRESENTATION_CONTEXT('2D SPACE',''
  ) );
#2176 = PCURVE('',#2146,#2177);
#2177 = DEFINITIONAL_REPRESENTATION('',(#2178),#2182);
#2178 = LINE('',#2179,#2180);
#2179 = CARTESIAN_POINT('',(6.28318530718,0.));
#2180 = VECTOR('',#2181,1.);
#2181 = DIRECTION('',(0.,-1.));
#2182 = ( GEOMETRIC_REPRESENTATION_CONTEXT(2) 
PARAMETRIC_REPRESENTATION_CONTEXT() REPRESENTATION_CONTEXT('2D SPACE',''
  ) );
#2183 = ORIENTED_EDGE('',*,*,#2184,.T.);
#2184 = EDGE_CURVE('',#2162,#2162,#2185,.T.);
#2185 = SURFACE_CURVE('',#2186,(#2191,#2198),.PCURVE_S1.);
#2186 = CIRCLE('',#2187,9.171075291104E-03);
#2187 = AXIS2_PLACEMENT_3D('',#2188,#2189,#2190);
#2188 = CARTESIAN_POINT('',(0.565961152904,0.,-0.107407413662));
#2189 = DIRECTION('',(0.,-1.,0.));
#2190 = DIRECTION('',(1.,0.,0.));
#2191 = PCURVE('',#2146,#2192);
#2192 = DEFINITIONAL_REPRESENTATION('',(#2193),#2197);
#2193 = LINE('',#2194,#2195);
#2194 = CARTESIAN_POINT('',(0.,-1.5873015E-02));
#2195 = VECTOR('',#2196,1.);
#2196 = DIRECTION('',(1.,0.));
#2197 = ( GEOMETRIC_REPRESENTATION_CONTEXT(2) 
PARAMETRIC_REPRESENTATION_CONTEXT() REPRESENTATION_CONTEXT('2D SPACE',''
  ) );
#2198 = PCURVE('',#2199,#2204);
#2199 = PLANE('',#2200);
#2200 = AXIS2_PLACEMENT_3D('',#2201,#2202,#2203);
#2201 = CARTESIAN_POINT('',(-1.5873015E-02,0.,-1.5873015E-02));
#2202 = DIRECTION('',(0.,-1.,0.));
#2203 = DIRECTION('',(1.,0.,0.));
#2204 = DEFINITIONAL_REPRESENTATION('',(#2205),#2209);
#2205 = CIRCLE('',#2206,9.171075291104E-03);
#2206 = AXIS2_PLACEMENT_2D('',#2207,#2208);
#2207 = CARTESIAN_POINT('',(0.581834167904,-9.153439866172E-02));
#2208 = DIRECTION('',(1.,0.));
#2209 = ( GEOMETRIC_REPRESENTATION_CONTEXT(2) 
PARAMETRIC_REPRESENTATION_CONTEXT() REPRESENTATION_CONTEXT('2D SPACE',''
  ) );
#2210 = ORIENTED_EDGE('',*,*,#2161,.F.);
#2211 = ORIENTED_EDGE('',*,*,#2131,.F.);
#2212 = ADVANCED_FACE('',(#2213),#2118,.T.);
#2213 = FACE_BOUND('',#2214,.T.);
#2214 = EDGE_LOOP('',(#2215));
#2215 = ORIENTED_EDGE('',*,*,#2103,.T.);
#2216 = ADVANCED_FACE('',(#2217),#2199,.F.);
#2217 = FACE_BOUND('',#2218,.F.);
#2218 = EDGE_LOOP('',(#2219));
#2219 = ORIENTED_EDGE('',*,*,#2184,.T.);
#2220 = ( GEOMETRIC_REPRESENTATION_CONTEXT(3) 
GLOBAL_UNCERTAINTY_ASSIGNED_CONTEXT((#2224)) 
GLOBAL_UNIT_ASSIGNED_CONTEXT((#2221,#2222,#2223)) REPRESENTATION_CONTEXT
('Context #1','3D Context with UNIT and UNCERTAINTY') );
#2221 = ( LENGTH_UNIT() NAMED_UNIT(*) SI_UNIT(.MILLI.,.METRE.) );
#2222 = ( NAMED_UNIT(*) PLANE_ANGLE_UNIT() SI_UNIT($,.RADIAN.) );
#2223 = ( NAMED_UNIT(*) SI_UNIT($,.STERADIAN.) SOLID_ANGLE_UNIT() );
#2224 = UNCERTAINTY_MEASURE_WITH_UNIT(LENGTH_MEASURE(1.E-07),#2221,
  'distance_accuracy_value','confusion accuracy');
#2225 = CONTEXT_DEPENDENT_SHAPE_REPRESENTATION(#2226,#2228);
#2226 = ( REPRESENTATION_RELATIONSHIP('','',#2066,#10) 
REPRESENTATION_RELATIONSHIP_WITH_TRANSFORMATION(#2227) 
SHAPE_REPRESENTATION_RELATIONSHIP() );
#2227 = ITEM_DEFINED_TRANSFORMATION('','',#11,#27);
#2228 = PRODUCT_DEFINITION_SHAPE('Placement','Placement of an item',
  #2229);
#2229 = NEXT_ASSEMBLY_USAGE_OCCURRENCE('44','','',#5,#2061,$);
#2230 = CC_DESIGN_SECURITY_CLASSIFICATION(#2231,(#2229));
#2231 = SECURITY_CLASSIFICATION('','',#51);
#2232 = CC_DESIGN_PERSON_AND_ORGANIZATION_ASSIGNMENT(#40,#49,(#2231));
#2233 = CC_DESIGN_DATE_AND_TIME_ASSIGNMENT(#54,#60,(#2231));
#2234 = CC_DESIGN_APPROVAL(#62,(#2231));
#2235 = PRODUCT_RELATED_PRODUCT_CATEGORY('detail',$,(#2063));
#2236 = PRODUCT_CATEGORY_RELATIONSHIP('','',#2237,#2235);
#2237 = PRODUCT_CATEGORY('part',$);
#2238 = CC_DESIGN_PERSON_AND_ORGANIZATION_ASSIGNMENT(#40,#43,(#2062,
    #2061));
#2239 = CC_DESIGN_PERSON_AND_ORGANIZATION_ASSIGNMENT(#40,#45,(#2063));
#2240 = CC_DESIGN_PERSON_AND_ORGANIZATION_ASSIGNMENT(#40,#47,(#2062));
#2241 = CC_DESIGN_PERSON_AND_ORGANIZATION_ASSIGNMENT(#40,#49,(#2242));
#2242 = SECURITY_CLASSIFICATION('','',#51);
#2243 = CC_DESIGN_SECURITY_CLASSIFICATION(#2242,(#2062));
#2244 = CC_DESIGN_DATE_AND_TIME_ASSIGNMENT(#54,#58,(#2061));
#2245 = CC_DESIGN_DATE_AND_TIME_ASSIGNMENT(#54,#60,(#2242));
#2246 = CC_DESIGN_APPROVAL(#62,(#2062,#2061,#2242));
ENDSEC;
END-ISO-10303-21;
